record,error,threshold,label
53,0.0189504837,0.0006202863,0
57,0.0016877362,0.0006202863,0
58,0.0016877362,0.0006202863,0
65,0.0042634591,0.0006202863,0
66,0.0042634591,0.0006202863,0
69,0.0213128742,0.0006202863,0
75,0.0029011455,0.0006202863,0
84,0.0011231505,0.0006202863,0
97,0.0208620834,0.0006202863,0
100,0.0201599148,0.0006202863,0
103,0.0098041399,0.0006202863,0
105,0.0014446568,0.0006202863,0
108,0.0133232726,0.0006202863,0
111,0.0035581810,0.0006202863,0
113,0.0232895285,0.0006202863,0
117,0.0006723395,0.0006202863,0
120,0.0008772634,0.0006202863,0
123,0.0008522953,0.0006202863,0
129,0.0007258502,0.0006202863,0
132,0.0006629299,0.0006202863,0
137,0.0267993949,0.0006202863,0
140,0.0132887952,0.0006202863,0
152,0.0006825327,0.0006202863,0
157,0.0019760875,0.0006202863,0
158,0.0009045569,0.0006202863,0
159,0.0008465849,0.0006202863,0
160,0.0040536342,0.0006202863,0
162,0.0228913459,0.0006202863,0
164,0.0007997482,0.0006202863,0
168,0.0231456741,0.0006202863,0
169,0.0008465849,0.0006202863,0
170,0.0063071259,0.0006202863,0
184,0.0007014205,0.0006202863,0
200,0.0012433190,0.0006202863,0
202,0.0023767519,0.0006202863,0
204,0.0033854672,0.0006202863,0
207,0.0048932774,0.0006202863,0
209,0.0077488328,0.0006202863,0
239,0.0032907347,0.0006202863,0
242,0.0082552077,0.0006202863,0
244,0.0009719580,0.0006202863,0
247,0.0011448677,0.0006202863,0
274,0.0016938142,0.0006202863,0
276,0.0175688130,0.0006202863,0
279,0.0033094653,0.0006202863,0
282,0.0009901328,0.0006202863,0
296,0.0009469487,0.0006202863,0
321,0.0030827575,0.0006202863,0
333,0.0011046252,0.0006202863,0
335,0.0052985974,0.0006202863,0
356,0.0022826356,0.0006202863,0
359,0.0037398731,0.0006202863,0
361,0.0049628294,0.0006202863,0
362,0.0102211505,0.0006202863,0
363,0.0053989186,0.0006202863,0
364,0.0058547140,0.0006202863,0
365,0.0029989609,0.0006202863,0
367,0.0014038624,0.0006202863,0
373,0.0013463913,0.0006202863,0
374,0.0013028752,0.0006202863,0
376,0.0016361386,0.0006202863,0
379,0.0029091427,0.0006202863,0
380,0.0024081285,0.0006202863,0
403,0.0006604135,0.0006202863,0
404,0.0040757254,0.0006202863,0
410,0.0056065113,0.0006202863,0
411,0.0025704511,0.0006202863,0
412,0.0035694498,0.0006202863,0
428,0.0035155748,0.0006202863,0
429,0.0058103448,0.0006202863,0
431,0.0008972558,0.0006202863,0
432,0.0038598230,0.0006202863,0
434,0.0048951801,0.0006202863,0
436,0.0062625636,0.0006202863,0
437,0.0056528327,0.0006202863,0
438,0.0129107319,0.0006202863,0
439,0.0055688426,0.0006202863,0
440,0.0234459713,0.0006202863,0
441,0.0052540522,0.0006202863,0
442,0.0054824785,0.0006202863,0
444,0.0060701446,0.0006202863,0
445,0.0060200823,0.0006202863,0
448,0.0007025856,0.0006202863,0
450,0.0010713926,0.0006202863,0
451,0.0018439777,0.0006202863,0
461,0.0020877135,0.0006202863,0
463,0.0025130852,0.0006202863,0
464,0.0021647740,0.0006202863,0
466,0.0040282971,0.0006202863,0
480,0.0007060020,0.0006202863,0
489,0.0027348503,0.0006202863,0
492,0.0154652120,0.0006202863,0
494,0.0057773373,0.0006202863,0
495,0.0035809919,0.0006202863,0
496,0.0222894361,0.0006202863,0
497,0.0055129655,0.0006202863,0
498,0.0015827495,0.0006202863,0
499,0.0014079044,0.0006202863,0
500,0.0013759265,0.0006202863,0
501,0.0017399364,0.0006202863,0
502,0.0021452163,0.0006202863,0
503,0.0030522766,0.0006202863,0
504,0.0192266519,0.0006202863,0
505,0.0043428765,0.0006202863,0
507,0.0011186086,0.0006202863,0
510,0.0037604355,0.0006202863,0
517,0.0022459408,0.0006202863,0
519,0.0022390321,0.0006202863,0
521,0.0022022531,0.0006202863,0
523,0.0043629025,0.0006202863,0
527,0.0008958413,0.0006202863,0
529,0.0014271222,0.0006202863,0
531,0.0012483165,0.0006202863,0
532,0.0016740165,0.0006202863,0
534,0.0028612652,0.0006202863,0
536,0.0043200266,0.0006202863,0
545,0.0061889260,0.0006202863,0
547,0.0022390321,0.0006202863,0
549,0.0058547140,0.0006202863,0
550,0.0038973819,0.0006202863,0
551,0.0032518072,0.0006202863,0
554,0.0048814889,0.0006202863,0
556,0.0214784203,0.0006202863,0
559,0.0006712756,0.0006202863,0
563,0.0026116110,0.0006202863,0
599,0.0006788279,0.0006202863,0
602,0.0037344259,0.0006202863,0
605,0.0020874466,0.0006202863,0
608,0.0020328684,0.0006202863,0
610,0.0009306850,0.0006202863,0
622,0.0023138408,0.0006202863,0
625,0.0054397505,0.0006202863,0
653,0.0189034244,0.0006202863,0
660,0.0019510025,0.0006202863,0
670,0.0008950796,0.0006202863,0
674,0.0058402214,0.0006202863,0
677,0.0029938014,0.0006202863,0
680,0.0127978818,0.0006202863,0
682,0.0084659153,0.0006202863,0
689,0.0022122434,0.0006202863,0
712,0.0008380082,0.0006202863,0
716,0.0047636545,0.0006202863,0
718,0.0021474943,0.0006202863,0
720,0.0009865865,0.0006202863,0
735,0.0026424403,0.0006202863,0
737,0.0015627322,0.0006202863,0
739,0.0009631886,0.0006202863,0
743,0.0014248194,0.0006202863,0
746,0.0042634537,0.0006202863,0
748,0.0042634692,0.0006202863,0
763,0.0009787113,0.0006202863,0
765,0.0006265025,0.0006202863,0
768,0.0037737895,0.0006202863,0
769,0.0024037255,0.0006202863,0
771,0.0045402314,0.0006202863,0
774,0.0021880361,0.0006202863,0
797,0.0137585228,0.0006202863,0
845,0.0019221607,0.0006202863,0
848,0.0089962795,0.0006202863,0
857,0.0031576608,0.0006202863,0
863,0.0392884567,0.0006202863,0
869,0.0026296695,0.0006202863,0
897,0.0020630626,0.0006202863,0
899,0.0049833311,0.0006202863,0
900,0.0386728390,0.0006202863,0
967,0.0014258732,0.0006202863,0
968,0.0009156416,0.0006202863,0
986,0.0006317208,0.0006202863,0
990,0.0059335313,0.0006202863,0
1050,0.0033097042,0.0006202863,0
1067,0.0107884372,0.0006202863,0
1070,0.0006284214,0.0006202863,0
1088,0.0013554996,0.0006202863,0
1092,0.0020954118,0.0006202863,0
1094,0.0035254115,0.0006202863,0
1096,0.0038310025,0.0006202863,0
1097,0.0018958130,0.0006202863,0
1117,0.0076038727,0.0006202863,0
1118,0.0043698539,0.0006202863,0
1120,0.0035469637,0.0006202863,0
1121,0.0009551014,0.0006202863,0
1122,0.0031579610,0.0006202863,0
1123,0.0044118709,0.0006202863,0
1143,0.0006562758,0.0006202863,0
1145,0.0021420331,0.0006202863,0
1146,0.0013977924,0.0006202863,0
1148,0.0015628109,0.0006202863,0
1149,0.0030836839,0.0006202863,0
1151,0.0021494576,0.0006202863,0
1152,0.0040867962,0.0006202863,0
1154,0.0014613607,0.0006202863,0
1158,0.0041565156,0.0006202863,0
1161,0.0077313633,0.0006202863,0
1164,0.0148560115,0.0006202863,0
1167,0.0009475076,0.0006202863,0
1188,0.0012574226,0.0006202863,0
1198,0.0011411689,0.0006202863,0
1204,0.0176633817,0.0006202863,0
1207,0.0025651136,0.0006202863,0
1211,0.0024530402,0.0006202863,0
1231,0.0039729371,0.0006202863,0
1232,0.0027965275,0.0006202863,0
1233,0.0030508447,0.0006202863,0
1239,0.0020050078,0.0006202863,0
1240,0.0023675954,0.0006202863,0
1244,0.0008889202,0.0006202863,0
1253,0.0009241259,0.0006202863,0
1255,0.0007652498,0.0006202863,0
1311,0.0042637771,0.0006202863,0
1313,0.0018285260,0.0006202863,0
1314,0.0044904851,0.0006202863,0
1323,0.0211411920,0.0006202863,0
1327,0.0023438056,0.0006202863,0
1329,0.0014839757,0.0006202863,0
1341,0.0006267985,0.0006202863,0
1351,0.0211411920,0.0006202863,0
1354,0.0006214314,0.0006202863,0
1361,0.0023713651,0.0006202863,0
1370,0.0043151826,0.0006202863,0
1372,0.0014209986,0.0006202863,0
1374,0.0010583427,0.0006202863,0
1393,0.0033913446,0.0006202863,0
1408,0.0006232245,0.0006202863,0
1409,0.0042375037,0.0006202863,0
1411,0.0014416338,0.0006202863,0
1419,0.0025418224,0.0006202863,0
1425,0.0025378845,0.0006202863,0
1446,0.0043890438,0.0006202863,0
1461,0.0011464065,0.0006202863,0
1464,0.0011146469,0.0006202863,0
1466,0.0010529067,0.0006202863,0
1469,0.0007133495,0.0006202863,0
1471,0.0032778368,0.0006202863,0
1475,0.0065087331,0.0006202863,0
1479,0.0008888883,0.0006202863,0
1480,0.0023882319,0.0006202863,0
1482,0.0007374529,0.0006202863,0
1484,0.0028108982,0.0006202863,0
1485,0.0010627904,0.0006202863,0
1490,0.0123431021,0.0006202863,0
1491,0.0074704987,0.0006202863,0
1493,0.0014530407,0.0006202863,0
1495,0.0070254434,0.0006202863,0
1502,0.0045533385,0.0006202863,0
1504,0.0013218853,0.0006202863,0
1507,0.0020561132,0.0006202863,0
1510,0.0014184424,0.0006202863,0
1511,0.0023074310,0.0006202863,0
1512,0.0031572020,0.0006202863,0
1515,0.0043921127,0.0006202863,0
1526,0.0042873977,0.0006202863,0
1531,0.0021067101,0.0006202863,0
1533,0.0037307110,0.0006202863,0
1534,0.0037119570,0.0006202863,0
1536,0.0008512933,0.0006202863,0
1538,0.0101388326,0.0006202863,0
1539,0.0014626378,0.0006202863,0
1546,0.0008730682,0.0006202863,0
1547,0.0009318588,0.0006202863,0
1549,0.0012630355,0.0006202863,0
1554,0.0007704277,0.0006202863,0
1556,0.0015562956,0.0006202863,0
1559,0.0020415010,0.0006202863,0
1561,0.0131300716,0.0006202863,0
1563,0.0016781186,0.0006202863,0
1569,0.0187413993,0.0006202863,0
1575,0.0067029201,0.0006202863,0
1580,0.0012042275,0.0006202863,0
1581,0.0049191956,0.0006202863,0
1601,0.0041521910,0.0006202863,0
1602,0.0027444791,0.0006202863,0
1604,0.0006416969,0.0006202863,0
1613,0.0187413993,0.0006202863,0
1614,0.0013249524,0.0006202863,0
1615,0.0021528693,0.0006202863,0
1617,0.0037910809,0.0006202863,0
1618,0.0011705844,0.0006202863,0
1636,0.0087583769,0.0006202863,0
1637,0.0011400627,0.0006202863,0
1639,0.0121592341,0.0006202863,0
1640,0.0042631275,0.0006202863,0
1642,0.0015109678,0.0006202863,0
1643,0.0055595791,0.0006202863,0
1644,0.0008390906,0.0006202863,0
1645,0.0007112353,0.0006202863,0
1646,0.0102209600,0.0006202863,0
1648,0.0137735190,0.0006202863,0
1652,0.0007922761,0.0006202863,0
1678,0.0026007656,0.0006202863,0
1680,0.0007123640,0.0006202863,0
1681,0.0147510185,0.0006202863,0
1682,0.0052292261,0.0006202863,0
1683,0.0016931752,0.0006202863,0
1684,0.0331282366,0.0006202863,0
1685,0.0021990521,0.0006202863,0
1686,0.0033867614,0.0006202863,0
1698,0.0007209436,0.0006202863,0
1699,0.0022619069,0.0006202863,0
1731,0.0029853068,0.0006202863,0
1733,0.0030363978,0.0006202863,0
1745,0.0037577758,0.0006202863,0
1746,0.0029853068,0.0006202863,0
1748,0.0029651267,0.0006202863,0
1751,0.0057403191,0.0006202863,0
1753,0.0015841679,0.0006202863,0
1754,0.0043001590,0.0006202863,0
1767,0.0039100159,0.0006202863,0
1768,0.0013249789,0.0006202863,0
1769,0.0026935609,0.0006202863,0
1796,0.0026298985,0.0006202863,0
1797,0.0026960212,0.0006202863,0
1861,0.0015601049,0.0006202863,0
2004,0.0010273371,0.0006202863,0
2014,0.0006889154,0.0006202863,0
2068,0.0009068803,0.0006202863,0
2107,0.0006296672,0.0006202863,0
2179,0.0006508771,0.0006202863,0
2212,0.0006952378,0.0006202863,0
2221,0.0007629517,0.0006202863,0
2309,0.0006701570,0.0006202863,0
2314,0.0006837174,0.0006202863,0
2332,0.0006924676,0.0006202863,0
2344,0.0009069436,0.0006202863,0
2438,0.0006797362,0.0006202863,0
2509,0.0010550680,0.0006202863,0
2546,0.0006621031,0.0006202863,0
2573,0.0010629107,0.0006202863,0
2596,0.0006899757,0.0006202863,0
2609,0.0006550123,0.0006202863,0
2616,0.0015721214,0.0006202863,0
2706,0.0007871592,0.0006202863,0
2714,0.0006792377,0.0006202863,0
2726,0.0006309064,0.0006202863,0
2775,0.0009114172,0.0006202863,0
2793,0.0006416537,0.0006202863,0
2825,0.0006856897,0.0006202863,0
2851,0.0006913402,0.0006202863,0
2989,0.0006948034,0.0006202863,0
3075,0.0042777463,0.0006202863,0
3100,0.0015904519,0.0006202863,0
3129,0.0006837910,0.0006202863,0
3158,0.0042777463,0.0006202863,0
3202,0.0010546057,0.0006202863,0
3282,0.0006263623,0.0006202863,0
3286,0.0010612381,0.0006202863,0
3290,0.0006299779,0.0006202863,0
3291,0.0006923581,0.0006202863,0
3307,0.0010399256,0.0006202863,0
3401,0.0006940809,0.0006202863,0
3411,0.0008400761,0.0006202863,0
3443,0.0006457275,0.0006202863,0
3451,0.0007085432,0.0006202863,0
3485,0.0010237647,0.0006202863,0
3549,0.0039693194,0.0006202863,0
3606,0.0015343848,0.0006202863,0
3609,0.0006889672,0.0006202863,0
3654,0.0039639191,0.0006202863,0
3658,0.0006593688,0.0006202863,0
3667,0.0010639728,0.0006202863,0
3669,0.0006459277,0.0006202863,0
3713,0.0007127694,0.0006202863,0
3736,0.0008848875,0.0006202863,0
3737,0.0009361680,0.0006202863,0
3993,0.0010294579,0.0006202863,0
4037,0.0007775503,0.0006202863,0
4064,0.0015812443,0.0006202863,0
4078,0.0042634710,0.0006202863,0
4079,0.0042634541,0.0006202863,0
4106,0.0016286582,0.0006202863,0
4128,0.0016286582,0.0006202863,0
4160,0.0007123937,0.0006202863,0
4191,0.0006918078,0.0006202863,0
4201,0.0042634504,0.0006202863,0
4206,0.0042634498,0.0006202863,0
4299,0.0010068815,0.0006202863,0
4304,0.0009781967,0.0006202863,0
4364,0.0006503354,0.0006202863,0
4434,0.0007124325,0.0006202863,0
4502,0.0023955014,0.0006202863,0
4585,0.0024556089,0.0006202863,0
4587,0.0016052121,0.0006202863,0
4699,0.0006661010,0.0006202863,0
4711,0.0013153163,0.0006202863,0
4734,0.0010374715,0.0006202863,0
4749,0.0006614153,0.0006202863,0
4761,0.0017097305,0.0006202863,0
4770,0.0007127695,0.0006202863,0
4803,0.0009858334,0.0006202863,0
4810,0.0042634588,0.0006202863,0
4812,0.0042634596,0.0006202863,0
4832,0.0006294968,0.0006202863,0
4844,0.0006612277,0.0006202863,0
4851,0.0006608606,0.0006202863,0
4856,0.0006434641,0.0006202863,0
4857,0.0006618775,0.0006202863,0
4869,0.0006625933,0.0006202863,0
4894,0.0009083541,0.0006202863,0
4906,0.0006613794,0.0006202863,0
4911,0.0006619305,0.0006202863,0
4931,0.0012767143,0.0006202863,0
4939,0.0015596256,0.0006202863,0
4953,0.0006616782,0.0006202863,0
4961,0.0006764580,0.0006202863,0
4971,0.0006687959,0.0006202863,0
4990,0.0006621357,0.0006202863,0
5003,0.0006621700,0.0006202863,0
5006,0.0009088749,0.0006202863,0
5013,0.0010966859,0.0006202863,0
5038,0.0006626379,0.0006202863,0
5060,0.0006616420,0.0006202863,0
5065,0.0006619408,0.0006202863,0
5077,0.0007012023,0.0006202863,0
5105,0.0006608143,0.0006202863,0
5109,0.0017920360,0.0006202863,0
5110,0.0006608350,0.0006202863,0
5117,0.0006620432,0.0006202863,0
5124,0.0006945653,0.0006202863,0
5129,0.0007127692,0.0006202863,0
5143,0.0006621613,0.0006202863,0
5194,0.0006612823,0.0006202863,0
5199,0.0006667368,0.0006202863,0
5220,0.0006617624,0.0006202863,0
5232,0.0006611876,0.0006202863,0
5237,0.0006636624,0.0006202863,0
5239,0.0006936129,0.0006202863,0
5245,0.0006406097,0.0006202863,0
5265,0.0006619207,0.0006202863,0
5271,0.0006623334,0.0006202863,0
5285,0.0006443073,0.0006202863,0
5303,0.0009069684,0.0006202863,0
5313,0.0006621059,0.0006202863,0
5316,0.0039641481,0.0006202863,0
5326,0.0007215156,0.0006202863,0
5331,0.0006705485,0.0006202863,0
5332,0.0138268896,0.0006202863,0
5342,0.0010113072,0.0006202863,0
5345,0.0006607773,0.0006202863,0
5350,0.0015055544,0.0006202863,0
5353,0.0010459139,0.0006202863,0
5361,0.0006613483,0.0006202863,0
5378,0.0006616599,0.0006202863,0
5384,0.0006619380,0.0006202863,0
5389,0.0006619320,0.0006202863,0
5397,0.0006671955,0.0006202863,0
5412,0.0013763446,0.0006202863,0
5423,0.0006615716,0.0006202863,0
5428,0.0006670124,0.0006202863,0
5438,0.0006966677,0.0006202863,0
5462,0.0006609271,0.0006202863,0
5474,0.0010584314,0.0006202863,0
5504,0.0006615788,0.0006202863,0
5506,0.0006249995,0.0006202863,0
5510,0.0006635823,0.0006202863,0
5538,0.0006613253,0.0006202863,0
5540,0.0015258969,0.0006202863,0
5545,0.0006617035,0.0006202863,0
5561,0.0016322339,0.0006202863,0
5571,0.0006616494,0.0006202863,0
5578,0.0007127719,0.0006202863,0
5594,0.0009070754,0.0006202863,0
5614,0.0015867534,0.0006202863,0
5625,0.0006617225,0.0006202863,0
5633,0.0006616317,0.0006202863,0
5638,0.0006621995,0.0006202863,0
5648,0.0006616161,0.0006202863,0
5652,0.0006616854,0.0006202863,0
5665,0.0006882452,0.0006202863,0
5675,0.0006476191,0.0006202863,0
5676,0.0006618546,0.0006202863,0
5693,0.0006624820,0.0006202863,0
5707,0.0007125707,0.0006202863,0
5716,0.0329084833,0.0006202863,0
5717,0.0006573534,0.0006202863,0
5722,0.0138290502,0.0006202863,0
5726,0.0006619715,0.0006202863,0
5737,0.0009253424,0.0006202863,0
5738,0.0006608991,0.0006202863,0
5755,0.0007012517,0.0006202863,0
5760,0.0013550505,0.0006202863,0
5779,0.0006615440,0.0006202863,0
5784,0.0010016278,0.0006202863,0
5791,0.0006619141,0.0006202863,0
5801,0.0006624864,0.0006202863,0
5808,0.0006491665,0.0006202863,0
5818,0.0006619050,0.0006202863,0
5819,0.0006816720,0.0006202863,0
5824,0.0006620916,0.0006202863,0
5854,0.0007124033,0.0006202863,0
5861,0.0006619045,0.0006202863,0
5865,0.0055002475,0.0006202863,0
5901,0.0006612058,0.0006202863,0
5906,0.0006614231,0.0006202863,0
5907,0.0006446615,0.0006202863,0
5909,0.0006623546,0.0006202863,0
5910,0.0006639633,0.0006202863,0
5939,0.0014937933,0.0006202863,0
5951,0.0007420820,0.0006202863,0
5955,0.0006615511,0.0006202863,0
5958,0.0009074471,0.0006202863,0
5961,0.0006614359,0.0006202863,0
5973,0.0006831419,0.0006202863,0
5982,0.0007164054,0.0006202863,0
5991,0.0014442484,0.0006202863,0
6007,0.0006654936,0.0006202863,0
6009,0.0006451576,0.0006202863,0
6012,0.0006616386,0.0006202863,0
6045,0.0009075798,0.0006202863,0
6059,0.0007123827,0.0006202863,0
6063,0.0009029768,0.0006202863,0
6091,0.0040158848,0.0006202863,0
6106,0.0010380556,0.0006202863,0
6111,0.0006406115,0.0006202863,0
6208,0.0014935748,0.0006202863,0
6228,0.0010468697,0.0006202863,0
6234,0.0014935748,0.0006202863,0
6263,0.0006470364,0.0006202863,0
6299,0.0006697046,0.0006202863,0
6335,0.0010105339,0.0006202863,0
6395,0.0006514684,0.0006202863,0
6403,0.0010823967,0.0006202863,0
6413,0.0006679052,0.0006202863,0
6418,0.0011132167,0.0006202863,0
6423,0.0006212873,0.0006202863,0
6453,0.0006600750,0.0006202863,0
6466,0.0006478926,0.0006202863,0
6469,0.0008999749,0.0006202863,0
6491,0.0007127712,0.0006202863,0
6516,0.0006308910,0.0006202863,0
6610,0.0014487929,0.0006202863,0
6643,0.0007127688,0.0006202863,0
6655,0.0011107432,0.0006202863,0
6659,0.0006488971,0.0006202863,0
6665,0.0007508512,0.0006202863,0
6719,0.0138267171,0.0006202863,0
6733,0.0007010972,0.0006202863,0
6756,0.0007047861,0.0006202863,0
6768,0.0006620713,0.0006202863,0
6770,0.0180226498,0.0006202863,0
6792,0.0015384809,0.0006202863,0
6811,0.0009771085,0.0006202863,0
6812,0.0009289115,0.0006202863,0
6836,0.0009063489,0.0006202863,0
6851,0.0014766768,0.0006202863,0
6852,0.0006310814,0.0006202863,0
6864,0.0015720080,0.0006202863,0
6885,0.0006303042,0.0006202863,0
6928,0.0009105400,0.0006202863,0
6959,0.0006927123,0.0006202863,0
6963,0.0019525336,0.0006202863,0
6985,0.0014582223,0.0006202863,0
7033,0.0010354355,0.0006202863,0
7037,0.0006729077,0.0006202863,0
7052,0.0007122286,0.0006202863,0
7118,0.0007124011,0.0006202863,0
7123,0.0007124031,0.0006202863,0
7138,0.0007149661,0.0006202863,0
7139,0.0006320554,0.0006202863,0
7151,0.0009420284,0.0006202863,0
7218,0.0015101338,0.0006202863,0
7248,0.0009171180,0.0006202863,0
7256,0.0007020281,0.0006202863,0
7267,0.0006517555,0.0006202863,0
7279,0.0010673976,0.0006202863,0
7291,0.0006872648,0.0006202863,0
7327,0.0006631631,0.0006202863,0
7374,0.0006405571,0.0006202863,0
7379,0.0007124055,0.0006202863,0
7387,0.0302207116,0.0006202863,0
7408,0.0006437971,0.0006202863,0
7427,0.0009525320,0.0006202863,0
7461,0.0006951892,0.0006202863,0
7462,0.0010604729,0.0006202863,0
7479,0.0006295951,0.0006202863,0
7482,0.0042634640,0.0006202863,0
7487,0.0042634551,0.0006202863,0
7492,0.0006942286,0.0006202863,0
7547,0.0006810392,0.0006202863,0
7550,0.0010876202,0.0006202863,0
7552,0.0009220492,0.0006202863,0
7561,0.0020144821,0.0006202863,0
7568,0.0006363857,0.0006202863,0
7617,0.0180316499,0.0006202863,0
7618,0.0010550462,0.0006202863,0
7628,0.0006384448,0.0006202863,0
7644,0.0009507474,0.0006202863,0
7698,0.0007127684,0.0006202863,0
7709,0.0006210497,0.0006202863,0
7714,0.0007127684,0.0006202863,0
7724,0.0009918575,0.0006202863,0
7756,0.0006917902,0.0006202863,0
7761,0.0039643390,0.0006202863,0
7842,0.0006914328,0.0006202863,0
7861,0.0006899359,0.0006202863,0
7871,0.0010507168,0.0006202863,0
7878,0.0006767851,0.0006202863,0
7898,0.0009210711,0.0006202863,0
7942,0.0006915686,0.0006202863,0
7955,0.0006488698,0.0006202863,0
7995,0.0009628004,0.0006202863,0
8025,0.0006277322,0.0006202863,0
8052,0.0015175713,0.0006202863,0
8078,0.0014932787,0.0006202863,0
8107,0.0011296007,0.0006202863,0
8140,0.0011147069,0.0006202863,0
8195,0.0006892432,0.0006202863,0
8203,0.0015424945,0.0006202863,0
8215,0.0015428316,0.0006202863,0
8221,0.0007127711,0.0006202863,0
8234,0.0006972539,0.0006202863,0
8235,0.0010224814,0.0006202863,0
8277,0.0006650906,0.0006202863,0
8281,0.0007127677,0.0006202863,0
8293,0.0138275626,0.0006202863,0
8301,0.0006838856,0.0006202863,0
8312,0.0015746631,0.0006202863,0
8320,0.0006798596,0.0006202863,0
8359,0.0010217999,0.0006202863,0
8395,0.0010601237,0.0006202863,0
8396,0.0006891624,0.0006202863,0
8399,0.0006460175,0.0006202863,0
8462,0.0180697381,0.0006202863,0
8464,0.0039711240,0.0006202863,0
8465,0.0006508683,0.0006202863,0
8493,0.0007713852,0.0006202863,0
8499,0.0006309194,0.0006202863,0
8516,0.0010054309,0.0006202863,0
8576,0.0016127409,0.0006202863,0
8621,0.0007123839,0.0006202863,0
8633,0.0006279955,0.0006202863,0
8654,0.0042634566,0.0006202863,0
8656,0.0042634569,0.0006202863,0
8708,0.0014695730,0.0006202863,0
8722,0.0007060419,0.0006202863,0
8755,0.0006627645,0.0006202863,0
8761,0.0006834013,0.0006202863,0
8799,0.0105300492,0.0006202863,0
8833,0.0006325170,0.0006202863,0
8835,0.0011456676,0.0006202863,0
8861,0.0006732991,0.0006202863,0
8880,0.0007525653,0.0006202863,0
8905,0.0006375997,0.0006202863,0
8918,0.0006211270,0.0006202863,0
8962,0.0007028956,0.0006202863,0
8975,0.0010014122,0.0006202863,0
8986,0.0007124031,0.0006202863,0
8994,0.0006850592,0.0006202863,0
8995,0.0006889514,0.0006202863,0
9004,0.0010216938,0.0006202863,0
9018,0.0008545142,0.0006202863,0
9028,0.0006406991,0.0006202863,0
9033,0.0015405901,0.0006202863,0
9039,0.0006496940,0.0006202863,0
9041,0.0009308178,0.0006202863,0
9053,0.0006947903,0.0006202863,0
9090,0.0006680813,0.0006202863,0
9100,0.0006430336,0.0006202863,0
9151,0.0006785048,0.0006202863,0
9158,0.0007455918,0.0006202863,0
9170,0.0010264469,0.0006202863,0
9190,0.0007105747,0.0006202863,0
9203,0.0016727690,0.0006202863,0
9304,0.0015576686,0.0006202863,0
9321,0.0006853801,0.0006202863,0
9322,0.0009089712,0.0006202863,0
9324,0.0006438342,0.0006202863,0
9417,0.0010165267,0.0006202863,0
9453,0.0006303552,0.0006202863,0
9461,0.0007143292,0.0006202863,0
9465,0.0008011707,0.0006202863,0
9476,0.0009167099,0.0006202863,0
9578,0.0010230408,0.0006202863,0
9590,0.0009115836,0.0006202863,0
9603,0.0006824217,0.0006202863,0
9612,0.0194870991,0.0006202863,0
9632,0.0006707879,0.0006202863,0
9647,0.0010536284,0.0006202863,0
9650,0.0007124024,0.0006202863,0
9652,0.0007193400,0.0006202863,0
9715,0.0006770461,0.0006202863,0
9728,0.0015570858,0.0006202863,0
9737,0.0006226833,0.0006202863,0
9740,0.0014070366,0.0006202863,0
9803,0.0006936350,0.0006202863,0
9841,0.0007215143,0.0006202863,0
9876,0.0014792854,0.0006202863,0
9892,0.0006820109,0.0006202863,0
9903,0.0006485347,0.0006202863,0
9915,0.0009475807,0.0006202863,0
9921,0.0007079779,0.0006202863,0
9956,0.0006353736,0.0006202863,0
9958,0.0008491634,0.0006202863,0
10084,0.0007127732,0.0006202863,0
10116,0.0302194297,0.0006202863,0
10188,0.0008004060,0.0006202863,0
10230,0.0006791144,0.0006202863,0
10295,0.0010567880,0.0006202863,0
10300,0.0006408620,0.0006202863,0
10352,0.0006389282,0.0006202863,0
10355,0.0008155154,0.0006202863,0
10363,0.0016075845,0.0006202863,0
10376,0.0017028526,0.0006202863,0
10390,0.0010915763,0.0006202863,0
10397,0.0007778313,0.0006202863,0
10411,0.0006714534,0.0006202863,0
10419,0.0009865659,0.0006202863,0
10432,0.0138267112,0.0006202863,0
10490,0.0006324156,0.0006202863,0
10533,0.0015952713,0.0006202863,0
10543,0.0007693060,0.0006202863,0
10562,0.0006350886,0.0006202863,0
10581,0.0008991291,0.0006202863,0
10588,0.0010145232,0.0006202863,0
10617,0.0010520756,0.0006202863,0
10642,0.0007899590,0.0006202863,0
10660,0.0006811727,0.0006202863,0
10665,0.0010429047,0.0006202863,0
10668,0.0006227949,0.0006202863,0
10735,0.0011231822,0.0006202863,0
10754,0.0006716875,0.0006202863,0
10925,0.0007225919,0.0006202863,0
10927,0.0016373618,0.0006202863,0
10938,0.0006817285,0.0006202863,0
10979,0.0011338182,0.0006202863,0
11037,0.0011144049,0.0006202863,0
11078,0.0014529831,0.0006202863,0
11099,0.0006704889,0.0006202863,0
11107,0.0016549383,0.0006202863,0
11180,0.0006582396,0.0006202863,0
11193,0.0016096158,0.0006202863,0
11208,0.0006890287,0.0006202863,0
11223,0.0006770174,0.0006202863,0
11237,0.0010639814,0.0006202863,0
11239,0.0006881384,0.0006202863,0
11244,0.0007017835,0.0006202863,0
11263,0.0007724589,0.0006202863,0
11300,0.0008751066,0.0006202863,0
11358,0.0010183104,0.0006202863,0
11383,0.0008158137,0.0006202863,0
11469,0.0010094076,0.0006202863,0
11478,0.0006790947,0.0006202863,0
11511,0.0007495633,0.0006202863,0
11537,0.0006969466,0.0006202863,0
11548,0.0016223573,0.0006202863,0
11601,0.0006853598,0.0006202863,0
11621,0.0010076964,0.0006202863,0
11625,0.0212544696,0.0006202863,0
11640,0.0007020040,0.0006202863,0
11648,0.0007493756,0.0006202863,0
11655,0.0006551900,0.0006202863,0
11660,0.0006848907,0.0006202863,0
11667,0.0007493756,0.0006202863,0
11701,0.0006730146,0.0006202863,0
11717,0.0015160065,0.0006202863,0
11725,0.0009867583,0.0006202863,0
11749,0.0007639847,0.0006202863,0
11769,0.0042634551,0.0006202863,0
11771,0.0042634551,0.0006202863,0
11788,0.0010528754,0.0006202863,0
11799,0.0039638522,0.0006202863,0
11810,0.0006231821,0.0006202863,0
11841,0.0006468771,0.0006202863,0
11883,0.0014762238,0.0006202863,0
11904,0.0006826080,0.0006202863,0
11979,0.0015296178,0.0006202863,0
11988,0.0007087673,0.0006202863,0
12010,0.0006845187,0.0006202863,0
12015,0.0006303627,0.0006202863,0
12019,0.0006822901,0.0006202863,0
12025,0.0007016986,0.0006202863,0
12049,0.0006447247,0.0006202863,0
12075,0.0006796542,0.0006202863,0
12109,0.0010498226,0.0006202863,0
12139,0.0006922459,0.0006202863,0
12197,0.0007029722,0.0006202863,0
12207,0.0006591109,0.0006202863,0
12244,0.0007137078,0.0006202863,0
12248,0.0006701780,0.0006202863,0
12259,0.0006798124,0.0006202863,0
12280,0.0006578985,0.0006202863,0
12286,0.0009878519,0.0006202863,0
12297,0.0010867368,0.0006202863,0
12404,0.0006377170,0.0006202863,0
12405,0.0010099550,0.0006202863,0
12413,0.0006547129,0.0006202863,0
12440,0.0006867682,0.0006202863,0
12468,0.0006896307,0.0006202863,0
12493,0.0006880633,0.0006202863,0
12507,0.0014431679,0.0006202863,0
12583,0.0010569299,0.0006202863,0
12642,0.0010544820,0.0006202863,0
12657,0.0006262078,0.0006202863,0
12677,0.0006729064,0.0006202863,0
12692,0.0006962642,0.0006202863,0
12696,0.0010539195,0.0006202863,0
12699,0.0011240489,0.0006202863,0
12754,0.0016280218,0.0006202863,0
12760,0.0006879814,0.0006202863,0
12784,0.0006310828,0.0006202863,0
12890,0.0006640400,0.0006202863,0
12899,0.0012516862,0.0006202863,0
12916,0.0014930675,0.0006202863,0
12917,0.0015568172,0.0006202863,0
12969,0.0021073314,0.0006202863,0
12987,0.0016429533,0.0006202863,0
12995,0.0042634695,0.0006202863,0
12997,0.0042634659,0.0006202863,0
13000,0.0245867942,0.0006202863,0
13005,0.0010467161,0.0006202863,0
13015,0.0006805474,0.0006202863,0
13035,0.0008226168,0.0006202863,0
13060,0.0014240416,0.0006202863,0
13091,0.0006295312,0.0006202863,0
13128,0.0006813419,0.0006202863,0
13137,0.0006704068,0.0006202863,0
13218,0.0042634474,0.0006202863,0
13220,0.0042634479,0.0006202863,0
13224,0.0016590645,0.0006202863,0
13265,0.0010361391,0.0006202863,0
13274,0.0009418708,0.0006202863,0
13301,0.0245842561,0.0006202863,0
13306,0.0015039438,0.0006202863,0
13328,0.0010706485,0.0006202863,0
13335,0.0015422553,0.0006202863,0
13369,0.0008272988,0.0006202863,0
13516,0.0017150005,0.0006202863,0
13538,0.0009331639,0.0006202863,0
13548,0.0039643438,0.0006202863,0
13565,0.0006797001,0.0006202863,0
13598,0.0006443029,0.0006202863,0
13607,0.0010898251,0.0006202863,0
13680,0.0006935242,0.0006202863,0
13727,0.0010029253,0.0006202863,0
13741,0.0009366282,0.0006202863,0
13778,0.0006556231,0.0006202863,0
13800,0.0009754516,0.0006202863,0
13811,0.0014634117,0.0006202863,0
13865,0.0007083545,0.0006202863,0
13870,0.0008308080,0.0006202863,0
13885,0.0007562606,0.0006202863,0
13889,0.0006827090,0.0006202863,0
13892,0.0013456633,0.0006202863,0
13908,0.0015073177,0.0006202863,0
13916,0.0006695596,0.0006202863,0
13919,0.0006766386,0.0006202863,0
13949,0.0010219006,0.0006202863,0
13966,0.0010168473,0.0006202863,0
13979,0.0006316660,0.0006202863,0
13985,0.0014640272,0.0006202863,0
14001,0.0014012125,0.0006202863,0
14027,0.0006936372,0.0006202863,0
14034,0.0013450264,0.0006202863,0
14045,0.0006853899,0.0006202863,0
14059,0.0007196955,0.0006202863,0
14093,0.0007883719,0.0006202863,0
14099,0.0006620097,0.0006202863,0
14120,0.0008623633,0.0006202863,0
14151,0.0009264843,0.0006202863,0
14183,0.0015719545,0.0006202863,0
14189,0.0010255831,0.0006202863,0
14231,0.0009255144,0.0006202863,0
14253,0.0007564191,0.0006202863,0
14255,0.0006549496,0.0006202863,0
14261,0.0010425380,0.0006202863,0
14299,0.0014651255,0.0006202863,0
14312,0.0016691224,0.0006202863,0
14324,0.0006803312,0.0006202863,0
14367,0.0009927796,0.0006202863,0
14368,0.0007465517,0.0006202863,0
14373,0.0006946306,0.0006202863,0
14378,0.0006247689,0.0006202863,0
14405,0.0007237384,0.0006202863,0
14458,0.0007772491,0.0006202863,0
14460,0.0009642563,0.0006202863,0
14535,0.0006596561,0.0006202863,0
14557,0.0009536116,0.0006202863,0
14563,0.0006609121,0.0006202863,0
14621,0.0007276962,0.0006202863,0
14679,0.0014537353,0.0006202863,0
14769,0.0014058564,0.0006202863,0
14797,0.0010366761,0.0006202863,0
14813,0.0010444241,0.0006202863,0
14847,0.0009592921,0.0006202863,0
14871,0.0009280579,0.0006202863,0
14879,0.0013077295,0.0006202863,0
14889,0.0009483400,0.0006202863,0
14909,0.0006871043,0.0006202863,0
14952,0.0029010190,0.0006202863,0
14980,0.0006963300,0.0006202863,0
15060,0.0016432340,0.0006202863,0
15064,0.0009949559,0.0006202863,0
15068,0.0006386332,0.0006202863,0
15077,0.0006386332,0.0006202863,0
15080,0.0006643429,0.0006202863,0
15126,0.0016877362,0.0006202863,0
15128,0.0016877362,0.0006202863,0
15161,0.0009973256,0.0006202863,0
15166,0.0042634576,0.0006202863,0
15169,0.0042634579,0.0006202863,0
15173,0.0194769887,0.0006202863,0
15181,0.0007690389,0.0006202863,0
15185,0.0010179206,0.0006202863,0
15192,0.0015436093,0.0006202863,0
15227,0.0013468450,0.0006202863,0
15231,0.0010867038,0.0006202863,0
15239,0.0007202764,0.0006202863,0
15255,0.0008237280,0.0006202863,0
15267,0.0008076749,0.0006202863,0
15276,0.0016397163,0.0006202863,0
15298,0.0138469611,0.0006202863,0
15300,0.0009719072,0.0006202863,0
15301,0.0011122645,0.0006202863,0
15338,0.0017854728,0.0006202863,0
15369,0.0016752522,0.0006202863,0
15381,0.0010549061,0.0006202863,0
15387,0.0014407856,0.0006202863,0
15393,0.0007182219,0.0006202863,0
15401,0.0013539795,0.0006202863,0
15412,0.0015300571,0.0006202863,0
15425,0.0021415640,0.0006202863,0
15438,0.0042634755,0.0006202863,0
15440,0.0042634783,0.0006202863,0
15449,0.0010225039,0.0006202863,0
15457,0.0016303635,0.0006202863,0
15467,0.0009859637,0.0006202863,0
15473,0.0009860083,0.0006202863,0
15477,0.0015279114,0.0006202863,0
15481,0.0007050627,0.0006202863,0
15487,0.0018357697,0.0006202863,0
15498,0.0009244470,0.0006202863,0
15510,0.0011129856,0.0006202863,0
15522,0.0085586793,0.0006202863,0
15532,0.0085255260,0.0006202863,0
15534,0.0088340259,0.0006202863,0
15535,0.0007082257,0.0006202863,0
15536,0.0087859781,0.0006202863,0
15544,0.0087428578,0.0006202863,0
15551,0.0088847027,0.0006202863,0
15553,0.0089232709,0.0006202863,0
15555,0.0086052609,0.0006202863,0
15557,0.0017851165,0.0006202863,0
15569,0.0012863914,0.0006202863,0
15571,0.0086506778,0.0006202863,0
15578,0.0086981619,0.0006202863,0
15596,0.0015303129,0.0006202863,0
15613,0.0013940510,0.0006202863,0
15629,0.0042634509,0.0006202863,0
15631,0.0042634509,0.0006202863,0
15633,0.0012436616,0.0006202863,0
15645,0.0010300539,0.0006202863,0
15650,0.0006365708,0.0006202863,0
15697,0.0007061561,0.0006202863,0
15796,0.0039693268,0.0006202863,0
15820,0.0010043624,0.0006202863,0
15832,0.0006940996,0.0006202863,0
15838,0.0039641700,0.0006202863,0
15841,0.0006294685,0.0006202863,0
15865,0.0012218941,0.0006202863,0
15878,0.0007947377,0.0006202863,0
15902,0.0009228983,0.0006202863,0
15915,0.0009428058,0.0006202863,0
15923,0.0007344505,0.0006202863,0
15938,0.0011094479,0.0006202863,0
15942,0.0006581522,0.0006202863,0
15966,0.0006275187,0.0006202863,0
15996,0.0016890452,0.0006202863,0
16003,0.0006817137,0.0006202863,0
16020,0.0011447315,0.0006202863,0
16055,0.0006889368,0.0006202863,0
16087,0.0008096915,0.0006202863,0
16124,0.0006942067,0.0006202863,0
16166,0.0007148410,0.0006202863,0
16182,0.0012286641,0.0006202863,0
16197,0.0012487105,0.0006202863,0
16227,0.0010745055,0.0006202863,0
16254,0.0010141258,0.0006202863,0
16262,0.0015163022,0.0006202863,0
16273,0.0006714398,0.0006202863,0
16289,0.0006937910,0.0006202863,0
16292,0.0245841729,0.0006202863,0
16337,0.0012313034,0.0006202863,0
16339,0.0006404617,0.0006202863,0
16344,0.0006729133,0.0006202863,0
16348,0.0015727477,0.0006202863,0
16360,0.0010926981,0.0006202863,0
16403,0.0009225697,0.0006202863,0
16466,0.0065075613,0.0006202863,0
16474,0.0006435942,0.0006202863,0
16507,0.0006346166,0.0006202863,0
16509,0.0006723034,0.0006202863,0
16528,0.0010339900,0.0006202863,0
16544,0.0010313748,0.0006202863,0
16557,0.0006879836,0.0006202863,0
16565,0.0006454497,0.0006202863,0
16588,0.0009620342,0.0006202863,0
16618,0.0016187712,0.0006202863,0
16672,0.0006879836,0.0006202863,0
16772,0.0007293651,0.0006202863,0
16830,0.0006614271,0.0006202863,0
16854,0.0006614271,0.0006202863,0
16879,0.0009329596,0.0006202863,0
16888,0.0006290811,0.0006202863,0
16935,0.0009997151,0.0006202863,0
16945,0.0006868962,0.0006202863,0
16982,0.0007657765,0.0006202863,0
17001,0.0015943239,0.0006202863,0
17023,0.0006968716,0.0006202863,0
17070,0.0009474260,0.0006202863,0
17107,0.0015940622,0.0006202863,0
17109,0.0010071770,0.0006202863,0
17147,0.0006986925,0.0006202863,0
17176,0.0006999325,0.0006202863,0
17228,0.0009529479,0.0006202863,0
17239,0.0007209716,0.0006202863,0
17264,0.0006464044,0.0006202863,0
17271,0.0007894860,0.0006202863,0
17280,0.0007960840,0.0006202863,0
17302,0.0067816937,0.0006202863,0
17308,0.0112286449,0.0006202863,0
17313,0.0006557157,0.0006202863,0
17368,0.0009816027,0.0006202863,0
17399,0.0007098169,0.0006202863,0
17402,0.0006816386,0.0006202863,0
17410,0.0013713462,0.0006202863,0
17450,0.0006654622,0.0006202863,0
17452,0.0010265616,0.0006202863,0
17479,0.0012852928,0.0006202863,0
17529,0.0006882555,0.0006202863,0
17551,0.0006225819,0.0006202863,0
17564,0.0006456817,0.0006202863,0
17600,0.0009210496,0.0006202863,0
17623,0.0015979518,0.0006202863,0
17649,0.0039708194,0.0006202863,0
17715,0.0010296122,0.0006202863,0
17747,0.0006231179,0.0006202863,0
17812,0.0268520939,0.0006202863,0
17839,0.0006319497,0.0006202863,0
17885,0.0006848800,0.0006202863,0
17890,0.0010459406,0.0006202863,0
17922,0.0007857013,0.0006202863,0
17953,0.0007107084,0.0006202863,0
18000,0.0007894453,0.0006202863,0
18023,0.0010513585,0.0006202863,0
18044,0.0042634571,0.0006202863,0
18046,0.0042634563,0.0006202863,0
18071,0.0013398140,0.0006202863,0
18086,0.0007036609,0.0006202863,0
18115,0.0010768736,0.0006202863,0
18118,0.0006676656,0.0006202863,0
18120,0.0007008497,0.0006202863,0
18127,0.0010768736,0.0006202863,0
18137,0.0006753068,0.0006202863,0
18188,0.0007261171,0.0006202863,0
18192,0.0007150840,0.0006202863,0
18227,0.0007004284,0.0006202863,0
18253,0.0010756284,0.0006202863,0
18262,0.0009003012,0.0006202863,0
18331,0.0010418415,0.0006202863,0
18346,0.0262987807,0.0006202863,0
18357,0.0006820687,0.0006202863,0
18406,0.0006780547,0.0006202863,0
18411,0.0006372661,0.0006202863,0
18419,0.0006266570,0.0006202863,0
18423,0.0006931980,0.0006202863,0
18471,0.0010819761,0.0006202863,0
18502,0.0015882414,0.0006202863,0
18550,0.0006837981,0.0006202863,0
18553,0.0006696897,0.0006202863,0
18660,0.0009905022,0.0006202863,0
18667,0.0006886520,0.0006202863,0
18718,0.0039640715,0.0006202863,0
18770,0.0006493798,0.0006202863,0
18825,0.0180409040,0.0006202863,0
18830,0.0007049860,0.0006202863,0
18852,0.0016313821,0.0006202863,0
18914,0.0017028526,0.0006202863,0
18929,0.0009413131,0.0006202863,0
18951,0.0008404721,0.0006202863,0
18971,0.0006672253,0.0006202863,0
19091,0.0009674070,0.0006202863,0
19112,0.0008026526,0.0006202863,0
19247,0.0012012700,0.0006202863,0
19321,0.0009451434,0.0006202863,0
19366,0.0010062207,0.0006202863,0
19412,0.0007961783,0.0006202863,0
19416,0.0039644840,0.0006202863,0
19441,0.0010086249,0.0006202863,0
19478,0.0006639163,0.0006202863,0
19489,0.0007864194,0.0006202863,0
19505,0.0006421831,0.0006202863,0
19516,0.0006609691,0.0006202863,0
19523,0.0009824731,0.0006202863,0
19526,0.0006754536,0.0006202863,0
19528,0.0007481622,0.0006202863,0
19529,0.0006633863,0.0006202863,0
19552,0.0006870865,0.0006202863,0
19568,0.0007638705,0.0006202863,0
19570,0.0011948212,0.0006202863,0
19587,0.0014116912,0.0006202863,0
19625,0.0006323570,0.0006202863,0
19628,0.0014987668,0.0006202863,0
19775,0.0008899512,0.0006202863,0
19776,0.0006531070,0.0006202863,0
19827,0.0042634526,0.0006202863,0
19829,0.0007596727,0.0006202863,0
19830,0.0042634530,0.0006202863,0
19844,0.0042634827,0.0006202863,0
19845,0.0042634587,0.0006202863,0
19925,0.0007073434,0.0006202863,0
19930,0.0138465428,0.0006202863,0
20001,0.0009968106,0.0006202863,0
20154,0.0097680512,0.0006202863,0
20187,0.0010103257,0.0006202863,0
20214,0.0007357448,0.0006202863,0
20227,0.0006852762,0.0006202863,0
20239,0.0008357636,0.0006202863,0
20242,0.0006397264,0.0006202863,0
20247,0.0006476290,0.0006202863,0
20255,0.0006496264,0.0006202863,0
20266,0.0010283509,0.0006202863,0
20272,0.0006212077,0.0006202863,0
20275,0.0006852556,0.0006202863,0
20279,0.0006812967,0.0006202863,0
20296,0.0008192210,0.0006202863,0
20305,0.0010548281,0.0006202863,0
20338,0.0143276263,0.0006202863,0
20364,0.0007112024,0.0006202863,0
20394,0.0006215594,0.0006202863,0
20396,0.0009144340,0.0006202863,0
20412,0.0006886107,0.0006202863,0
20444,0.0006921789,0.0006202863,0
20445,0.0006391943,0.0006202863,0
20461,0.0006396130,0.0006202863,0
20490,0.0006231373,0.0006202863,0
20496,0.0006247782,0.0006202863,0
20502,0.0010202829,0.0006202863,0
20565,0.0006796049,0.0006202863,0
20596,0.0006728373,0.0006202863,0
20608,0.0009750937,0.0006202863,0
20622,0.0009385077,0.0006202863,0
20654,0.0010000933,0.0006202863,0
20723,0.0007113886,0.0006202863,0
20753,0.0006621575,0.0006202863,0
20772,0.0006447924,0.0006202863,0
20780,0.0006328993,0.0006202863,0
20802,0.0010246738,0.0006202863,0
20826,0.0180705627,0.0006202863,0
20833,0.0006938934,0.0006202863,0
20854,0.0007124326,0.0006202863,0
20866,0.0015452189,0.0006202863,0
20891,0.0017873467,0.0006202863,0
20897,0.0006548476,0.0006202863,0
20919,0.0006694724,0.0006202863,0
20925,0.0015513957,0.0006202863,0
20942,0.0017861546,0.0006202863,0
20968,0.0013025011,0.0006202863,0
20986,0.0006944541,0.0006202863,0
21050,0.0010737870,0.0006202863,0
21056,0.0007020135,0.0006202863,0
21080,0.0013450990,0.0006202863,0
21105,0.0006898589,0.0006202863,0
21107,0.0006272573,0.0006202863,0
21120,0.0006425489,0.0006202863,0
21181,0.0006926663,0.0006202863,0
21248,0.0039686884,0.0006202863,0
21254,0.0010397903,0.0006202863,0
21275,0.0011915288,0.0006202863,0
21355,0.0006504574,0.0006202863,0
21361,0.0162713246,0.0006202863,0
21373,0.0006832880,0.0006202863,0
21418,0.0010672370,0.0006202863,0
21427,0.0008371304,0.0006202863,0
21488,0.0042634504,0.0006202863,0
21489,0.0042634498,0.0006202863,0
21533,0.0011912296,0.0006202863,0
21541,0.0006817120,0.0006202863,0
21560,0.0006827066,0.0006202863,0
21660,0.0006512803,0.0006202863,0
21664,0.0015041532,0.0006202863,0
21682,0.0010773221,0.0006202863,0
21720,0.0010717079,0.0006202863,0
21782,0.0006991432,0.0006202863,0
21826,0.0010522112,0.0006202863,0
21882,0.0015587670,0.0006202863,0
21890,0.0006819955,0.0006202863,0
21919,0.0006800723,0.0006202863,0
21920,0.0006315346,0.0006202863,0
21957,0.0010599842,0.0006202863,0
21959,0.0026401179,0.0006202863,0
21992,0.0009542812,0.0006202863,0
22068,0.0010374320,0.0006202863,0
22077,0.0006631861,0.0006202863,0
22114,0.0010520024,0.0006202863,0
22127,0.0016082995,0.0006202863,0
22183,0.0006926865,0.0006202863,0
22187,0.0008504905,0.0006202863,0
22202,0.0009270962,0.0006202863,0
22203,0.0010436701,0.0006202863,0
22209,0.0007720127,0.0006202863,0
22225,0.0006400593,0.0006202863,0
22233,0.0007191350,0.0006202863,0
22284,0.0010440908,0.0006202863,0
22291,0.0010597459,0.0006202863,0
22329,0.0032958017,0.0006202863,0
22330,0.0180723343,0.0006202863,0
22339,0.0034269269,0.0006202863,0
22369,0.0039641493,0.0006202863,0
22386,0.0006793420,0.0006202863,0
22392,0.0015901375,0.0006202863,0
22394,0.0015575047,0.0006202863,0
22406,0.0006617719,0.0006202863,0
22414,0.0007060611,0.0006202863,0
22432,0.0039643063,0.0006202863,0
22464,0.0007015153,0.0006202863,0
22501,0.0024800029,0.0006202863,0
22506,0.0006250172,0.0006202863,0
22520,0.0006841784,0.0006202863,0
22588,0.0006313950,0.0006202863,0
22628,0.0010606147,0.0006202863,0
22629,0.0006960427,0.0006202863,0
22632,0.0007017678,0.0006202863,0
22664,0.0007049381,0.0006202863,0
22684,0.0006851450,0.0006202863,0
22720,0.0007577841,0.0006202863,0
22747,0.0042634599,0.0006202863,0
22752,0.0042634586,0.0006202863,0
22764,0.0010011989,0.0006202863,0
22771,0.0042634582,0.0006202863,0
22773,0.0042634571,0.0006202863,0
22944,0.0009066484,0.0006202863,0
22959,0.0006716933,0.0006202863,0
22976,0.0006366990,0.0006202863,0
23023,0.0016922499,0.0006202863,0
23031,0.0143331707,0.0006202863,0
23067,0.0010537283,0.0006202863,0
23090,0.0006871907,0.0006202863,0
23101,0.0010514401,0.0006202863,0
23107,0.0165132575,0.0006202863,0
23173,0.0006888918,0.0006202863,0
23249,0.0009454631,0.0006202863,0
23323,0.0009500159,0.0006202863,0
23349,0.0010343470,0.0006202863,0
23364,0.0017028526,0.0006202863,0
23460,0.0010361240,0.0006202863,0
23461,0.0009276673,0.0006202863,0
23566,0.0006799465,0.0006202863,0
23604,0.0006910999,0.0006202863,0
23650,0.0009680595,0.0006202863,0
23683,0.0016739571,0.0006202863,0
23696,0.0016694964,0.0006202863,0
23714,0.0009752613,0.0006202863,0
23715,0.0006290470,0.0006202863,0
23761,0.0008089058,0.0006202863,0
23820,0.0009201797,0.0006202863,0
23841,0.0180392965,0.0006202863,0
23854,0.0164161022,0.0006202863,0
23856,0.0008534313,0.0006202863,0
23909,0.0016010129,0.0006202863,0
23919,0.0006900134,0.0006202863,0
23939,0.0009472561,0.0006202863,0
24004,0.0037635612,0.0006202863,0
24047,0.0009818879,0.0006202863,0
24132,0.0013920287,0.0006202863,0
24148,0.0010141512,0.0006202863,0
24180,0.0006899955,0.0006202863,0
24217,0.0007185020,0.0006202863,0
24247,0.0008541809,0.0006202863,0
24280,0.0009540471,0.0006202863,0
24290,0.0007226039,0.0006202863,0
24291,0.0143299902,0.0006202863,0
24320,0.0011891735,0.0006202863,0
24328,0.0008878199,0.0006202863,0
24334,0.0006644770,0.0006202863,0
24350,0.0008692145,0.0006202863,0
24361,0.0007916071,0.0006202863,0
24383,0.0166866943,0.0006202863,0
24394,0.0010773443,0.0006202863,0
24401,0.0011181293,0.0006202863,0
24410,0.0006612886,0.0006202863,0
24449,0.0016514565,0.0006202863,0
24456,0.0010267250,0.0006202863,0
24462,0.0009855143,0.0006202863,0
24500,0.0006889413,0.0006202863,0
24540,0.0009280715,0.0006202863,0
24552,0.0010670526,0.0006202863,0
24558,0.0006656050,0.0006202863,0
24569,0.0007253593,0.0006202863,0
24571,0.0009055325,0.0006202863,0
24628,0.0006781496,0.0006202863,0
24662,0.0218012569,0.0006202863,0
24682,0.0006813492,0.0006202863,0
24689,0.0007253593,0.0006202863,0
24704,0.0016095100,0.0006202863,0
24706,0.0010492063,0.0006202863,0
24750,0.0006734793,0.0006202863,0
24765,0.0009083446,0.0006202863,0
24776,0.0007971187,0.0006202863,0
24779,0.0009582335,0.0006202863,0
24783,0.0039713252,0.0006202863,0
24830,0.0006390685,0.0006202863,0
24844,0.0009102390,0.0006202863,0
24847,0.0010170087,0.0006202863,0
24851,0.0042634787,0.0006202863,0
24852,0.0042634793,0.0006202863,0
24873,0.0006793743,0.0006202863,0
24904,0.0010911327,0.0006202863,0
24926,0.0009092668,0.0006202863,0
24931,0.0008867645,0.0006202863,0
24942,0.0010842521,0.0006202863,0
24980,0.0014664380,0.0006202863,0
25001,0.0009073138,0.0006202863,0
25014,0.0013064132,0.0006202863,0
25104,0.0007027008,0.0006202863,0
25105,0.0007702834,0.0006202863,0
25121,0.0016168912,0.0006202863,0
25165,0.0008910604,0.0006202863,0
25224,0.0009398106,0.0006202863,0
25251,0.0010656465,0.0006202863,0
25280,0.0009074049,0.0006202863,0
25303,0.0010558789,0.0006202863,0
25317,0.0006667969,0.0006202863,0
25366,0.0015290742,0.0006202863,0
25380,0.0010399089,0.0006202863,0
25415,0.0006930655,0.0006202863,0
25425,0.0015883738,0.0006202863,0
25482,0.0009079916,0.0006202863,0
25492,0.0009069602,0.0006202863,0
25506,0.0006665771,0.0006202863,0
25553,0.0009307125,0.0006202863,0
25570,0.0015581177,0.0006202863,0
25571,0.0015162477,0.0006202863,0
25574,0.0010874430,0.0006202863,0
25642,0.0006907283,0.0006202863,0
25709,0.0010588372,0.0006202863,0
25712,0.0015169881,0.0006202863,0
25726,0.0010432504,0.0006202863,0
25732,0.0006842284,0.0006202863,0
25753,0.0006831408,0.0006202863,0
25804,0.0007329532,0.0006202863,0
25815,0.0016480579,0.0006202863,0
25891,0.0006700136,0.0006202863,0
25920,0.0010626496,0.0006202863,0
25977,0.0066007243,0.0006202863,0
26002,0.0016019159,0.0006202863,0
26005,0.0009265710,0.0006202863,0
26045,0.0052609351,0.0006202863,0
26052,0.0006792002,0.0006202863,0
26057,0.0052609351,0.0006202863,0
26112,0.0162656867,0.0006202863,0
26137,0.0010540580,0.0006202863,0
26145,0.0007139101,0.0006202863,0
26166,0.0006872719,0.0006202863,0
26200,0.0009073140,0.0006202863,0
26212,0.0010575466,0.0006202863,0
26278,0.0010490201,0.0006202863,0
26301,0.0017905763,0.0006202863,0
26312,0.0006831435,0.0006202863,0
26340,0.0009354717,0.0006202863,0
26351,0.0006781633,0.0006202863,0
26378,0.0006793933,0.0006202863,0
26419,0.0084888845,0.0006202863,0
26433,0.0084888845,0.0006202863,0
26456,0.0010008560,0.0006202863,0
26498,0.0010130525,0.0006202863,0
26535,0.0006795694,0.0006202863,0
26617,0.0006878748,0.0006202863,0
26670,0.0015783424,0.0006202863,0
26698,0.0009254506,0.0006202863,0
26709,0.0007047417,0.0006202863,0
26742,0.0042634584,0.0006202863,0
26744,0.0042634576,0.0006202863,0
26746,0.0039641417,0.0006202863,0
26758,0.0042634556,0.0006202863,0
26759,0.0042634571,0.0006202863,0
26782,0.0010538474,0.0006202863,0
26786,0.0162558376,0.0006202863,0
26814,0.0014819559,0.0006202863,0
26835,0.0006296551,0.0006202863,0
26836,0.0039687501,0.0006202863,0
26850,0.0015164291,0.0006202863,0
26925,0.0009944639,0.0006202863,0
26930,0.0007916949,0.0006202863,0
26953,0.0007916949,0.0006202863,0
27011,0.0015070315,0.0006202863,0
27036,0.0006800973,0.0006202863,0
27051,0.0165009985,0.0006202863,0
27064,0.0006804559,0.0006202863,0
27119,0.0008093681,0.0006202863,0
27121,0.0009292096,0.0006202863,0
27134,0.0006384645,0.0006202863,0
27136,0.0006810430,0.0006202863,0
27167,0.0014490153,0.0006202863,0
27172,0.0007787929,0.0006202863,0
27189,0.0007031559,0.0006202863,0
27268,0.0009972494,0.0006202863,0
27295,0.0015656358,0.0006202863,0
27308,0.0006764918,0.0006202863,0
27350,0.0008648260,0.0006202863,0
27393,0.0007697039,0.0006202863,0
27443,0.0006903914,0.0006202863,0
27463,0.0009055958,0.0006202863,0
27508,0.0006706308,0.0006202863,0
27525,0.0007601067,0.0006202863,0
27529,0.0006726481,0.0006202863,0
27533,0.0009877371,0.0006202863,0
27547,0.0010582117,0.0006202863,0
27548,0.0006744490,0.0006202863,0
27584,0.0006703558,0.0006202863,0
27593,0.0009202391,0.0006202863,0
27603,0.0193652182,0.0006202863,0
27613,0.0015637584,0.0006202863,0
27682,0.0010494322,0.0006202863,0
27751,0.0009086963,0.0006202863,0
27788,0.0010619877,0.0006202863,0
27798,0.0016937943,0.0006202863,0
27817,0.0162531229,0.0006202863,0
27897,0.0009975708,0.0006202863,0
27954,0.0193624834,0.0006202863,0
27993,0.0006484301,0.0006202863,0
28025,0.0161666286,0.0006202863,0
28047,0.0006318987,0.0006202863,0
28069,0.0006869999,0.0006202863,0
28077,0.0015157413,0.0006202863,0
28096,0.0010768212,0.0006202863,0
28108,0.0007930347,0.0006202863,0
28119,0.0009343262,0.0006202863,0
28173,0.0006728398,0.0006202863,0
28193,0.0006729800,0.0006202863,0
28212,0.0010757516,0.0006202863,0
28288,0.0008401638,0.0006202863,0
28305,0.0015175966,0.0006202863,0
28327,0.0014634487,0.0006202863,0
28333,0.0010598527,0.0006202863,0
28361,0.0006383896,0.0006202863,0
28375,0.0010346155,0.0006202863,0
28399,0.0006473002,0.0006202863,0
28434,0.0162048509,0.0006202863,0
28476,0.0006307208,0.0006202863,0
28482,0.0006214124,0.0006202863,0
28483,0.0009084829,0.0006202863,0
28500,0.0010773900,0.0006202863,0
28566,0.0064704342,0.0006202863,0
28627,0.0009526580,0.0006202863,0
28647,0.0007823404,0.0006202863,0
28653,0.0006495772,0.0006202863,0
28700,0.0015811186,0.0006202863,0
28732,0.0006662815,0.0006202863,0
28792,0.0010731811,0.0006202863,0
28801,0.0042634555,0.0006202863,0
28802,0.0042634687,0.0006202863,0
28858,0.0007152737,0.0006202863,0
28873,0.0009402460,0.0006202863,0
28874,0.0006656690,0.0006202863,0
28964,0.0006250664,0.0006202863,0
28965,0.0039642221,0.0006202863,0
28998,0.0009282943,0.0006202863,0
29001,0.0006682938,0.0006202863,0
29035,0.0064705940,0.0006202863,0
29078,0.0174143607,0.0006202863,0
29110,0.0039713828,0.0006202863,0
29122,0.0175404950,0.0006202863,0
29190,0.0039639816,0.0006202863,0
29240,0.0007016856,0.0006202863,0
29257,0.0006625980,0.0006202863,0
29259,0.0006756355,0.0006202863,0
29289,0.0010505473,0.0006202863,0
29291,0.0009069129,0.0006202863,0
29310,0.0009479700,0.0006202863,0
29324,0.0006794631,0.0006202863,0
29362,0.0006725079,0.0006202863,0
29369,0.0012202425,0.0006202863,0
29396,0.0163665385,0.0006202863,0
29410,0.0006285641,0.0006202863,0
29411,0.0006964665,0.0006202863,0
29425,0.0260233348,0.0006202863,0
29458,0.0006537442,0.0006202863,0
29459,0.0006632260,0.0006202863,0
29461,0.0048325017,0.0006202863,0
29462,0.0188813730,0.0006202863,0
29473,0.0048325017,0.0006202863,0
29476,0.0009067188,0.0006202863,0
29560,0.0006458883,0.0006202863,0
29597,0.0007051413,0.0006202863,0
29609,0.0010742144,0.0006202863,0
29629,0.0017864361,0.0006202863,0
29638,0.0009057480,0.0006202863,0
29660,0.0006655595,0.0006202863,0
29702,0.0006256174,0.0006202863,0
29713,0.0010102603,0.0006202863,0
29718,0.0006774515,0.0006202863,0
29730,0.0010468743,0.0006202863,0
29738,0.0163754232,0.0006202863,0
29746,0.0064703817,0.0006202863,0
29749,0.0016870393,0.0006202863,0
29754,0.0006602681,0.0006202863,0
29810,0.0006387763,0.0006202863,0
29818,0.0009549684,0.0006202863,0
29822,0.0006848913,0.0006202863,0
29838,0.0006619379,0.0006202863,0
29915,0.0013760842,0.0006202863,0
29965,0.0009953510,0.0006202863,0
29966,0.0006622000,0.0006202863,0
29983,0.0007132449,0.0006202863,0
30087,0.0006848914,0.0006202863,0
30092,0.0163980556,0.0006202863,0
30111,0.0006737840,0.0006202863,0
30118,0.0006950240,0.0006202863,0
30131,0.0019514930,0.0006202863,0
30166,0.0006685152,0.0006202863,0
30177,0.0006529718,0.0006202863,0
30232,0.0007404315,0.0006202863,0
30279,0.0009719292,0.0006202863,0
30326,0.0010143150,0.0006202863,0
30328,0.0006387105,0.0006202863,0
30364,0.0163939794,0.0006202863,0
30404,0.0006833195,0.0006202863,0
30422,0.0009335513,0.0006202863,0
30434,0.0016202442,0.0006202863,0
30443,0.0015514695,0.0006202863,0
30505,0.0007375935,0.0006202863,0
30538,0.0009479300,0.0006202863,0
30569,0.0006594386,0.0006202863,0
30574,0.0015458323,0.0006202863,0
30580,0.0010383577,0.0006202863,0
30615,0.0163530793,0.0006202863,0
30647,0.0010498925,0.0006202863,0
30653,0.0082892627,0.0006202863,0
30659,0.0082892627,0.0006202863,0
30685,0.0009241090,0.0006202863,0
30692,0.0014820529,0.0006202863,0
30706,0.0011912581,0.0006202863,0
30728,0.0007148726,0.0006202863,0
30745,0.0006710245,0.0006202863,0
30768,0.0006832058,0.0006202863,0
30797,0.0013463239,0.0006202863,0
30809,0.0006582411,0.0006202863,0
30822,0.0007107448,0.0006202863,0
30839,0.0010408914,0.0006202863,0
30859,0.0014932649,0.0006202863,0
30876,0.0010575875,0.0006202863,0
30893,0.0006658988,0.0006202863,0
30903,0.0007270741,0.0006202863,0
30910,0.0009461351,0.0006202863,0
30959,0.0006251115,0.0006202863,0
30965,0.0006562645,0.0006202863,0
30989,0.0009106223,0.0006202863,0
30995,0.0015954234,0.0006202863,0
31020,0.0006578263,0.0006202863,0
31030,0.0007730794,0.0006202863,0
31082,0.0006600875,0.0006202863,0
31105,0.0006929328,0.0006202863,0
31123,0.0007058622,0.0006202863,0
31128,0.0009066364,0.0006202863,0
31140,0.0010710357,0.0006202863,0
31206,0.0042634507,0.0006202863,0
31207,0.0042634499,0.0006202863,0
31214,0.0016776748,0.0006202863,0
31237,0.0006613267,0.0006202863,0
31253,0.0016472315,0.0006202863,0
31277,0.0006503230,0.0006202863,0
31286,0.0010502909,0.0006202863,0
31306,0.0014847828,0.0006202863,0
31309,0.0007053879,0.0006202863,0
31336,0.0010599115,0.0006202863,0
31345,0.0006542868,0.0006202863,0
31349,0.0009062848,0.0006202863,0
31394,0.0007638673,0.0006202863,0
31396,0.0015169502,0.0006202863,0
31423,0.0010641659,0.0006202863,0
31424,0.0014622073,0.0006202863,0
31457,0.0007272124,0.0006202863,0
31459,0.0013468740,0.0006202863,0
31557,0.0008035743,0.0006202863,0
31582,0.0200135607,0.0006202863,0
31596,0.0006355064,0.0006202863,0
31612,0.0016357861,0.0006202863,0
31615,0.0010741822,0.0006202863,0
31630,0.0195197481,0.0006202863,0
31649,0.0218060962,0.0006202863,0
31704,0.0010537233,0.0006202863,0
31707,0.0006922372,0.0006202863,0
31727,0.0015068747,0.0006202863,0
31748,0.0015316117,0.0006202863,0
31753,0.0198230739,0.0006202863,0
31776,0.0006709438,0.0006202863,0
31787,0.0014727805,0.0006202863,0
31798,0.0010101454,0.0006202863,0
31804,0.0007249312,0.0006202863,0
31814,0.0006270295,0.0006202863,0
31884,0.0006474371,0.0006202863,0
31886,0.0039641359,0.0006202863,0
31899,0.0006525050,0.0006202863,0
31911,0.0009546528,0.0006202863,0
31921,0.0010284997,0.0006202863,0
31926,0.0007067079,0.0006202863,0
31975,0.0166038411,0.0006202863,0
32033,0.0009890599,0.0006202863,0
32073,0.0014638641,0.0006202863,0
32188,0.0009164946,0.0006202863,0
32215,0.0008509093,0.0006202863,0
32287,0.0006904247,0.0006202863,0
32293,0.0008832477,0.0006202863,0
32331,0.0006883923,0.0006202863,0
32348,0.0173936330,0.0006202863,0
32361,0.0009638199,0.0006202863,0
32446,0.0009232555,0.0006202863,0
32448,0.0015489289,0.0006202863,0
32461,0.0173911343,0.0006202863,0
32488,0.0007025115,0.0006202863,0
32509,0.0168218745,0.0006202863,0
32531,0.0007404869,0.0006202863,0
32565,0.0060887034,0.0006202863,0
32584,0.0006220884,0.0006202863,0
32610,0.0014571691,0.0006202863,0
32624,0.0007938241,0.0006202863,0
32640,0.0008814974,0.0006202863,0
32660,0.0009759090,0.0006202863,0
32701,0.0010092196,0.0006202863,0
32702,0.0193631855,0.0006202863,0
32719,0.0006295193,0.0006202863,0
32750,0.0165573145,0.0006202863,0
32757,0.0010272122,0.0006202863,0
32773,0.0006446817,0.0006202863,0
32791,0.0015052914,0.0006202863,0
32854,0.0010554429,0.0006202863,0
32900,0.0039688996,0.0006202863,0
32904,0.0016901911,0.0006202863,0
32906,0.0006661625,0.0006202863,0
32928,0.0012953481,0.0006202863,0
32962,0.0006905998,0.0006202863,0
32973,0.0042634467,0.0006202863,0
32976,0.0042634594,0.0006202863,0
32980,0.0009653963,0.0006202863,0
33132,0.0009270992,0.0006202863,0
33180,0.0006331400,0.0006202863,0
33188,0.0010231258,0.0006202863,0
33206,0.0006449199,0.0006202863,0
33235,0.0007802409,0.0006202863,0
33268,0.0014273279,0.0006202863,0
33306,0.0013646675,0.0006202863,0
33354,0.0009798949,0.0006202863,0
33405,0.0009018309,0.0006202863,0
33443,0.0006392690,0.0006202863,0
33487,0.0010708163,0.0006202863,0
33507,0.0007143866,0.0006202863,0
33589,0.0016899895,0.0006202863,0
33613,0.0006829933,0.0006202863,0
33630,0.0007067149,0.0006202863,0
33634,0.0165217475,0.0006202863,0
33650,0.0010558576,0.0006202863,0
33658,0.0009937202,0.0006202863,0
33766,0.0039645718,0.0006202863,0
33782,0.0010996142,0.0006202863,0
33790,0.0007257152,0.0006202863,0
33806,0.0009429799,0.0006202863,0
33819,0.0007712328,0.0006202863,0
33825,0.0162648854,0.0006202863,0
33864,0.0010398701,0.0006202863,0
33903,0.0006240635,0.0006202863,0
33934,0.0009056853,0.0006202863,0
33975,0.0006557328,0.0006202863,0
34003,0.0015285935,0.0006202863,0
34055,0.0006311143,0.0006202863,0
34097,0.0006537716,0.0006202863,0
34104,0.0010499472,0.0006202863,0
34112,0.0006979940,0.0006202863,0
34127,0.0271216452,0.0006202863,0
34138,0.0006688053,0.0006202863,0
34159,0.0010003285,0.0006202863,0
34184,0.0007053299,0.0006202863,0
34188,0.0006346140,0.0006202863,0
34204,0.0007607395,0.0006202863,0
34212,0.0009797086,0.0006202863,0
34216,0.0008819455,0.0006202863,0
34243,0.0006539140,0.0006202863,0
34250,0.0007034586,0.0006202863,0
34265,0.0009797086,0.0006202863,0
34266,0.0007477881,0.0006202863,0
34321,0.0006310082,0.0006202863,0
34434,0.0010054631,0.0006202863,0
34472,0.0007936525,0.0006202863,0
34510,0.0006387610,0.0006202863,0
34606,0.0009368066,0.0006202863,0
34631,0.0016347261,0.0006202863,0
34710,0.0006622537,0.0006202863,0
34721,0.0006214724,0.0006202863,0
34762,0.0009674359,0.0006202863,0
34773,0.0008403119,0.0006202863,0
34810,0.0011962102,0.0006202863,0
34834,0.0006359810,0.0006202863,0
34862,0.0007805261,0.0006202863,0
34895,0.0060851521,0.0006202863,0
34900,0.0010055064,0.0006202863,0
34910,0.0010274884,0.0006202863,0
34931,0.0018135024,0.0006202863,0
34955,0.0006733369,0.0006202863,0
34967,0.0042634714,0.0006202863,0
34969,0.0042634585,0.0006202863,0
34972,0.0007168939,0.0006202863,0
34974,0.0007286010,0.0006202863,0
34991,0.0007952495,0.0006202863,0
35003,0.0015723651,0.0006202863,0
35012,0.0006649027,0.0006202863,0
35022,0.0006859342,0.0006202863,0
35045,0.0015370004,0.0006202863,0
35061,0.0006398772,0.0006202863,0
35063,0.0010432906,0.0006202863,0
35109,0.0007597000,0.0006202863,0
35136,0.0006587541,0.0006202863,0
35138,0.0007056052,0.0006202863,0
35194,0.0009844615,0.0006202863,0
35215,0.0010292845,0.0006202863,0
35252,0.0012325272,0.0006202863,0
35275,0.0007440775,0.0006202863,0
35287,0.0006462728,0.0006202863,0
35298,0.0009187537,0.0006202863,0
35305,0.0006718724,0.0006202863,0
35346,0.0006533366,0.0006202863,0
35352,0.0006515781,0.0006202863,0
35355,0.0006815512,0.0006202863,0
35378,0.0010289459,0.0006202863,0
35402,0.0006258797,0.0006202863,0
35447,0.0009975568,0.0006202863,0
35449,0.0009994333,0.0006202863,0
35470,0.0060862813,0.0006202863,0
35477,0.0006383546,0.0006202863,0
35506,0.0006442753,0.0006202863,0
35520,0.0269918917,0.0006202863,0
35535,0.0006534070,0.0006202863,0
35553,0.0006745309,0.0006202863,0
35562,0.0008655639,0.0006202863,0
35582,0.0006274151,0.0006202863,0
35624,0.0008655639,0.0006202863,0
35636,0.0006460471,0.0006202863,0
35641,0.0008655639,0.0006202863,0
35642,0.0006537183,0.0006202863,0
35668,0.0009917106,0.0006202863,0
35674,0.0006748662,0.0006202863,0
35677,0.0007088691,0.0006202863,0
35695,0.0009914281,0.0006202863,0
35720,0.0010435076,0.0006202863,0
35740,0.0025800065,0.0006202863,0
35748,0.0007847692,0.0006202863,0
35763,0.0007459267,0.0006202863,0
35783,0.0008297138,0.0006202863,0
35786,0.0008613238,0.0006202863,0
35816,0.0006687075,0.0006202863,0
35846,0.0008613238,0.0006202863,0
35850,0.0060096753,0.0006202863,0
35851,0.0060377723,0.0006202863,0
35865,0.0016068709,0.0006202863,0
35877,0.0008613238,0.0006202863,0
35880,0.0008613238,0.0006202863,0
35883,0.0060096753,0.0006202863,0
35885,0.0008655639,0.0006202863,0
35895,0.0013976284,0.0006202863,0
35924,0.0008613238,0.0006202863,0
35925,0.0014043875,0.0006202863,0
35931,0.0006439862,0.0006202863,0
35953,0.0013976284,0.0006202863,0
35971,0.0013976284,0.0006202863,0
35980,0.0060377723,0.0006202863,0
35987,0.0012220458,0.0006202863,0
36005,0.0060096753,0.0006202863,0
36029,0.0014043875,0.0006202863,0
36053,0.0013976284,0.0006202863,0
36058,0.0013976284,0.0006202863,0
36075,0.0007720991,0.0006202863,0
36104,0.0006378852,0.0006202863,0
36133,0.0006715038,0.0006202863,0
36148,0.0006213509,0.0006202863,0
36151,0.0010422380,0.0006202863,0
36167,0.0013976284,0.0006202863,0
36187,0.0008613238,0.0006202863,0
36194,0.0006456349,0.0006202863,0
36222,0.0013976284,0.0006202863,0
36244,0.0006515014,0.0006202863,0
36256,0.0013976284,0.0006202863,0
36268,0.0013976284,0.0006202863,0
36281,0.0008613238,0.0006202863,0
36282,0.0008675431,0.0006202863,0
36290,0.0010095572,0.0006202863,0
36292,0.0008613238,0.0006202863,0
36301,0.0243141681,0.0006202863,0
36307,0.0007908375,0.0006202863,0
36339,0.0013976284,0.0006202863,0
36352,0.0008055245,0.0006202863,0
36354,0.0013976284,0.0006202863,0
36365,0.0008613238,0.0006202863,0
36368,0.0006259532,0.0006202863,0
36385,0.0006498095,0.0006202863,0
36404,0.0006564086,0.0006202863,0
36410,0.0013976284,0.0006202863,0
36415,0.0011274564,0.0006202863,0
36420,0.0007559630,0.0006202863,0
36422,0.0013976284,0.0006202863,0
36441,0.0014065557,0.0006202863,0
36449,0.0007132520,0.0006202863,0
36475,0.0015242598,0.0006202863,0
36480,0.0060096753,0.0006202863,0
36487,0.0010671613,0.0006202863,0
36494,0.0006594630,0.0006202863,0
36512,0.0008613238,0.0006202863,0
36530,0.0017652527,0.0006202863,0
36534,0.0015746635,0.0006202863,0
36556,0.0007006086,0.0006202863,0
36560,0.0007003343,0.0006202863,0
36578,0.0006640872,0.0006202863,0
36580,0.0006333314,0.0006202863,0
36582,0.0013976284,0.0006202863,0
36584,0.0007807176,0.0006202863,0
36631,0.0060096753,0.0006202863,0
36693,0.0006935101,0.0006202863,0
36696,0.0013976284,0.0006202863,0
36698,0.0008613238,0.0006202863,0
36720,0.0006253950,0.0006202863,0
36747,0.0006543741,0.0006202863,0
36755,0.0006657215,0.0006202863,0
36763,0.0016771439,0.0006202863,0
36770,0.0060096753,0.0006202863,0
36785,0.0007319802,0.0006202863,0
36813,0.0006774485,0.0006202863,0
36878,0.0039642199,0.0006202863,0
36896,0.0006236087,0.0006202863,0
36944,0.0008613238,0.0006202863,0
36952,0.0008613238,0.0006202863,0
36958,0.0008613238,0.0006202863,0
36968,0.0009990755,0.0006202863,0
36979,0.0006430758,0.0006202863,0
36990,0.0007907395,0.0006202863,0
37019,0.0008613238,0.0006202863,0
37021,0.0016768032,0.0006202863,0
37025,0.0006907622,0.0006202863,0
37032,0.0006730162,0.0006202863,0
37039,0.0006555599,0.0006202863,0
37057,0.0008613238,0.0006202863,0
37066,0.0006355408,0.0006202863,0
37074,0.0006308104,0.0006202863,0
37084,0.0060096753,0.0006202863,0
37118,0.0008348366,0.0006202863,0
37119,0.0008629495,0.0006202863,0
37131,0.0009990095,0.0006202863,0
37133,0.0060096753,0.0006202863,0
37204,0.0009767677,0.0006202863,0
37215,0.0008613238,0.0006202863,0
37261,0.0006632297,0.0006202863,0
37267,0.0010061639,0.0006202863,0
37275,0.0008613238,0.0006202863,0
37276,0.0006346180,0.0006202863,0
37285,0.0006346180,0.0006202863,0
37304,0.0008655639,0.0006202863,0
37317,0.0009913009,0.0006202863,0
37326,0.0008613238,0.0006202863,0
37332,0.0008655639,0.0006202863,0
37333,0.0016178474,0.0006202863,0
37347,0.0060096753,0.0006202863,0
37355,0.0014043875,0.0006202863,0
37366,0.0010991875,0.0006202863,0
37383,0.0006960362,0.0006202863,0
37398,0.0009444092,0.0006202863,0
37417,0.0008182166,0.0006202863,0
37419,0.0006301439,0.0006202863,0
37421,0.0012598697,0.0006202863,0
37423,0.0013076011,0.0006202863,0
37427,0.0007021392,0.0006202863,0
37459,0.0006330765,0.0006202863,0
37462,0.0042634569,0.0006202863,0
37468,0.0042634569,0.0006202863,0
37475,0.0006877800,0.0006202863,0
37488,0.0042636382,0.0006202863,0
37492,0.0042636356,0.0006202863,0
37520,0.0009202146,0.0006202863,0
37524,0.0006338273,0.0006202863,0
37541,0.0007330945,0.0006202863,0
37542,0.0009714297,0.0006202863,0
37570,0.0009505688,0.0006202863,0
37583,0.0009724387,0.0006202863,0
37603,0.0010181501,0.0006202863,0
37648,0.0006680842,0.0006202863,0
37652,0.0007236279,0.0006202863,0
37696,0.0007975653,0.0006202863,0
37734,0.0006476089,0.0006202863,0
37735,0.0007791955,0.0006202863,0
37737,0.0006681838,0.0006202863,0
37786,0.0006255112,0.0006202863,0
37795,0.0008453782,0.0006202863,0
37817,0.0008341513,0.0006202863,0
37821,0.0006303125,0.0006202863,0
37822,0.0006403792,0.0006202863,0
37834,0.0006369994,0.0006202863,0
37849,0.0010233131,0.0006202863,0
37863,0.0006362843,0.0006202863,0
37891,0.0007051736,0.0006202863,0
37897,0.0007374130,0.0006202863,0
37927,0.0006772838,0.0006202863,0
38012,0.0008213960,0.0006202863,0
38013,0.0009478661,0.0006202863,0
38032,0.0006280271,0.0006202863,0
38060,0.0006211384,0.0006202863,0
38106,0.0006964825,0.0006202863,0
38120,0.0006774235,0.0006202863,0
38134,0.0010076488,0.0006202863,0
38149,0.0006469175,0.0006202863,0
38165,0.0006390140,0.0006202863,0
38179,0.0016877362,0.0006202863,0
38225,0.0011568131,0.0006202863,0
38229,0.0006302044,0.0006202863,0
38235,0.0006828228,0.0006202863,0
38292,0.0010041571,0.0006202863,0
38306,0.0007221648,0.0006202863,0
38320,0.0006540551,0.0006202863,0
38367,0.0006976578,0.0006202863,0
38386,0.0016502086,0.0006202863,0
38402,0.0007206698,0.0006202863,0
38469,0.0060858732,0.0006202863,0
38511,0.0007278451,0.0006202863,0
38516,0.0006338081,0.0006202863,0
38540,0.0009515011,0.0006202863,0
38567,0.0006390915,0.0006202863,0
38568,0.0056692829,0.0006202863,0
38571,0.0056692722,0.0006202863,0
38604,0.0010362951,0.0006202863,0
38682,0.0010172724,0.0006202863,0
38689,0.0042634564,0.0006202863,0
38691,0.0042634662,0.0006202863,0
38695,0.0271136993,0.0006202863,0
38702,0.0016517995,0.0006202863,0
38716,0.0006352847,0.0006202863,0
38740,0.0015038307,0.0006202863,0
38761,0.0006899026,0.0006202863,0
38817,0.0006518996,0.0006202863,0
38879,0.0016346473,0.0006202863,0
38935,0.0010007008,0.0006202863,0
38954,0.0006282296,0.0006202863,0
38969,0.0006336469,0.0006202863,0
38989,0.0015156754,0.0006202863,0
38991,0.0006769021,0.0006202863,0
39002,0.0016884021,0.0006202863,0
39016,0.0006742716,0.0006202863,0
39031,0.0017528214,0.0006202863,0
39052,0.0010256368,0.0006202863,0
39057,0.0007018061,0.0006202863,0
39068,0.0006265954,0.0006202863,0
39090,0.0009952947,0.0006202863,0
39133,0.0042634646,0.0006202863,0
39136,0.0042634716,0.0006202863,0
39140,0.0012587460,0.0006202863,0
39147,0.0006849759,0.0006202863,0
39177,0.0006426709,0.0006202863,0
39186,0.0042634790,0.0006202863,0
39187,0.0042634600,0.0006202863,0
39188,0.0071234765,0.0006202863,0
39230,0.0006211903,0.0006202863,0
39234,0.0010772745,0.0006202863,0
39248,0.0015728365,0.0006202863,0
39251,0.0006348801,0.0006202863,0
39253,0.0020332807,0.0006202863,0
39290,0.0006357742,0.0006202863,0
39306,0.0007096164,0.0006202863,0
39360,0.0014848872,0.0006202863,0
39393,0.0007284495,0.0006202863,0
39424,0.0010023254,0.0006202863,0
39441,0.0006600563,0.0006202863,0
39459,0.0006511444,0.0006202863,0
39482,0.0015289810,0.0006202863,0
39534,0.0007422832,0.0006202863,0
39538,0.0011543506,0.0006202863,0
39577,0.0007394414,0.0006202863,0
39597,0.0006391668,0.0006202863,0
39600,0.0008480324,0.0006202863,0
39601,0.0006676063,0.0006202863,0
39626,0.0006687047,0.0006202863,0
39642,0.0007150040,0.0006202863,0
39688,0.0017298723,0.0006202863,0
39696,0.0008211588,0.0006202863,0
39711,0.0007745730,0.0006202863,0
39714,0.0006769537,0.0006202863,0
39735,0.0006672648,0.0006202863,0
39745,0.0017839528,0.0006202863,0
39751,0.0010639148,0.0006202863,0
39804,0.0007804863,0.0006202863,0
39810,0.0015585958,0.0006202863,0
39832,0.0010237882,0.0006202863,0
39860,0.0010067621,0.0006202863,0
39863,0.0018729797,0.0006202863,0
39879,0.0006333052,0.0006202863,0
39881,0.0006810350,0.0006202863,0
39889,0.0007446887,0.0006202863,0
39953,0.0019650093,0.0006202863,0
39961,0.0009132357,0.0006202863,0
39978,0.0015475094,0.0006202863,0
39991,0.0009579169,0.0006202863,0
40003,0.0006568159,0.0006202863,0
40010,0.0009622951,0.0006202863,0
40012,0.0006574435,0.0006202863,0
40026,0.0020215264,0.0006202863,0
40039,0.0039645660,0.0006202863,0
40060,0.0180515796,0.0006202863,0
40081,0.0006382512,0.0006202863,0
40102,0.0012348652,0.0006202863,0
40104,0.0180515796,0.0006202863,0
40113,0.0006408805,0.0006202863,0
40181,0.0008582756,0.0006202863,0
40192,0.0006234766,0.0006202863,0
40193,0.0006672703,0.0006202863,0
40196,0.0009718415,0.0006202863,0
40249,0.0009418084,0.0006202863,0
40261,0.0006361296,0.0006202863,0
40277,0.0006417624,0.0006202863,0
40292,0.0006740175,0.0006202863,0
40296,0.0006740175,0.0006202863,0
40299,0.0010006044,0.0006202863,0
40324,0.0006493407,0.0006202863,0
40340,0.0011432247,0.0006202863,0
40346,0.0006784411,0.0006202863,0
40351,0.0006901463,0.0006202863,0
40362,0.0007796069,0.0006202863,0
40381,0.0017411207,0.0006202863,0
40411,0.0006705324,0.0006202863,0
40421,0.0010661218,0.0006202863,0
40425,0.0006858168,0.0006202863,0
40461,0.0020271747,0.0006202863,0
40467,0.0006354936,0.0006202863,0
40479,0.0006638307,0.0006202863,0
40503,0.0042634557,0.0006202863,0
40546,0.0014932187,0.0006202863,0
40547,0.0015160707,0.0006202863,0
40548,0.0039713578,0.0006202863,0
40576,0.0007792310,0.0006202863,0
40586,0.0015239396,0.0006202863,0
40593,0.0010236262,0.0006202863,0
40661,0.0006439681,0.0006202863,0
40669,0.0014741027,0.0006202863,0
40673,0.0013061872,0.0006202863,0
40690,0.0042634682,0.0006202863,0
40716,0.0007164235,0.0006202863,0
40742,0.0007393069,0.0006202863,0
40769,0.0006590015,0.0006202863,0
40787,0.0286510690,0.0006202863,0
40799,0.0006670715,0.0006202863,0
40808,0.0007805528,0.0006202863,0
40839,0.0014730191,0.0006202863,0
40896,0.0008189708,0.0006202863,0
40938,0.0029026877,0.0006202863,0
40939,0.0008613238,0.0006202863,0
40953,0.0025800065,0.0006202863,0
40956,0.0064966153,0.0006202863,0
40959,0.0022648203,0.0006202863,0
40960,0.0016877362,0.0006202863,0
40961,0.0016877362,0.0006202863,0
40962,0.0298528209,0.0006202863,0
40994,0.0015147555,0.0006202863,0
41253,0.0104736932,0.0006202863,0
41254,0.0104736932,0.0006202863,0
41351,0.0060707130,0.0006202863,0
41352,0.0060707130,0.0006202863,0
41396,0.0021449443,0.0006202863,0
41398,0.0006447041,0.0006202863,0
41401,0.0027303199,0.0006202863,0
41410,0.0006910525,0.0006202863,0
41413,0.0033979184,0.0006202863,0
41420,0.0014393729,0.0006202863,0
41425,0.0021546384,0.0006202863,0
41445,0.0045441738,0.0006202863,0
41446,0.0045441738,0.0006202863,0
41589,0.0041647949,0.0006202863,0
41591,0.0008791918,0.0006202863,0
41592,0.0021422690,0.0006202863,0
41595,0.0006947520,0.0006202863,0
41597,0.0008276895,0.0006202863,0
41600,0.0042708854,0.0006202863,0
41607,0.0021560745,0.0006202863,0
41610,0.0037272720,0.0006202863,0
41612,0.0067045868,0.0006202863,0
41617,0.0029912033,0.0006202863,0
41618,0.0033406877,0.0006202863,0
41621,0.0011158162,0.0006202863,0
41704,0.0176734871,0.0006202863,0
41705,0.0176734871,0.0006202863,0
41706,0.0145335679,0.0006202863,0
41707,0.0145335679,0.0006202863,0
41708,0.0145335679,0.0006202863,0
41736,0.0172812627,0.0006202863,0
41737,0.0172812627,0.0006202863,0
41934,0.0092996418,0.0006202863,0
41935,0.0092996418,0.0006202863,0
41951,0.0015147555,0.0006202863,0
41954,0.0006259532,0.0006202863,0
41980,0.0281580529,0.0006202863,0
41989,0.0016877362,0.0006202863,0
42001,0.0157577249,0.0006202863,0
42003,0.0089951977,0.0006202863,0
42005,0.0089951977,0.0006202863,0
42007,0.0157577249,0.0006202863,0
42008,0.0099621729,0.0006202863,0
42090,0.0025800065,0.0006202863,0
42091,0.0025800065,0.0006202863,0
42092,0.0012386169,0.0006202863,0
42096,0.0008613238,0.0006202863,0
42097,0.0025800065,0.0006202863,0
42098,0.0010813738,0.0006202863,0
42103,0.0060096753,0.0006202863,0
42112,0.0014043875,0.0006202863,0
42116,0.0011889989,0.0006202863,0
42119,0.0014043875,0.0006202863,0
42120,0.0014043875,0.0006202863,0
42124,0.0014043875,0.0006202863,0
42126,0.0060096753,0.0006202863,0
42130,0.0025922606,0.0006202863,0
42133,0.0014043875,0.0006202863,0
42134,0.0014043875,0.0006202863,0
42135,0.0025800065,0.0006202863,0
42136,0.0025800065,0.0006202863,0
42138,0.0025922606,0.0006202863,0
42139,0.0013976284,0.0006202863,0
42147,0.0014043875,0.0006202863,0
42148,0.0014043875,0.0006202863,0
42149,0.0010480282,0.0006202863,0
42153,0.0013976284,0.0006202863,0
42155,0.0060096753,0.0006202863,0
42158,0.0013976284,0.0006202863,0
42159,0.0008613238,0.0006202863,0
42164,0.0025800065,0.0006202863,0
42170,0.0025800065,0.0006202863,0
42171,0.0013976284,0.0006202863,0
42177,0.0013976284,0.0006202863,0
42179,0.0013976284,0.0006202863,0
42182,0.0060096753,0.0006202863,0
42185,0.0013976284,0.0006202863,0
42186,0.0013976284,0.0006202863,0
42189,0.0060096753,0.0006202863,0
42193,0.0060096753,0.0006202863,0
42194,0.0013976284,0.0006202863,0
42196,0.0013976284,0.0006202863,0
42198,0.0008613238,0.0006202863,0
42199,0.0025800065,0.0006202863,0
42203,0.0060096753,0.0006202863,0
42204,0.0008613238,0.0006202863,0
42208,0.0025800065,0.0006202863,0
42210,0.0060096753,0.0006202863,0
42215,0.0243141681,0.0006202863,0
42219,0.0013976284,0.0006202863,0
42222,0.0013976284,0.0006202863,0
42232,0.0013976284,0.0006202863,0
42234,0.0008613238,0.0006202863,0
42236,0.0013976284,0.0006202863,0
42239,0.0008613238,0.0006202863,0
42240,0.0013976284,0.0006202863,0
42241,0.0013976284,0.0006202863,0
42256,0.0013976284,0.0006202863,0
42257,0.0013976284,0.0006202863,0
42259,0.0013976284,0.0006202863,0
42262,0.0025800065,0.0006202863,0
42268,0.0008613238,0.0006202863,0
42270,0.0013976284,0.0006202863,0
42273,0.0013976284,0.0006202863,0
42275,0.0008613238,0.0006202863,0
42276,0.0060096753,0.0006202863,0
42279,0.0013976284,0.0006202863,0
42280,0.0008613238,0.0006202863,0
42283,0.0025800065,0.0006202863,0
42288,0.0013976284,0.0006202863,0
42291,0.0013976284,0.0006202863,0
42301,0.0243141681,0.0006202863,0
42306,0.0013976284,0.0006202863,0
42307,0.0013976284,0.0006202863,0
42313,0.0013976284,0.0006202863,0
42325,0.0095519456,0.0006202863,0
42326,0.0095519456,0.0006202863,0
42331,0.0013976284,0.0006202863,0
42383,0.0058042195,0.0006202863,0
42385,0.0058042195,0.0006202863,0
42420,0.0016877362,0.0006202863,0
42421,0.0016877362,0.0006202863,0
42473,0.0051645139,0.0006202863,0
42474,0.0051645139,0.0006202863,0
42528,0.0016877362,0.0006202863,0
42529,0.0016877362,0.0006202863,0
42588,0.0056781482,0.0006202863,0
42589,0.0056782116,0.0006202863,0
42607,0.0029875627,0.0006202863,0
42610,0.0007215216,0.0006202863,0
42611,0.0007350971,0.0006202863,0
42615,0.0044813364,0.0006202863,0
42617,0.0008524724,0.0006202863,0
42618,0.0009057578,0.0006202863,0
42619,0.0006500447,0.0006202863,0
42625,0.0051979045,0.0006202863,0
42627,0.0056547146,0.0006202863,0
42628,0.0020755109,0.0006202863,0
42629,0.0013014289,0.0006202863,0
42630,0.0009098501,0.0006202863,0
42631,0.0006627359,0.0006202863,0
42688,0.0077576343,0.0006202863,0
42689,0.0077576343,0.0006202863,0
42690,0.0077576343,0.0006202863,0
42728,0.0054704782,0.0006202863,0
42729,0.0054704782,0.0006202863,0
42730,0.0054704782,0.0006202863,0
42738,0.0063469640,0.0006202863,0
42739,0.0063469640,0.0006202863,0
42798,0.0064309182,0.0006202863,0
42802,0.0064309182,0.0006202863,0
42806,0.0063108773,0.0006202863,0
42807,0.0063108773,0.0006202863,0
42840,0.0058038008,0.0006202863,0
42841,0.0058038008,0.0006202863,0
42843,0.0058038008,0.0006202863,0
42878,0.0081071195,0.0006202863,0
42881,0.0081071195,0.0006202863,0
43068,0.0060080550,0.0006202863,0
43069,0.0060080550,0.0006202863,0
43202,0.0016877362,0.0006202863,0
43203,0.0016877362,0.0006202863,0
43241,0.0060491777,0.0006202863,0
43242,0.0060491777,0.0006202863,0
43271,0.0016877362,0.0006202863,0
43272,0.0016877362,0.0006202863,0
43289,0.0178605320,0.0006202863,0
43290,0.0178605320,0.0006202863,0
43291,0.0178605320,0.0006202863,0
43312,0.0218984639,0.0006202863,0
43314,0.0218984639,0.0006202863,0
43322,0.0069001116,0.0006202863,0
43325,0.0069001116,0.0006202863,0
43332,0.0054151236,0.0006202863,0
43335,0.0054151236,0.0006202863,0
43386,0.0060096753,0.0006202863,0
43409,0.0056771115,0.0006202863,0
43410,0.0056771714,0.0006202863,0
43436,0.0016877362,0.0006202863,0
43441,0.0060096753,0.0006202863,0
43446,0.0060096753,0.0006202863,0
43481,0.0013976284,0.0006202863,0
43482,0.0008613238,0.0006202863,0
43487,0.0060096753,0.0006202863,0
43492,0.0060096753,0.0006202863,0
43495,0.0011055002,0.0006202863,0
43497,0.0060096753,0.0006202863,0
43498,0.0010425768,0.0006202863,0
43499,0.0009803596,0.0006202863,0
43501,0.0009670362,0.0006202863,0
43505,0.0009913224,0.0006202863,0
43506,0.0009490963,0.0006202863,0
43507,0.0243141681,0.0006202863,0
43514,0.0008725446,0.0006202863,0
43516,0.0008245359,0.0006202863,0
43522,0.0008119524,0.0006202863,0
43524,0.0060096753,0.0006202863,0
43526,0.0006814126,0.0006202863,0
43530,0.0060096753,0.0006202863,0
43537,0.0060096753,0.0006202863,0
43551,0.0013976284,0.0006202863,0
43560,0.0060096753,0.0006202863,0
43566,0.0013976284,0.0006202863,0
43587,0.0263003024,0.0006202863,0
43588,0.0263003024,0.0006202863,0
43590,0.0008613238,0.0006202863,0
43593,0.0025800065,0.0006202863,0
43599,0.0060096753,0.0006202863,0
43610,0.0013976284,0.0006202863,0
43624,0.0013976284,0.0006202863,0
43630,0.0013976284,0.0006202863,0
43634,0.0013976284,0.0006202863,0
43650,0.0013976284,0.0006202863,0
43691,0.0007966122,0.0006202863,0
43824,0.0016877362,0.0006202863,0
43825,0.0016877362,0.0006202863,0
44155,0.0055705081,0.0006202863,0
44156,0.0055705081,0.0006202863,0
44461,0.0037397804,0.0006202863,0
44464,0.0037937619,0.0006202863,0
44465,0.0037937619,0.0006202863,0
44466,0.0016147595,0.0006202863,0
44470,0.0018112112,0.0006202863,0
44474,0.0007777420,0.0006202863,0
44475,0.0027210605,0.0006202863,0
44476,0.0133189133,0.0006202863,0
44483,0.0007668547,0.0006202863,0
44523,0.0016877362,0.0006202863,0
44524,0.0016877362,0.0006202863,0
44573,0.0056755690,0.0006202863,0
44574,0.0056755884,0.0006202863,0
44580,0.0702790461,0.0006202863,0
44599,0.0027286013,0.0006202863,0
44601,0.0018982840,0.0006202863,0
44603,0.0051573569,0.0006202863,0
44604,0.0031881015,0.0006202863,0
44605,0.0014247628,0.0006202863,0
44609,0.0006928593,0.0006202863,0
44610,0.0189540604,0.0006202863,0
44612,0.0035852289,0.0006202863,0
44613,0.0006634670,0.0006202863,0
44618,0.0183296187,0.0006202863,0
44620,0.0031451959,0.0006202863,0
44624,0.0006759423,0.0006202863,0
44628,0.0042092139,0.0006202863,0
44674,0.0016877362,0.0006202863,0
44691,0.0017104884,0.0006202863,0
44692,0.0007119026,0.0006202863,0
44697,0.0009943884,0.0006202863,0
44699,0.0015086193,0.0006202863,0
44700,0.0007524582,0.0006202863,0
44705,0.0068754322,0.0006202863,0
44709,0.0025871123,0.0006202863,0
44710,0.0007560444,0.0006202863,0
44715,0.0017947068,0.0006202863,0
44716,0.0008008090,0.0006202863,0
44717,0.0009562130,0.0006202863,0
44722,0.0019828708,0.0006202863,0
44727,0.0014659547,0.0006202863,0
44728,0.0067045868,0.0006202863,0
44729,0.0033388490,0.0006202863,0
44730,0.0018243767,0.0006202863,0
44735,0.0016512514,0.0006202863,0
44742,0.0065359385,0.0006202863,0
44919,0.0013976284,0.0006202863,0
44955,0.0008613238,0.0006202863,0
44959,0.0025800065,0.0006202863,0
44966,0.0016877362,0.0006202863,0
44967,0.0016877362,0.0006202863,0
44973,0.0013976284,0.0006202863,0
44978,0.0013976284,0.0006202863,0
44984,0.0013976284,0.0006202863,0
44987,0.0060096753,0.0006202863,0
44989,0.0025800065,0.0006202863,0
44997,0.0013976284,0.0006202863,0
45048,0.0007258343,0.0006202863,0
45058,0.0097086386,0.0006202863,0
45067,0.0129704913,0.0006202863,0
45072,0.0006718372,0.0006202863,0
45075,0.0030049244,0.0006202863,0
45077,0.0011062264,0.0006202863,0
45078,0.0011713558,0.0006202863,0
45082,0.0017084838,0.0006202863,0
45085,0.0016741536,0.0006202863,0
45095,0.0006445614,0.0006202863,0
45096,0.0025510659,0.0006202863,0
45104,0.0255845472,0.0006202863,0
45152,0.0006580941,0.0006202863,0
45257,0.0134903492,0.0006202863,0
45315,0.0166183116,0.0006202863,0
45316,0.0166183116,0.0006202863,0
45399,0.0125449760,0.0006202863,0
45401,0.0125449760,0.0006202863,0
45402,0.0114451552,0.0006202863,0
45406,0.0114451552,0.0006202863,0
45467,0.0095859936,0.0006202863,0
45468,0.0095859936,0.0006202863,0
45481,0.0167218636,0.0006202863,0
45484,0.0167218636,0.0006202863,0
45496,0.0103195199,0.0006202863,0
45498,0.0103195199,0.0006202863,0
45556,0.0100401332,0.0006202863,0
45559,0.0100401332,0.0006202863,0
45564,0.0055409836,0.0006202863,0
45606,0.0016877362,0.0006202863,0
45607,0.0016877362,0.0006202863,0
45642,0.0007885790,0.0006202863,0
45646,0.0007885790,0.0006202863,0
45648,0.0007878048,0.0006202863,0
45649,0.0010401996,0.0006202863,0
45651,0.0008756244,0.0006202863,0
45652,0.0007598498,0.0006202863,0
45653,0.0009911230,0.0006202863,0
45654,0.0010401996,0.0006202863,0
45655,0.0008205664,0.0006202863,0
45656,0.0006363550,0.0006202863,0
45657,0.0009911230,0.0006202863,0
45658,0.0008756244,0.0006202863,0
45659,0.0007598498,0.0006202863,0
45661,0.0008205664,0.0006202863,0
45662,0.0009489255,0.0006202863,0
45664,0.0011805953,0.0006202863,0
45668,0.0009489255,0.0006202863,0
45669,0.0006363550,0.0006202863,0
45671,0.0007878048,0.0006202863,0
45672,0.0011805953,0.0006202863,0
45705,0.0087903964,0.0006202863,0
45707,0.0087903964,0.0006202863,0
45745,0.0043702673,0.0006202863,0
45791,0.0112550145,0.0006202863,0
45792,0.0112550145,0.0006202863,0
45909,0.0119115563,0.0006202863,0
45910,0.0119115563,0.0006202863,0
45912,0.0056774979,0.0006202863,0
45913,0.0056773867,0.0006202863,0
45920,0.0130538132,0.0006202863,0
45921,0.0130538132,0.0006202863,0
45926,0.0101495389,0.0006202863,0
45928,0.0101495389,0.0006202863,0
45937,0.0011206266,0.0006202863,0
45940,0.0094549307,0.0006202863,0
45947,0.0094549307,0.0006202863,0
45996,0.0006423449,0.0006202863,0
45997,0.0006249577,0.0006202863,0
45998,0.0006423449,0.0006202863,0
46000,0.0006249577,0.0006202863,0
46120,0.0009681899,0.0006202863,0
46122,0.0056473506,0.0006202863,0
46124,0.0056473506,0.0006202863,0
46126,0.0056473506,0.0006202863,0
46167,0.0064809166,0.0006202863,0
46168,0.0064809166,0.0006202863,0
46222,0.0142137419,0.0006202863,0
46223,0.0142137419,0.0006202863,0
46224,0.0142137419,0.0006202863,0
46261,0.0069882964,0.0006202863,0
46262,0.0069882964,0.0006202863,0
46263,0.0069882964,0.0006202863,0
46264,0.0069882964,0.0006202863,0
46358,0.0010217873,0.0006202863,0
46484,0.0274168485,0.0006202863,0
46486,0.0274168485,0.0006202863,0
46508,0.0008974689,0.0006202863,0
46509,0.0047101225,0.0006202863,0
46513,0.0043814922,0.0006202863,0
46596,0.0022606324,0.0006202863,0
46597,0.0022606324,0.0006202863,0
46624,0.0292306102,0.0006202863,0
46777,0.0056766761,0.0006202863,0
46779,0.0056766761,0.0006202863,0
46807,0.0036711801,0.0006202863,0
46810,0.0014626422,0.0006202863,0
46886,0.0016877362,0.0006202863,0
47038,0.0016877362,0.0006202863,0
47039,0.0016877362,0.0006202863,0
47254,0.0165205031,0.0006202863,0
47256,0.0165205031,0.0006202863,0
47280,0.0007588596,0.0006202863,0
47285,0.0129989679,0.0006202863,0
47286,0.0129989679,0.0006202863,0
47302,0.0010104812,0.0006202863,0
47311,0.0087724483,0.0006202863,0
47312,0.0087724483,0.0006202863,0
47334,0.0021945188,0.0006202863,0
47367,0.0184291280,0.0006202863,0
47368,0.0184291280,0.0006202863,0
47410,0.0044563404,0.0006202863,0
47455,0.0153423398,0.0006202863,0
47456,0.0153423398,0.0006202863,0
47459,0.0037387779,0.0006202863,0
47578,0.0018085457,0.0006202863,0
47619,0.0071603099,0.0006202863,0
47620,0.0071603099,0.0006202863,0
47744,0.0185464389,0.0006202863,0
47747,0.0006740756,0.0006202863,0
47750,0.0009696011,0.0006202863,0
47753,0.0009187877,0.0006202863,0
47756,0.0024014271,0.0006202863,0
47760,0.0016881520,0.0006202863,0
47766,0.0019339899,0.0006202863,0
47767,0.0007704752,0.0006202863,0
47768,0.0022693654,0.0006202863,0
47773,0.0011406654,0.0006202863,0
47775,0.0009583801,0.0006202863,0
47776,0.0330717986,0.0006202863,0
47778,0.0019260542,0.0006202863,0
47781,0.0022822615,0.0006202863,0
47783,0.0006478675,0.0006202863,0
47786,0.0062052331,0.0006202863,0
47791,0.0009035953,0.0006202863,0
47879,0.0174738906,0.0006202863,0
47880,0.0174738906,0.0006202863,0
48027,0.0160889071,0.0006202863,1
48133,0.0053760640,0.0006202863,1
48138,0.0092537412,0.0006202863,1
48143,0.0054797953,0.0006202863,1
48156,0.0053760640,0.0006202863,1
48196,0.0043761261,0.0006202863,1
48208,0.0092537412,0.0006202863,1
48224,0.0058552136,0.0006202863,1
48252,0.0067482981,0.0006202863,1
48271,0.0148424921,0.0006202863,1
48275,0.0053760640,0.0006202863,1
48277,0.0056294006,0.0006202863,1
48281,0.0054797953,0.0006202863,1
48299,0.0009167677,0.0006202863,1
48302,0.0156706737,0.0006202863,1
48303,0.0156706737,0.0006202863,1
48306,0.0160889071,0.0006202863,1
48323,0.0012066825,0.0006202863,1
48343,0.0009167677,0.0006202863,1
48355,0.0102144886,0.0006202863,1
48370,0.0061834534,0.0006202863,1
48374,0.0018533132,0.0006202863,1
48381,0.0062904894,0.0006202863,1
48384,0.0054797953,0.0006202863,1
48386,0.0148424921,0.0006202863,1
48394,0.0032008985,0.0006202863,1
48406,0.0055339578,0.0006202863,1
48408,0.0187038033,0.0006202863,1
48415,0.0015473385,0.0006202863,1
48418,0.0180828926,0.0006202863,1
48425,0.0054555506,0.0006202863,1
48429,0.0056294006,0.0006202863,1
48432,0.0089196362,0.0006202863,1
48439,0.0058552136,0.0006202863,1
48448,0.0012066825,0.0006202863,1
48451,0.0009773485,0.0006202863,1
48460,0.0147144963,0.0006202863,1
48462,0.0054797953,0.0006202863,1
48467,0.0082148256,0.0006202863,1
48477,0.0187038033,0.0006202863,1
48480,0.0051935147,0.0006202863,1
48491,0.0016807392,0.0006202863,1
48496,0.0060096753,0.0006202863,1
48498,0.0014447181,0.0006202863,1
48500,0.0039222407,0.0006202863,1
48502,0.0007743939,0.0006202863,1
48510,0.0061834534,0.0006202863,1
48513,0.0009167677,0.0006202863,1
48533,0.0092537412,0.0006202863,1
48537,0.0043761261,0.0006202863,1
48552,0.0051935147,0.0006202863,1
48555,0.0014622775,0.0006202863,1
48557,0.0007260284,0.0006202863,1
48579,0.0039222407,0.0006202863,1
48584,0.0120236359,0.0006202863,1
48588,0.0032008985,0.0006202863,1
48599,0.0067482981,0.0006202863,1
48625,0.0076272346,0.0006202863,1
48639,0.0048294342,0.0006202863,1
48642,0.0089196362,0.0006202863,1
48648,0.0057359990,0.0006202863,1
48649,0.0057359990,0.0006202863,1
48651,0.0147144963,0.0006202863,1
48653,0.0105413523,0.0006202863,1
48667,0.0007743939,0.0006202863,1
48668,0.0007743939,0.0006202863,1
48684,0.0062904894,0.0006202863,1
48704,0.0007223094,0.0006202863,1
48706,0.0220358798,0.0006202863,1
48709,0.0286835743,0.0006202863,1
48710,0.0014927982,0.0006202863,1
48713,0.0055339578,0.0006202863,1
48720,0.0102144886,0.0006202863,1
48730,0.0012066825,0.0006202863,1
48746,0.0009744604,0.0006202863,1
48749,0.0077864682,0.0006202863,1
48754,0.0158042603,0.0006202863,1
48768,0.0006901898,0.0006202863,1
48774,0.0023796430,0.0006202863,1
48775,0.0025267715,0.0006202863,1
48781,0.0021331138,0.0006202863,1
48785,0.0007223094,0.0006202863,1
48786,0.0007223094,0.0006202863,1
48791,0.0082148256,0.0006202863,1
48810,0.0055842299,0.0006202863,1
48843,0.0054344638,0.0006202863,1
48855,0.0006410666,0.0006202863,1
48862,0.0006791263,0.0006202863,1
48863,0.0006264524,0.0006202863,1
48868,0.0312703419,0.0006202863,1
48873,0.0105413523,0.0006202863,1
48883,0.0011632224,0.0006202863,1
48892,0.0015460817,0.0006202863,1
48907,0.0006743620,0.0006202863,1
48933,0.0014629173,0.0006202863,1
48937,0.0105186701,0.0006202863,1
48938,0.0053534444,0.0006202863,1
48966,0.0140047546,0.0006202863,1
48984,0.0116890703,0.0006202863,1
48993,0.0674662105,0.0006202863,1
49065,0.0031133620,0.0006202863,1
49067,0.0031133620,0.0006202863,1
49068,0.0007129911,0.0006202863,1
49069,0.0031133620,0.0006202863,1
49070,0.0031133620,0.0006202863,1
49076,0.0132211548,0.0006202863,1
49093,0.0006898175,0.0006202863,1
49104,0.0009433045,0.0006202863,1
49105,0.0055553374,0.0006202863,1
49113,0.0272847015,0.0006202863,1
49119,0.0006934189,0.0006202863,1
49120,0.0006934189,0.0006202863,1
49126,0.0067364530,0.0006202863,1
49129,0.0122525194,0.0006202863,1
49137,0.0034637633,0.0006202863,1
49140,0.0023984576,0.0006202863,1
49147,0.0127194507,0.0006202863,1
49149,0.0007702492,0.0006202863,1
49150,0.0007702492,0.0006202863,1
49151,0.0007702492,0.0006202863,1
49152,0.0007702492,0.0006202863,1
49153,0.0088633124,0.0006202863,1
49154,0.0161779483,0.0006202863,1
49157,0.0048188195,0.0006202863,1
49166,0.0022468002,0.0006202863,1
49167,0.0157699245,0.0006202863,1
49171,0.0094670021,0.0006202863,1
49192,0.0010518912,0.0006202863,1
49200,0.0093703364,0.0006202863,1
49202,0.0016792028,0.0006202863,1
49204,0.0010365297,0.0006202863,1
49205,0.0312703419,0.0006202863,1
49208,0.0034778444,0.0006202863,1
49209,0.0015568435,0.0006202863,1
49215,0.0095771276,0.0006202863,1
49224,0.0069772618,0.0006202863,1
49227,0.0010518912,0.0006202863,1
49235,0.0183814689,0.0006202863,1
49248,0.0033573144,0.0006202863,1
49249,0.0096704077,0.0006202863,1
49250,0.0096704077,0.0006202863,1
49270,0.0106427822,0.0006202863,1
49272,0.0106427822,0.0006202863,1
49275,0.0008613238,0.0006202863,1
49276,0.0013159200,0.0006202863,1
49278,0.0054218670,0.0006202863,1
49280,0.0095179128,0.0006202863,1
49281,0.0008613238,0.0006202863,1
49287,0.0009581683,0.0006202863,1
49293,0.0009984564,0.0006202863,1
49297,0.0009754068,0.0006202863,1
49372,0.0094266130,0.0006202863,1
49374,0.0008617162,0.0006202863,1
49378,0.0009318726,0.0006202863,1
49383,0.0022502137,0.0006202863,1
49388,0.0016878146,0.0006202863,1
49391,0.0016878146,0.0006202863,1
49393,0.0016878151,0.0006202863,1
49395,0.0016878151,0.0006202863,1
49397,0.0016878151,0.0006202863,1
49398,0.0016878100,0.0006202863,1
49400,0.0016878100,0.0006202863,1
49402,0.0016878100,0.0006202863,1
49419,0.0140313137,0.0006202863,1
49436,0.0168934306,0.0006202863,1
49535,0.0110873417,0.0006202863,1
49546,0.0008613238,0.0006202863,1
49603,0.0006924055,0.0006202863,1
49623,0.0050366944,0.0006202863,1
49627,0.0016034833,0.0006202863,1
49637,0.0014011458,0.0006202863,1
49644,0.0007886512,0.0006202863,1
49714,0.0013087489,0.0006202863,1
49720,0.0189945584,0.0006202863,1
49728,0.0042500229,0.0006202863,1
49735,0.0022677574,0.0006202863,1
49738,0.0049410162,0.0006202863,1
49747,0.0009309778,0.0006202863,1
49754,0.0069772618,0.0006202863,1
49770,0.0069772618,0.0006202863,1
49800,0.0041161797,0.0006202863,1
49837,0.0007999872,0.0006202863,1
49850,0.0013511859,0.0006202863,1
49880,0.0006727331,0.0006202863,1
49887,0.0013976284,0.0006202863,1
49889,0.0009376793,0.0006202863,1
49894,0.0245493561,0.0006202863,1
49896,0.0031167494,0.0006202863,1
49902,0.0016276519,0.0006202863,1
49911,0.0017860053,0.0006202863,1
49939,0.0017035083,0.0006202863,1
49944,0.0054346245,0.0006202863,1
49949,0.0007129911,0.0006202863,1
49958,0.0018089791,0.0006202863,1
49978,0.0112817734,0.0006202863,1
49983,0.0007399738,0.0006202863,1
49987,0.0006872824,0.0006202863,1
49992,0.0016860895,0.0006202863,1
49993,0.0009522053,0.0006202863,1
50000,0.0017035083,0.0006202863,1
50002,0.0044488541,0.0006202863,1
50004,0.0006641902,0.0006202863,1
50034,0.0024682709,0.0006202863,1
50037,0.0351824100,0.0006202863,1
50042,0.0023017276,0.0006202863,1
50072,0.0055084375,0.0006202863,1
50074,0.0021389386,0.0006202863,1
50078,0.0094670021,0.0006202863,1
50109,0.0010205490,0.0006202863,1
50123,0.0034503964,0.0006202863,1
50125,0.0008357636,0.0006202863,1
50134,0.0007668547,0.0006202863,1
50143,0.0049656993,0.0006202863,1
50184,0.0185455028,0.0006202863,1
50249,0.0036939558,0.0006202863,1
50274,0.0056573806,0.0006202863,1
50289,0.0053207050,0.0006202863,1
50301,0.0034778444,0.0006202863,1
50304,0.0140184657,0.0006202863,1
50328,0.0057359990,0.0006202863,1
50346,0.0056573806,0.0006202863,1
50349,0.0056573806,0.0006202863,1
50390,0.0113444080,0.0006202863,1
50420,0.0053534444,0.0006202863,1
50423,0.0080037685,0.0006202863,1
50437,0.0056046054,0.0006202863,1
50440,0.0033638034,0.0006202863,1
50477,0.0010418741,0.0006202863,1
50490,0.0140047546,0.0006202863,1
50505,0.0105585545,0.0006202863,1
50506,0.0141585419,0.0006202863,1
50524,0.0010220461,0.0006202863,1
50525,0.0010220461,0.0006202863,1
50526,0.0054555506,0.0006202863,1
50543,0.0053534444,0.0006202863,1
50547,0.0011675488,0.0006202863,1
50560,0.0045306240,0.0006202863,1
50585,0.0060096753,0.0006202863,1
50590,0.0008613238,0.0006202863,1
50641,0.0044926386,0.0006202863,1
50654,0.0016792028,0.0006202863,1
50660,0.0062662319,0.0006202863,1
50680,0.0105585545,0.0006202863,1
50684,0.0105585545,0.0006202863,1
50691,0.0008721457,0.0006202863,1
50695,0.0018731971,0.0006202863,1
50710,0.0012109434,0.0006202863,1
50716,0.0083166550,0.0006202863,1
50734,0.0118599839,0.0006202863,1
50737,0.0006934189,0.0006202863,1
50738,0.0187038033,0.0006202863,1
50742,0.0006934189,0.0006202863,1
50755,0.0010220461,0.0006202863,1
50756,0.0067364530,0.0006202863,1
50771,0.0010648538,0.0006202863,1
50795,0.0051881356,0.0006202863,1
50804,0.0006540631,0.0006202863,1
50805,0.0009099611,0.0006202863,1
50806,0.0007702492,0.0006202863,1
50807,0.0088633124,0.0006202863,1
50815,0.0013738945,0.0006202863,1
50820,0.0018112112,0.0006202863,1
50831,0.0010329734,0.0006202863,1
50841,0.0096704077,0.0006202863,1
50845,0.0096704077,0.0006202863,1
50850,0.0096704077,0.0006202863,1
50877,0.0031133620,0.0006202863,1
50879,0.0079758015,0.0006202863,1
50880,0.0031133620,0.0006202863,1
50884,0.0031133620,0.0006202863,1
50886,0.0031133620,0.0006202863,1
50959,0.0016792028,0.0006202863,1
50977,0.0016075101,0.0006202863,1
50999,0.0091660998,0.0006202863,1
51002,0.0017684425,0.0006202863,1
51020,0.0009673632,0.0006202863,1
51040,0.0032065384,0.0006202863,1
51057,0.0100363820,0.0006202863,1
51060,0.0091660998,0.0006202863,1
51129,0.0011175901,0.0006202863,1
51131,0.0161371348,0.0006202863,1
51133,0.0164223057,0.0006202863,1
51141,0.0006934189,0.0006202863,1
51142,0.0030603370,0.0006202863,1
51177,0.0055084375,0.0006202863,1
51178,0.0095179128,0.0006202863,1
51185,0.0014399965,0.0006202863,1
51196,0.0017340679,0.0006202863,1
51244,0.0008613238,0.0006202863,1
51246,0.0008613238,0.0006202863,1
51252,0.0273408561,0.0006202863,1
51254,0.0048258149,0.0006202863,1
51258,0.0009886559,0.0006202863,1
51266,0.0042384860,0.0006202863,1
51276,0.0017321096,0.0006202863,1
51277,0.0096762527,0.0006202863,1
51283,0.0182937716,0.0006202863,1
51286,0.0007886512,0.0006202863,1
51300,0.0008314514,0.0006202863,1
51308,0.0188193634,0.0006202863,1
51312,0.0012039772,0.0006202863,1
51329,0.0009364182,0.0006202863,1
51333,0.0011117616,0.0006202863,1
51347,0.0243141681,0.0006202863,1
51352,0.0008613238,0.0006202863,1
51373,0.0692934069,0.0006202863,1
51389,0.0025815374,0.0006202863,1
51403,0.0008613238,0.0006202863,1
51406,0.0019107149,0.0006202863,1
51427,0.0023413694,0.0006202863,1
51439,0.0029950276,0.0006202863,1
51445,0.0007850913,0.0006202863,1
51448,0.0008613238,0.0006202863,1
51453,0.0042241928,0.0006202863,1
51456,0.0006462565,0.0006202863,1
51468,0.0054218670,0.0006202863,1
51476,0.0013976284,0.0006202863,1
51477,0.0055876095,0.0006202863,1
51481,0.0055876095,0.0006202863,1
51487,0.0013976284,0.0006202863,1
51493,0.0013976284,0.0006202863,1
51495,0.0008856095,0.0006202863,1
51539,0.0009144359,0.0006202863,1
51589,0.0008619179,0.0006202863,1
51608,0.0128885065,0.0006202863,1
51611,0.0140184657,0.0006202863,1
51612,0.0190136019,0.0006202863,1
51616,0.0190136019,0.0006202863,1
51621,0.0007158618,0.0006202863,1
51637,0.0047479335,0.0006202863,1
51644,0.0031210381,0.0006202863,1
51646,0.0071605217,0.0006202863,1
51668,0.0007826073,0.0006202863,1
51683,0.0084177545,0.0006202863,1
51700,0.0016878146,0.0006202863,1
51705,0.0016878146,0.0006202863,1
51709,0.0016878146,0.0006202863,1
51718,0.0016878151,0.0006202863,1
51722,0.0016878151,0.0006202863,1
51723,0.0129786003,0.0006202863,1
51727,0.0007192878,0.0006202863,1
51729,0.0016878100,0.0006202863,1
51732,0.0016878100,0.0006202863,1
51746,0.0015815344,0.0006202863,1
51754,0.0006795989,0.0006202863,1
51759,0.0007122431,0.0006202863,1
51762,0.0007122431,0.0006202863,1
51783,0.0022503836,0.0006202863,1
51791,0.0157015658,0.0006202863,1
51826,0.0008464672,0.0006202863,1
51859,0.0077302268,0.0006202863,1
51870,0.0080037685,0.0006202863,1
51953,0.0190136019,0.0006202863,1
51975,0.0029875367,0.0006202863,1
51986,0.0013976284,0.0006202863,1
51998,0.0027713931,0.0006202863,1
52033,0.0060561880,0.0006202863,1
52064,0.0010425818,0.0006202863,1
52094,0.0054021033,0.0006202863,1
52095,0.0008071520,0.0006202863,1
52100,0.0018785883,0.0006202863,1
52172,0.0191616876,0.0006202863,1
52250,0.0020162873,0.0006202863,1
52281,0.0054538452,0.0006202863,1
52298,0.0031133620,0.0006202863,1
52301,0.0006833919,0.0006202863,1
52302,0.0031133620,0.0006202863,1
52315,0.0022506048,0.0006202863,1
52321,0.0077302268,0.0006202863,1
52325,0.0077302268,0.0006202863,1
52326,0.0016985338,0.0006202863,1
52338,0.0070643148,0.0006202863,1
52341,0.0006379690,0.0006202863,1
52344,0.0047661640,0.0006202863,1
52347,0.0034582431,0.0006202863,1
52361,0.0054141989,0.0006202863,1
52453,0.0033856226,0.0006202863,1
52513,0.0006934189,0.0006202863,1
52519,0.0006934189,0.0006202863,1
52534,0.0116890703,0.0006202863,1
52545,0.0068541527,0.0006202863,1
52547,0.0007075113,0.0006202863,1
52574,0.0060561880,0.0006202863,1
52577,0.0057983689,0.0006202863,1
52581,0.0007540412,0.0006202863,1
52583,0.0055883030,0.0006202863,1
52589,0.0105585545,0.0006202863,1
52605,0.0102024829,0.0006202863,1
52636,0.0006934189,0.0006202863,1
52640,0.0006934189,0.0006202863,1
52644,0.0006934189,0.0006202863,1
52663,0.0033276215,0.0006202863,1
52709,0.0009144340,0.0006202863,1
52714,0.0201876570,0.0006202863,1
52717,0.0022297388,0.0006202863,1
52718,0.0023984576,0.0006202863,1
52719,0.0008561131,0.0006202863,1
52733,0.0013709035,0.0006202863,1
52734,0.0006579818,0.0006202863,1
52737,0.0007702492,0.0006202863,1
52740,0.0007702492,0.0006202863,1
52743,0.0007702492,0.0006202863,1
52754,0.0055876095,0.0006202863,1
52755,0.0009099611,0.0006202863,1
52756,0.0088633124,0.0006202863,1
52757,0.0062310856,0.0006202863,1
52761,0.0717525638,0.0006202863,1
52767,0.0304195104,0.0006202863,1
52771,0.0007702492,0.0006202863,1
52774,0.0296889647,0.0006202863,1
52776,0.0088633124,0.0006202863,1
52777,0.0031133620,0.0006202863,1
52783,0.0012323075,0.0006202863,1
52785,0.0015556360,0.0006202863,1
52798,0.0009202214,0.0006202863,1
52809,0.0006953741,0.0006202863,1
52827,0.0542939807,0.0006202863,1
52837,0.0096704077,0.0006202863,1
52838,0.0011707585,0.0006202863,1
52843,0.0096704077,0.0006202863,1
52856,0.0096704077,0.0006202863,1
52863,0.0027711911,0.0006202863,1
52865,0.0042467473,0.0006202863,1
52887,0.0008613238,0.0006202863,1
52902,0.0167666256,0.0006202863,1
52914,0.0007681226,0.0006202863,1
52930,0.0038159240,0.0006202863,1
52936,0.0014043875,0.0006202863,1
52945,0.0055725404,0.0006202863,1
52947,0.0064966153,0.0006202863,1
52962,0.0099463731,0.0006202863,1
52972,0.0029772975,0.0006202863,1
52980,0.0007870930,0.0006202863,1
52987,0.0008613238,0.0006202863,1
52997,0.0007825537,0.0006202863,1
53000,0.0006204417,0.0006202863,1
53002,0.0009191684,0.0006202863,1
53004,0.0011376384,0.0006202863,1
53006,0.0008613238,0.0006202863,1
53007,0.0006934189,0.0006202863,1
53013,0.0013976284,0.0006202863,1
53020,0.0068541527,0.0006202863,1
53026,0.0094110990,0.0006202863,1
53033,0.0056573806,0.0006202863,1
53034,0.0010155503,0.0006202863,1
53043,0.0009581683,0.0006202863,1
53048,0.0009628448,0.0006202863,1
53049,0.0053207050,0.0006202863,1
53063,0.0008613238,0.0006202863,1
53067,0.0060096753,0.0006202863,1
53072,0.0009581683,0.0006202863,1
53082,0.0008613238,0.0006202863,1
53087,0.0109657772,0.0006202863,1
53092,0.0109657772,0.0006202863,1
53109,0.0016860895,0.0006202863,1
53113,0.0007891864,0.0006202863,1
53116,0.0052229996,0.0006202863,1
53126,0.0184044237,0.0006202863,1
53128,0.0007147133,0.0006202863,1
53136,0.0046960091,0.0006202863,1
53156,0.0100363820,0.0006202863,1
53157,0.0129786003,0.0006202863,1
53162,0.0144917062,0.0006202863,1
53164,0.0011299479,0.0006202863,1
53165,0.0129786003,0.0006202863,1
53166,0.0011673371,0.0006202863,1
53200,0.0050148985,0.0006202863,1
53204,0.0030080025,0.0006202863,1
53208,0.0742445063,0.0006202863,1
53210,0.0202044749,0.0006202863,1
53214,0.0030080025,0.0006202863,1
53240,0.0074499242,0.0006202863,1
53245,0.0071488815,0.0006202863,1
53247,0.0054744888,0.0006202863,1
53249,0.0052258899,0.0006202863,1
53269,0.0007702492,0.0006202863,1
53271,0.0006631013,0.0006202863,1
53273,0.0062733927,0.0006202863,1
53274,0.0007702492,0.0006202863,1
53280,0.0007702492,0.0006202863,1
53286,0.0007702492,0.0006202863,1
53290,0.0060313180,0.0006202863,1
53292,0.0071488815,0.0006202863,1
53294,0.0006946525,0.0006202863,1
53295,0.0048525765,0.0006202863,1
53296,0.0011728051,0.0006202863,1
53300,0.0088633124,0.0006202863,1
53309,0.0088633124,0.0006202863,1
53337,0.0018815712,0.0006202863,1
53351,0.0094477986,0.0006202863,1
53363,0.0016878151,0.0006202863,1
53379,0.0016878100,0.0006202863,1
53407,0.0011719962,0.0006202863,1
53419,0.0051465675,0.0006202863,1
53424,0.0051465675,0.0006202863,1
53434,0.0025665849,0.0006202863,1
53441,0.0140313137,0.0006202863,1
53448,0.0023956230,0.0006202863,1
53465,0.0141585419,0.0006202863,1
53477,0.0137745787,0.0006202863,1
53493,0.0013976284,0.0006202863,1
53506,0.0052258899,0.0006202863,1
53515,0.0013976284,0.0006202863,1
53516,0.0128885065,0.0006202863,1
53517,0.0083166550,0.0006202863,1
53521,0.0083166550,0.0006202863,1
53527,0.0007330882,0.0006202863,1
53532,0.0008188346,0.0006202863,1
53538,0.0008613238,0.0006202863,1
53562,0.0010732318,0.0006202863,1
53568,0.0613206962,0.0006202863,1
53570,0.0231713510,0.0006202863,1
53574,0.0007147133,0.0006202863,1
53581,0.0010220461,0.0006202863,1
53603,0.0066724044,0.0006202863,1
53611,0.0068141236,0.0006202863,1
53623,0.0024471286,0.0006202863,1
53627,0.0094477986,0.0006202863,1
53643,0.0018336599,0.0006202863,1
53650,0.0016878146,0.0006202863,1
53653,0.0016878146,0.0006202863,1
53657,0.0016878151,0.0006202863,1
53658,0.0031133620,0.0006202863,1
53661,0.0016878151,0.0006202863,1
53665,0.0016878151,0.0006202863,1
53669,0.0016878151,0.0006202863,1
53673,0.0016878151,0.0006202863,1
53679,0.0016878100,0.0006202863,1
53680,0.0192806539,0.0006202863,1
53707,0.0095771276,0.0006202863,1
53715,0.0131793245,0.0006202863,1
53719,0.0051465675,0.0006202863,1
53743,0.0018046443,0.0006202863,1
53746,0.0018844089,0.0006202863,1
53754,0.0037839686,0.0006202863,1
53772,0.0106230697,0.0006202863,1
53789,0.0016878146,0.0006202863,1
53794,0.0016878146,0.0006202863,1
53810,0.0016878151,0.0006202863,1
53811,0.0016325075,0.0006202863,1
53813,0.0016878151,0.0006202863,1
53815,0.0093490295,0.0006202863,1
53817,0.0010169140,0.0006202863,1
53818,0.0016878100,0.0006202863,1
53821,0.0023069402,0.0006202863,1
53829,0.0016878100,0.0006202863,1
53834,0.0167312837,0.0006202863,1
53839,0.0055553374,0.0006202863,1
53845,0.0088633124,0.0006202863,1
53865,0.0051465675,0.0006202863,1
53878,0.0013942691,0.0006202863,1
53908,0.0008011876,0.0006202863,1
53910,0.0168934306,0.0006202863,1
53918,0.0027934629,0.0006202863,1
53923,0.0006934189,0.0006202863,1
53946,0.0127519700,0.0006202863,1
53971,0.0096704077,0.0006202863,1
53987,0.0061823272,0.0006202863,1
53994,0.0017767262,0.0006202863,1
53995,0.0007351735,0.0006202863,1
54002,0.0064795919,0.0006202863,1
54028,0.0007254779,0.0006202863,1
54042,0.0095936251,0.0006202863,1
54078,0.0009203416,0.0006202863,1
54085,0.0006540631,0.0006202863,1
54111,0.0006991720,0.0006202863,1
54124,0.0018483550,0.0006202863,1
54126,0.0007702492,0.0006202863,1
54128,0.0008796763,0.0006202863,1
54131,0.0060313180,0.0006202863,1
54134,0.0060297026,0.0006202863,1
54139,0.0088633124,0.0006202863,1
54145,0.0088633124,0.0006202863,1
54162,0.0007491488,0.0006202863,1
54167,0.0007885460,0.0006202863,1
54174,0.0060096753,0.0006202863,1
54213,0.0009245783,0.0006202863,1
54214,0.0060297026,0.0006202863,1
54230,0.0096704077,0.0006202863,1
54236,0.0096704077,0.0006202863,1
54244,0.0096704077,0.0006202863,1
54249,0.0040342353,0.0006202863,1
54331,0.0057530517,0.0006202863,1
54349,0.0023331312,0.0006202863,1
54378,0.0013976284,0.0006202863,1
54381,0.0020433564,0.0006202863,1
54383,0.0007170621,0.0006202863,1
54386,0.0007075113,0.0006202863,1
54406,0.0009290124,0.0006202863,1
54419,0.0011791806,0.0006202863,1
54478,0.0008827271,0.0006202863,1
54501,0.0371837611,0.0006202863,1
54562,0.0048938959,0.0006202863,1
54582,0.0321128180,0.0006202863,1
54615,0.0033683395,0.0006202863,1
54617,0.0007601060,0.0006202863,1
54628,0.0055876095,0.0006202863,1
54648,0.0014468670,0.0006202863,1
54650,0.0042939153,0.0006202863,1
54651,0.0013976284,0.0006202863,1
54660,0.0013976284,0.0006202863,1
54667,0.0013976284,0.0006202863,1
54670,0.0106230697,0.0006202863,1
54677,0.0006871086,0.0006202863,1
54678,0.0198246689,0.0006202863,1
54686,0.0084177545,0.0006202863,1
54692,0.0312467358,0.0006202863,1
54706,0.0013976284,0.0006202863,1
54711,0.0025729443,0.0006202863,1
54720,0.0016878146,0.0006202863,1
54726,0.0016878151,0.0006202863,1
54729,0.0018906768,0.0006202863,1
54732,0.0016878151,0.0006202863,1
54743,0.0037418447,0.0006202863,1
54768,0.0033125166,0.0006202863,1
54783,0.0007122431,0.0006202863,1
54789,0.0007122431,0.0006202863,1
54832,0.0006621420,0.0006202863,1
54847,0.0152430710,0.0006202863,1
54862,0.0237592106,0.0006202863,1
54917,0.0006354649,0.0006202863,1
54987,0.0282445584,0.0006202863,1
55030,0.0240586026,0.0006202863,1
55031,0.0014933319,0.0006202863,1
55037,0.0051624454,0.0006202863,1
55048,0.0538293508,0.0006202863,1
55067,0.0061692974,0.0006202863,1
55073,0.0034795760,0.0006202863,1
55076,0.0109394326,0.0006202863,1
55078,0.0051624454,0.0006202863,1
55084,0.0187969540,0.0006202863,1
55098,0.0195481006,0.0006202863,1
55107,0.0082672223,0.0006202863,1
55118,0.0021524793,0.0006202863,1
55128,0.0013316339,0.0006202863,1
55137,0.0068541208,0.0006202863,1
55142,0.0068541208,0.0006202863,1
55155,0.0074683388,0.0006202863,1
55174,0.0014251296,0.0006202863,1
55300,0.0252316693,0.0006202863,1
55350,0.0008613238,0.0006202863,1
55356,0.0013976284,0.0006202863,1
55392,0.0032708851,0.0006202863,1
55394,0.0017480426,0.0006202863,1
55400,0.0006947520,0.0006202863,1
55444,0.0181295275,0.0006202863,1
55463,0.0068327665,0.0006202863,1
55642,0.0024893937,0.0006202863,1
55651,0.0008201190,0.0006202863,1
55734,0.0006909846,0.0006202863,1
55748,0.0071488815,0.0006202863,1
55759,0.0007022254,0.0006202863,1
55770,0.0059638257,0.0006202863,1
55775,0.0059638257,0.0006202863,1
55780,0.0074683388,0.0006202863,1
55909,0.0042923264,0.0006202863,1
55924,0.0009285866,0.0006202863,1
55936,0.0009138171,0.0006202863,1
55940,0.0013892148,0.0006202863,1
55952,0.0088633124,0.0006202863,1
55956,0.0088633124,0.0006202863,1
55959,0.0088633124,0.0006202863,1
55965,0.0088633124,0.0006202863,1
56025,0.0127519700,0.0006202863,1
56042,0.0096704077,0.0006202863,1
56048,0.0096704077,0.0006202863,1
56057,0.0096704077,0.0006202863,1
56066,0.0096704077,0.0006202863,1
56168,0.0013976284,0.0006202863,1
56186,0.0060096753,0.0006202863,1
56207,0.0008613238,0.0006202863,1
56211,0.0009581683,0.0006202863,1
56217,0.0008613238,0.0006202863,1
56223,0.0007258581,0.0006202863,1
56257,0.0013976284,0.0006202863,1
56364,0.0184448820,0.0006202863,1
56405,0.0008613238,0.0006202863,1
56533,0.0008613238,0.0006202863,1
57193,0.0049798827,0.0006202863,1
57212,0.0029380980,0.0006202863,1
57246,0.0054346245,0.0006202863,1
57278,0.0007336649,0.0006202863,1
57289,0.0015288457,0.0006202863,1
57292,0.0015022278,0.0006202863,1
57304,0.0017860053,0.0006202863,1
57309,0.0008676173,0.0006202863,1
57312,0.0006246558,0.0006202863,1
57316,0.0007162856,0.0006202863,1
57338,0.0014992922,0.0006202863,1
57470,0.0008613238,0.0006202863,1
57474,0.0054344638,0.0006202863,1
57485,0.0068141236,0.0006202863,1
57526,0.0157015658,0.0006202863,1
57553,0.0327052517,0.0006202863,1
57626,0.0042923264,0.0006202863,1
57788,0.0099463731,0.0006202863,1
57808,0.0013674115,0.0006202863,1
57819,0.0006789525,0.0006202863,1
57824,0.0012584158,0.0006202863,1
57833,0.0019499104,0.0006202863,1
57835,0.0131763873,0.0006202863,1
57837,0.0007290495,0.0006202863,1
57844,0.0006853147,0.0006202863,1
57854,0.0013055370,0.0006202863,1
57892,0.0007722709,0.0006202863,1
57900,0.0283742068,0.0006202863,1
57930,0.0047140797,0.0006202863,1
57947,0.0007369991,0.0006202863,1
57968,0.0189583322,0.0006202863,1
57981,0.0243141681,0.0006202863,1
57996,0.0185455028,0.0006202863,1
58008,0.0054021033,0.0006202863,1
58024,0.0041878236,0.0006202863,1
58039,0.0069459006,0.0006202863,1
58082,0.0077302268,0.0006202863,1
58093,0.0131763873,0.0006202863,1
58098,0.0062733927,0.0006202863,1
58106,0.0056046054,0.0006202863,1
58110,0.0061280606,0.0006202863,1
58139,0.0010662751,0.0006202863,1
58150,0.0140047546,0.0006202863,1
58187,0.0030466845,0.0006202863,1
58199,0.0105186701,0.0006202863,1
58221,0.0053534444,0.0006202863,1
58251,0.0183426879,0.0006202863,1
58275,0.0017142062,0.0006202863,1
58288,0.0303351597,0.0006202863,1
58293,0.0036631116,0.0006202863,1
58307,0.0013976284,0.0006202863,1
58327,0.0008655639,0.0006202863,1
58331,0.0014043875,0.0006202863,1
58352,0.0057983689,0.0006202863,1
58358,0.0057983689,0.0006202863,1
58379,0.0020162873,0.0006202863,1
58415,0.0181295275,0.0006202863,1
58417,0.0031133620,0.0006202863,1
58420,0.0031133620,0.0006202863,1
58423,0.0031133620,0.0006202863,1
58426,0.0031133620,0.0006202863,1
58441,0.0066724044,0.0006202863,1
58519,0.0028285570,0.0006202863,1
58521,0.0118075125,0.0006202863,1
58525,0.0118075125,0.0006202863,1
58533,0.0031373966,0.0006202863,1
58538,0.0006379690,0.0006202863,1
58604,0.0007222156,0.0006202863,1
58609,0.0027922872,0.0006202863,1
58649,0.0051538365,0.0006202863,1
58652,0.0029091684,0.0006202863,1
58663,0.0013976284,0.0006202863,1
58666,0.0009490622,0.0006202863,1
58667,0.0013976284,0.0006202863,1
58670,0.0010256973,0.0006202863,1
58672,0.0074683388,0.0006202863,1
58729,0.0006934189,0.0006202863,1
58731,0.0046960091,0.0006202863,1
58732,0.0006934189,0.0006202863,1
58735,0.0006934189,0.0006202863,1
58741,0.0006934189,0.0006202863,1
58747,0.0013276331,0.0006202863,1
58763,0.0082207096,0.0006202863,1
58768,0.0144218405,0.0006202863,1
58785,0.0095936251,0.0006202863,1
58808,0.0036107091,0.0006202863,1
58829,0.0159991456,0.0006202863,1
58830,0.0049798827,0.0006202863,1
58834,0.0028406136,0.0006202863,1
58841,0.0008831680,0.0006202863,1
58850,0.0007702492,0.0006202863,1
58853,0.0088633124,0.0006202863,1
58856,0.0088633124,0.0006202863,1
58859,0.0088633124,0.0006202863,1
58934,0.0016878146,0.0006202863,1
58938,0.0016878146,0.0006202863,1
58941,0.0016878146,0.0006202863,1
58942,0.0016878146,0.0006202863,1
58963,0.0016878100,0.0006202863,1
58966,0.0016878100,0.0006202863,1
58975,0.0010329734,0.0006202863,1
58988,0.0094774908,0.0006202863,1
59042,0.0084353276,0.0006202863,1
59046,0.0011047279,0.0006202863,1
59065,0.0093703364,0.0006202863,1
59087,0.0012574520,0.0006202863,1
59102,0.0008514797,0.0006202863,1
59113,0.0112817734,0.0006202863,1
59151,0.0074163384,0.0006202863,1
59323,0.0052823890,0.0006202863,1
59325,0.0101253830,0.0006202863,1
59414,0.0006718807,0.0006202863,1
59474,0.0084222258,0.0006202863,1
59526,0.0009397036,0.0006202863,1
59529,0.0009397036,0.0006202863,1
59532,0.0009397036,0.0006202863,1
59534,0.0009397036,0.0006202863,1
59546,0.0006903929,0.0006202863,1
59559,0.0010700967,0.0006202863,1
59561,0.0308772576,0.0006202863,1
59563,0.0008843682,0.0006202863,1
59588,0.0069381026,0.0006202863,1
59590,0.0006805001,0.0006202863,1
59592,0.0075807848,0.0006202863,1
59748,0.0052823890,0.0006202863,1
59798,0.0168239200,0.0006202863,1
59802,0.0008866944,0.0006202863,1
59804,0.0006718028,0.0006202863,1
59836,0.0055413192,0.0006202863,1
59879,0.0045878706,0.0006202863,1
59901,0.0017606063,0.0006202863,1
59910,0.0058790006,0.0006202863,1
59912,0.0058790006,0.0006202863,1
59926,0.0006728921,0.0006202863,1
59930,0.0023737108,0.0006202863,1
59945,0.0022878837,0.0006202863,1
59962,0.0009397036,0.0006202863,1
59970,0.0217027178,0.0006202863,1
59991,0.0188816589,0.0006202863,1
59999,0.0008475559,0.0006202863,1
60027,0.0344028453,0.0006202863,1
60053,0.0007426775,0.0006202863,1
60056,0.0007480847,0.0006202863,1
60072,0.0007384999,0.0006202863,1
60118,0.0028401888,0.0006202863,1
60121,0.0028401888,0.0006202863,1
60125,0.0028401888,0.0006202863,1
60127,0.0028401888,0.0006202863,1
60140,0.0047577361,0.0006202863,1
60148,0.0006894827,0.0006202863,1
60153,0.0009397036,0.0006202863,1
60160,0.0009397036,0.0006202863,1
60161,0.0009397036,0.0006202863,1
60181,0.0010153391,0.0006202863,1
60199,0.0019227402,0.0006202863,1
60200,0.0745812685,0.0006202863,1
60202,0.0093841744,0.0006202863,1
60218,0.0024651862,0.0006202863,1
60220,0.0084488021,0.0006202863,1
60221,0.0096253922,0.0006202863,1
60223,0.0084488021,0.0006202863,1
60224,0.0096253922,0.0006202863,1
60228,0.0084353276,0.0006202863,1
60258,0.0047577361,0.0006202863,1
60284,0.0011744474,0.0006202863,1
60299,0.0028401888,0.0006202863,1
60307,0.0095234134,0.0006202863,1
60316,0.0011439957,0.0006202863,1
60324,0.0281106524,0.0006202863,1
60326,0.0343957871,0.0006202863,1
60330,0.0290731250,0.0006202863,1
60334,0.0188428751,0.0006202863,1
60337,0.0046494048,0.0006202863,1
60339,0.0058790006,0.0006202863,1
60344,0.0172597517,0.0006202863,1
60345,0.0172597517,0.0006202863,1
60347,0.0008421665,0.0006202863,1
60352,0.0160687960,0.0006202863,1
60353,0.0160687960,0.0006202863,1
60364,0.0009760172,0.0006202863,1
60369,0.0009593093,0.0006202863,1
60382,0.0031686143,0.0006202863,1
60386,0.0009593093,0.0006202863,1
60388,0.0058790006,0.0006202863,1
60389,0.0058790006,0.0006202863,1
60390,0.0028401888,0.0006202863,1
60392,0.0058790006,0.0006202863,1
60393,0.0028401888,0.0006202863,1
60394,0.0058790006,0.0006202863,1
60395,0.0028401888,0.0006202863,1
60396,0.0028401888,0.0006202863,1
60397,0.0206461970,0.0006202863,1
60401,0.0055413192,0.0006202863,1
60402,0.0019222554,0.0006202863,1
60426,0.0109946576,0.0006202863,1
60427,0.0084222258,0.0006202863,1
60432,0.0007686484,0.0006202863,1
60447,0.0012450711,0.0006202863,1
60459,0.0172597517,0.0006202863,1
60466,0.0047231191,0.0006202863,1
60467,0.0047231191,0.0006202863,1
60469,0.0006852812,0.0006202863,1
60472,0.0006852812,0.0006202863,1
60487,0.0091710907,0.0006202863,1
60500,0.0049354026,0.0006202863,1
60565,0.0125854813,0.0006202863,1
60575,0.0009397036,0.0006202863,1
60576,0.0009397036,0.0006202863,1
60598,0.0052823890,0.0006202863,1
60605,0.0101253830,0.0006202863,1
60606,0.0037400813,0.0006202863,1
60667,0.0028401888,0.0006202863,1
60680,0.0006854695,0.0006202863,1
60683,0.0006854695,0.0006202863,1
60685,0.0006854695,0.0006202863,1
60687,0.0006854695,0.0006202863,1
60688,0.0082673780,0.0006202863,1
60690,0.0008887361,0.0006202863,1
60691,0.0008887361,0.0006202863,1
60693,0.0008887361,0.0006202863,1
60694,0.0084488021,0.0006202863,1
60695,0.0058790006,0.0006202863,1
60697,0.0058790006,0.0006202863,1
60698,0.0058790006,0.0006202863,1
60704,0.0191358919,0.0006202863,1
60731,0.0014227366,0.0006202863,1
60741,0.0028401888,0.0006202863,1
60772,0.0187594737,0.0006202863,1
60774,0.0009397036,0.0006202863,1
60776,0.0009397036,0.0006202863,1
60782,0.0172305808,0.0006202863,1
60797,0.0011800220,0.0006202863,1
60804,0.0006851216,0.0006202863,1
60811,0.0006488811,0.0006202863,1
60813,0.0007839440,0.0006202863,1
60820,0.0010863906,0.0006202863,1
60822,0.0079217590,0.0006202863,1
60867,0.0007262484,0.0006202863,1
60881,0.0141310815,0.0006202863,1
60900,0.0180040747,0.0006202863,1
60907,0.0172597517,0.0006202863,1
60908,0.0046494048,0.0006202863,1
60922,0.0008914538,0.0006202863,1
60932,0.0009552915,0.0006202863,1
60943,0.0029453740,0.0006202863,1
60944,0.0035751354,0.0006202863,1
60948,0.0006852812,0.0006202863,1
60951,0.0006852812,0.0006202863,1
60953,0.0006852812,0.0006202863,1
60954,0.0016878146,0.0006202863,1
60955,0.0006852812,0.0006202863,1
60956,0.0016878146,0.0006202863,1
60960,0.0016878151,0.0006202863,1
60963,0.0016878100,0.0006202863,1
60966,0.0016878100,0.0006202863,1
60967,0.0160687960,0.0006202863,1
60968,0.0009593093,0.0006202863,1
60969,0.0016878100,0.0006202863,1
60970,0.0016878100,0.0006202863,1
60972,0.0016878100,0.0006202863,1
60977,0.0131793245,0.0006202863,1
61001,0.0182724023,0.0006202863,1
61028,0.0249706950,0.0006202863,1
61030,0.0007030349,0.0006202863,1
61033,0.0067230053,0.0006202863,1
61079,0.0028401888,0.0006202863,1
61081,0.0028401888,0.0006202863,1
61083,0.0008212797,0.0006202863,1
61086,0.0028401888,0.0006202863,1
61087,0.0029080749,0.0006202863,1
61088,0.0035717267,0.0006202863,1
61089,0.0009263609,0.0006202863,1
61123,0.0009469133,0.0006202863,1
61124,0.0058790006,0.0006202863,1
61127,0.0058790006,0.0006202863,1
61128,0.0058790006,0.0006202863,1
61139,0.0414325611,0.0006202863,1
61153,0.0010259127,0.0006202863,1
61173,0.0096253922,0.0006202863,1
61176,0.0054141989,0.0006202863,1
61178,0.0069459006,0.0006202863,1
61179,0.0012578675,0.0006202863,1
61185,0.0206097222,0.0006202863,1
61193,0.0091710907,0.0006202863,1
61198,0.0053902197,0.0006202863,1
61204,0.0110903436,0.0006202863,1
61206,0.0033930554,0.0006202863,1
61230,0.0009397036,0.0006202863,1
61233,0.0009397036,0.0006202863,1
61235,0.0009397036,0.0006202863,1
61237,0.0009397036,0.0006202863,1
61239,0.0009397036,0.0006202863,1
61241,0.0336014134,0.0006202863,1
61244,0.0336014134,0.0006202863,1
61247,0.0336014134,0.0006202863,1
61265,0.0007927881,0.0006202863,1
61272,0.0106348959,0.0006202863,1
61273,0.0099414360,0.0006202863,1
61274,0.0028401888,0.0006202863,1
61276,0.0028401888,0.0006202863,1
61287,0.0013361640,0.0006202863,1
61289,0.0009397036,0.0006202863,1
61292,0.0009397036,0.0006202863,1
61293,0.0006848471,0.0006202863,1
61300,0.0007326195,0.0006202863,1
61315,0.0013413614,0.0006202863,1
61325,0.0007207130,0.0006202863,1
61326,0.0099414360,0.0006202863,1
61330,0.0017226495,0.0006202863,1
61333,0.0033907350,0.0006202863,1
61342,0.0007043306,0.0006202863,1
61363,0.0058790006,0.0006202863,1
61366,0.0058790006,0.0006202863,1
61367,0.0058790006,0.0006202863,1
61387,0.0023089815,0.0006202863,1
61408,0.0662822683,0.0006202863,1
61425,0.0022402764,0.0006202863,1
61427,0.0007927881,0.0006202863,1
61441,0.0009739787,0.0006202863,1
61448,0.0011474589,0.0006202863,1
61453,0.0039733948,0.0006202863,1
61468,0.0025245529,0.0006202863,1
61472,0.0292714199,0.0006202863,1
61503,0.0006854695,0.0006202863,1
61505,0.0006854695,0.0006202863,1
61507,0.0006854695,0.0006202863,1
61513,0.0006854695,0.0006202863,1
61514,0.0008887361,0.0006202863,1
61515,0.0008887361,0.0006202863,1
61516,0.0008887361,0.0006202863,1
61517,0.0008887361,0.0006202863,1
61518,0.0008887361,0.0006202863,1
61527,0.0010365359,0.0006202863,1
61528,0.0008887361,0.0006202863,1
61538,0.0110450261,0.0006202863,1
61543,0.0028401888,0.0006202863,1
61544,0.0028401888,0.0006202863,1
61548,0.0028401888,0.0006202863,1
61552,0.0336014134,0.0006202863,1
61553,0.0336014134,0.0006202863,1
61554,0.0006253403,0.0006202863,1
61555,0.0336014134,0.0006202863,1
61567,0.0108323532,0.0006202863,1
61571,0.0006854695,0.0006202863,1
61574,0.0006854695,0.0006202863,1
61575,0.0006854695,0.0006202863,1
61589,0.0008887361,0.0006202863,1
61590,0.0008887361,0.0006202863,1
61594,0.0015049712,0.0006202863,1
61615,0.0045735634,0.0006202863,1
61643,0.0013417758,0.0006202863,1
61645,0.0120236359,0.0006202863,1
61647,0.0039346471,0.0006202863,1
61648,0.0006854695,0.0006202863,1
61650,0.0006854695,0.0006202863,1
61652,0.0006854695,0.0006202863,1
61654,0.0006854695,0.0006202863,1
61656,0.0008887361,0.0006202863,1
61663,0.0006733196,0.0006202863,1
61670,0.0007030339,0.0006202863,1
61677,0.0015477832,0.0006202863,1
61678,0.0015477832,0.0006202863,1
61679,0.0681514129,0.0006202863,1
61700,0.0009341073,0.0006202863,1
61701,0.0058790006,0.0006202863,1
61702,0.0058790006,0.0006202863,1
61703,0.0058790006,0.0006202863,1
61704,0.0008887361,0.0006202863,1
61706,0.0102554959,0.0006202863,1
61711,0.0010491494,0.0006202863,1
61715,0.0063016041,0.0006202863,1
61732,0.0336014134,0.0006202863,1
61733,0.0336014134,0.0006202863,1
61734,0.0336014134,0.0006202863,1
61735,0.0336014134,0.0006202863,1
61754,0.0336014134,0.0006202863,1
61755,0.0336014134,0.0006202863,1
61758,0.0006854695,0.0006202863,1
61761,0.0006854695,0.0006202863,1
61762,0.0006854695,0.0006202863,1
61763,0.0008887361,0.0006202863,1
61765,0.0008887361,0.0006202863,1
61766,0.0008887361,0.0006202863,1
61767,0.0008887361,0.0006202863,1
61774,0.0025779834,0.0006202863,1
61782,0.0062307439,0.0006202863,1
61783,0.0062307439,0.0006202863,1
61784,0.0053091294,0.0006202863,1
61787,0.0008021256,0.0006202863,1
61791,0.0006870505,0.0006202863,1
61806,0.0136140274,0.0006202863,1
61810,0.0007301036,0.0006202863,1
61845,0.0008861470,0.0006202863,1
61855,0.0187920582,0.0006202863,1
61859,0.0053767206,0.0006202863,1
61866,0.0010219893,0.0006202863,1
61868,0.0015359153,0.0006202863,1
61881,0.0020511757,0.0006202863,1
61899,0.0014452023,0.0006202863,1
61900,0.0007052861,0.0006202863,1
61932,0.0284470279,0.0006202863,1
61953,0.0336014134,0.0006202863,1
61956,0.0336014134,0.0006202863,1
61957,0.0336014134,0.0006202863,1
61967,0.0067230053,0.0006202863,1
61978,0.0013976284,0.0006202863,1
61980,0.0006944656,0.0006202863,1
62002,0.0336014134,0.0006202863,1
62013,0.0020695987,0.0006202863,1
62017,0.0020488217,0.0006202863,1
62025,0.0106348959,0.0006202863,1
62027,0.0014597620,0.0006202863,1
62040,0.0082065353,0.0006202863,1
62042,0.0712114859,0.0006202863,1
62060,0.0024128738,0.0006202863,1
62074,0.0044091857,0.0006202863,1
62090,0.0025123625,0.0006202863,1
62092,0.0097801332,0.0006202863,1
62095,0.0007011460,0.0006202863,1
62097,0.0053767206,0.0006202863,1
62103,0.0007278372,0.0006202863,1
62114,0.0007164957,0.0006202863,1
62119,0.0336014134,0.0006202863,1
62124,0.0006854695,0.0006202863,1
62125,0.0008887361,0.0006202863,1
62127,0.0008887361,0.0006202863,1
62130,0.0008887361,0.0006202863,1
62131,0.0110901099,0.0006202863,1
62168,0.0204199222,0.0006202863,1
62189,0.0077864682,0.0006202863,1
62192,0.0043363522,0.0006202863,1
62201,0.0006969072,0.0006202863,1
62234,0.0092745387,0.0006202863,1
62235,0.0008365661,0.0006202863,1
62255,0.0046285313,0.0006202863,1
62261,0.0015477832,0.0006202863,1
62262,0.0015477832,0.0006202863,1
62263,0.0015477832,0.0006202863,1
62264,0.0015477832,0.0006202863,1
62273,0.0056698505,0.0006202863,1
62290,0.0013827700,0.0006202863,1
62295,0.0109528191,0.0006202863,1
62304,0.0050255614,0.0006202863,1
62305,0.0235080379,0.0006202863,1
62321,0.0021024810,0.0006202863,1
62334,0.0022558950,0.0006202863,1
62336,0.0015477832,0.0006202863,1
62338,0.0015477832,0.0006202863,1
62339,0.0015477832,0.0006202863,1
62342,0.0013812057,0.0006202863,1
62349,0.0101054507,0.0006202863,1
62361,0.0130136733,0.0006202863,1
62364,0.0135214784,0.0006202863,0
62366,0.0015788746,0.0006202863,0
62368,0.0009763301,0.0006202863,0
62374,0.0046285313,0.0006202863,1
62378,0.0006906489,0.0006202863,0
62379,0.0009187877,0.0006202863,0
62383,0.0130136733,0.0006202863,1
62414,0.0121902548,0.0006202863,1
62431,0.0080394752,0.0006202863,1
62432,0.0055090350,0.0006202863,1
62448,0.0006673868,0.0006202863,1
62452,0.0008456912,0.0006202863,1
62465,0.0137120407,0.0006202863,1
62468,0.0028178138,0.0006202863,1
62472,0.0133004036,0.0006202863,1
62474,0.0133004036,0.0006202863,1
62476,0.0133004036,0.0006202863,1
62477,0.0133004036,0.0006202863,1
62478,0.0133004036,0.0006202863,1
62480,0.0074662182,0.0006202863,1
62488,0.0032322771,0.0006202863,1
62498,0.0060011783,0.0006202863,1
62499,0.0180000916,0.0006202863,1
62500,0.0060011783,0.0006202863,1
62507,0.0046083905,0.0006202863,1
62508,0.0185787508,0.0006202863,1
62530,0.0032247289,0.0006202863,1
62532,0.0015477832,0.0006202863,1
62542,0.0006672580,0.0006202863,1
62554,0.0006930290,0.0006202863,1
62558,0.0044980432,0.0006202863,1
62561,0.0130136733,0.0006202863,1
62562,0.0031962908,0.0006202863,1
62564,0.0016711580,0.0006202863,1
62579,0.0012866728,0.0006202863,1
62596,0.0007332291,0.0006202863,1
62597,0.0007332291,0.0006202863,1
62599,0.0028898375,0.0006202863,1
62617,0.0008056176,0.0006202863,1
62649,0.0008613238,0.0006202863,1
62652,0.0007332291,0.0006202863,1
62655,0.0007332291,0.0006202863,1
62662,0.0013976284,0.0006202863,1
62676,0.0007697224,0.0006202863,1
62679,0.0007293564,0.0006202863,0
62681,0.0008201914,0.0006202863,0
62684,0.0008524724,0.0006202863,0
62695,0.0012286083,0.0006202863,1
62696,0.0006930290,0.0006202863,1
62698,0.0006930290,0.0006202863,1
62716,0.0040487552,0.0006202863,1
62726,0.0011789193,0.0006202863,1
62730,0.0053996697,0.0006202863,1
62731,0.0053996697,0.0006202863,1
62746,0.0031901518,0.0006202863,1
62748,0.0006930290,0.0006202863,1
62751,0.0010799865,0.0006202863,1
62753,0.0156335677,0.0006202863,1
62754,0.0006814398,0.0006202863,1
62766,0.0038453362,0.0006202863,1
62773,0.0013940285,0.0006202863,1
62776,0.0040487552,0.0006202863,1
62787,0.0015477832,0.0006202863,1
62788,0.0015477832,0.0006202863,1
62796,0.0199118254,0.0006202863,1
62800,0.0133004036,0.0006202863,1
62801,0.0015477832,0.0006202863,1
62802,0.0015477832,0.0006202863,1
62803,0.0133004036,0.0006202863,1
62804,0.0015477832,0.0006202863,1
62805,0.0133004036,0.0006202863,1
62831,0.0014972114,0.0006202863,1
62840,0.0124995169,0.0006202863,1
62845,0.0226847031,0.0006202863,1
62847,0.0009233167,0.0006202863,1
62853,0.0156335677,0.0006202863,1
62854,0.0109528191,0.0006202863,1
62872,0.0032995678,0.0006202863,1
62874,0.0070778540,0.0006202863,1
62875,0.0022468002,0.0006202863,1
62880,0.0041730401,0.0006202863,1
62882,0.0180000916,0.0006202863,1
62887,0.0007332291,0.0006202863,1
62888,0.0007332291,0.0006202863,1
62902,0.0046855264,0.0006202863,0
62903,0.0046855264,0.0006202863,0
62906,0.0059257939,0.0006202863,1
62923,0.0092830337,0.0006202863,1
62926,0.0092830337,0.0006202863,1
62964,0.0136339633,0.0006202863,0
62965,0.0136339633,0.0006202863,0
62982,0.0011034033,0.0006202863,1
62984,0.0137120407,0.0006202863,1
63031,0.0011888466,0.0006202863,1
63039,0.0140000557,0.0006202863,1
63041,0.0070778540,0.0006202863,1
63059,0.0130136733,0.0006202863,1
63061,0.0130136733,0.0006202863,1
63062,0.0130136733,0.0006202863,1
63063,0.0130136733,0.0006202863,1
63085,0.0037937619,0.0006202863,1
63096,0.0007332291,0.0006202863,1
63097,0.0006930290,0.0006202863,1
63099,0.0007332291,0.0006202863,1
63100,0.0006930290,0.0006202863,1
63101,0.0007332291,0.0006202863,1
63103,0.0007816638,0.0006202863,1
63115,0.0060011783,0.0006202863,1
63116,0.0060011783,0.0006202863,1
63124,0.0098878154,0.0006202863,1
63134,0.0013164760,0.0006202863,1
63135,0.0012690851,0.0006202863,1
63147,0.0011870392,0.0006202863,1
63161,0.0014476933,0.0006202863,1
63190,0.0047997818,0.0006202863,1
63201,0.0015477832,0.0006202863,1
63202,0.0015477832,0.0006202863,1
63204,0.0015477832,0.0006202863,1
63205,0.0015477832,0.0006202863,1
63206,0.0015477832,0.0006202863,1
63211,0.0133004036,0.0006202863,1
63221,0.0007926934,0.0006202863,1
63232,0.0026536634,0.0006202863,1
63250,0.0053205281,0.0006202863,1
63294,0.0056698505,0.0006202863,1
63296,0.0056698505,0.0006202863,1
63297,0.0130136733,0.0006202863,1
63298,0.0130136733,0.0006202863,1
63300,0.0015591411,0.0006202863,1
63331,0.0167962191,0.0006202863,1
63340,0.0060011783,0.0006202863,1
63341,0.0007332291,0.0006202863,1
63343,0.0007332291,0.0006202863,1
63344,0.0007332291,0.0006202863,1
63345,0.0007332291,0.0006202863,1
63350,0.0020132430,0.0006202863,1
63351,0.0060011783,0.0006202863,1
63352,0.0052700035,0.0006202863,1
63353,0.0060011783,0.0006202863,1
63354,0.0052700035,0.0006202863,1
63357,0.0156335677,0.0006202863,1
63378,0.0023878498,0.0006202863,1
63387,0.0037015193,0.0006202863,1
63391,0.0029466628,0.0006202863,1
63400,0.0028918587,0.0006202863,1
63402,0.0007984181,0.0006202863,1
63408,0.0007332291,0.0006202863,1
63411,0.0007332291,0.0006202863,1
63413,0.0014724295,0.0006202863,1
63419,0.0128410503,0.0006202863,1
63430,0.0025191710,0.0006202863,1
63437,0.0009122611,0.0006202863,1
63448,0.0012318675,0.0006202863,1
63459,0.0008307263,0.0006202863,1
63460,0.0152238604,0.0006202863,1
63462,0.0152238604,0.0006202863,1
63503,0.0060011783,0.0006202863,1
63504,0.0060011783,0.0006202863,1
63505,0.0060011783,0.0006202863,1
63506,0.0060011783,0.0006202863,1
63509,0.0013976284,0.0006202863,1
63528,0.0013206998,0.0006202863,1
63534,0.0130136733,0.0006202863,1
63537,0.0130136733,0.0006202863,1
63538,0.0130136733,0.0006202863,1
63539,0.0277826943,0.0006202863,1
63540,0.0277826943,0.0006202863,1
63551,0.0060011783,0.0006202863,1
63553,0.0060011783,0.0006202863,1
63558,0.0021512115,0.0006202863,1
63568,0.0108484424,0.0006202863,1
63578,0.0009584379,0.0006202863,1
63604,0.0178913138,0.0006202863,1
63610,0.0182216378,0.0006202863,1
63616,0.0175908895,0.0006202863,1
63619,0.0009392490,0.0006202863,1
63625,0.0006906888,0.0006202863,1
63639,0.0016801193,0.0006202863,1
63648,0.0049787589,0.0006202863,1
63657,0.0013976284,0.0006202863,1
63690,0.0096633276,0.0006202863,1
63699,0.0054538484,0.0006202863,1
63702,0.0051790946,0.0006202863,1
63704,0.0130136733,0.0006202863,1
63707,0.0130136733,0.0006202863,1
63710,0.0130136733,0.0006202863,1
63712,0.0130136733,0.0006202863,1
63720,0.0130136733,0.0006202863,1
63731,0.0133004036,0.0006202863,1
63734,0.0007823605,0.0006202863,1
63735,0.0133004036,0.0006202863,1
63736,0.0067697666,0.0006202863,1
63738,0.0133004036,0.0006202863,1
63739,0.0025800065,0.0006202863,1
63749,0.0092896667,0.0006202863,1
63805,0.0090537747,0.0006202863,1
63812,0.0009526037,0.0006202863,1
63816,0.0070643148,0.0006202863,1
63820,0.0007139057,0.0006202863,1
63823,0.0215060148,0.0006202863,1
63828,0.0058780381,0.0006202863,1
63838,0.0025207760,0.0006202863,1
63844,0.0060011783,0.0006202863,1
63846,0.0060011783,0.0006202863,1
63855,0.0154043280,0.0006202863,1
63863,0.0008542031,0.0006202863,1
63870,0.0007332291,0.0006202863,1
63871,0.0007332291,0.0006202863,1
63884,0.0010109918,0.0006202863,1
63894,0.0154043280,0.0006202863,1
63895,0.0092896667,0.0006202863,1
63901,0.0108484424,0.0006202863,1
63902,0.0075972241,0.0006202863,1
63904,0.0021127109,0.0006202863,1
63905,0.0133004036,0.0006202863,1
63908,0.0133004036,0.0006202863,1
63909,0.0010057592,0.0006202863,1
63911,0.0133004036,0.0006202863,1
63914,0.0133004036,0.0006202863,1
63921,0.0124995169,0.0006202863,1
63929,0.0030667435,0.0006202863,1
63944,0.0010816539,0.0006202863,1
63952,0.0007940472,0.0006202863,1
63969,0.0199118254,0.0006202863,1
63976,0.0133004036,0.0006202863,1
63979,0.0133004036,0.0006202863,1
63980,0.0096633276,0.0006202863,1
63992,0.0051826361,0.0006202863,1
64004,0.0108484424,0.0006202863,1
64038,0.0115282063,0.0006202863,1
64040,0.0144232355,0.0006202863,1
64045,0.0152887277,0.0006202863,1
64054,0.0047784561,0.0006202863,1
64056,0.0243141681,0.0006202863,1
64076,0.0182714027,0.0006202863,1
64083,0.0115282063,0.0006202863,1
64091,0.0046068486,0.0006202863,1
64095,0.0315874833,0.0006202863,1
64100,0.0021544324,0.0006202863,1
64105,0.0006261168,0.0006202863,1
64113,0.0029829535,0.0006202863,1
64138,0.0048383180,0.0006202863,1
64150,0.0011864334,0.0006202863,1
64152,0.0085976815,0.0006202863,1
64167,0.0060011783,0.0006202863,1
64169,0.0060011783,0.0006202863,1
64170,0.0133004036,0.0006202863,1
64172,0.0060011783,0.0006202863,1
64175,0.0060011783,0.0006202863,1
64177,0.0060011783,0.0006202863,1
64183,0.0190460552,0.0006202863,1
64185,0.0013102059,0.0006202863,1
64186,0.0060011783,0.0006202863,1
64187,0.0092896667,0.0006202863,1
64188,0.0033740942,0.0006202863,1
64189,0.0060011783,0.0006202863,1
64190,0.0092896667,0.0006202863,1
64191,0.0060011783,0.0006202863,1
64194,0.0070011296,0.0006202863,1
64195,0.0046401935,0.0006202863,1
64198,0.0047765372,0.0006202863,1
64232,0.0011102003,0.0006202863,1
64244,0.0016117178,0.0006202863,1
64249,0.0016117178,0.0006202863,1
64254,0.0008877229,0.0006202863,1
64259,0.0010000207,0.0006202863,1
64273,0.0020914137,0.0006202863,1
64275,0.0054538484,0.0006202863,1
64279,0.0092896667,0.0006202863,1
64288,0.0098678428,0.0006202863,1
64293,0.0167797344,0.0006202863,1
64309,0.0006736420,0.0006202863,1
64311,0.0025800065,0.0006202863,1
64343,0.0006579879,0.0006202863,1
64356,0.0135567929,0.0006202863,1
64358,0.0058862040,0.0006202863,1
64360,0.0008457043,0.0006202863,1
64366,0.0011097224,0.0006202863,1
64378,0.0065664384,0.0006202863,1
64389,0.0137936149,0.0006202863,1
64391,0.0007042985,0.0006202863,1
64394,0.0167604041,0.0006202863,1
64403,0.0093878224,0.0006202863,1
64410,0.0064448745,0.0006202863,1
64412,0.0009517711,0.0006202863,1
64417,0.0011998528,0.0006202863,1
64420,0.0098678428,0.0006202863,1
64425,0.0025033294,0.0006202863,1
64437,0.0011351202,0.0006202863,1
64443,0.0051848022,0.0006202863,1
64454,0.0233379983,0.0006202863,1
64456,0.0007745851,0.0006202863,1
64468,0.0124604986,0.0006202863,1
64470,0.0006982887,0.0006202863,1
64491,0.0060018073,0.0006202863,1
64502,0.0062200745,0.0006202863,1
64504,0.0006208605,0.0006202863,1
64510,0.0015872366,0.0006202863,1
64516,0.0007798509,0.0006202863,1
64546,0.0137719195,0.0006202863,1
64550,0.0006621643,0.0006202863,1
64565,0.0025222744,0.0006202863,1
64575,0.0152238604,0.0006202863,1
64595,0.0103037548,0.0006202863,1
64597,0.0010152209,0.0006202863,1
64607,0.0050126486,0.0006202863,1
64655,0.0010523180,0.0006202863,1
64664,0.0006827257,0.0006202863,1
64680,0.0013976284,0.0006202863,1
64682,0.0636624021,0.0006202863,1
64702,0.0030313548,0.0006202863,1
64714,0.0008859221,0.0006202863,1
64722,0.0007311205,0.0006202863,1
64731,0.0085976815,0.0006202863,1
64746,0.0100695506,0.0006202863,1
64753,0.0009484786,0.0006202863,1
64758,0.0007820099,0.0006202863,1
64761,0.0007966342,0.0006202863,1
64772,0.0048519206,0.0006202863,1
64802,0.0017483453,0.0006202863,1
64810,0.0057662426,0.0006202863,1
64825,0.0035393432,0.0006202863,1
64828,0.0029704174,0.0006202863,1
64829,0.0032322771,0.0006202863,1
64831,0.0029704174,0.0006202863,1
64833,0.0029704174,0.0006202863,1
64909,0.0046760005,0.0006202863,1
64923,0.0104608144,0.0006202863,1
64926,0.0093878224,0.0006202863,1
64951,0.0006972606,0.0006202863,1
64956,0.0041466652,0.0006202863,1
64959,0.0260214429,0.0006202863,1
64983,0.0038226582,0.0006202863,1
64987,0.0016877362,0.0006202863,0
64991,0.0029164413,0.0006202863,1
64992,0.0016877362,0.0006202863,0
65008,0.0056746689,0.0006202863,0
65010,0.0056746695,0.0006202863,0
65026,0.0148661670,0.0006202863,1
65029,0.0148661670,0.0006202863,1
65033,0.0007005609,0.0006202863,1
65035,0.0007005609,0.0006202863,1
65037,0.0007005609,0.0006202863,1
65040,0.0007005609,0.0006202863,1
65043,0.0010333139,0.0006202863,1
65045,0.0010333139,0.0006202863,1
65071,0.0068075433,0.0006202863,0
65073,0.0068075433,0.0006202863,0
65088,0.0010713323,0.0006202863,1
65127,0.0011054161,0.0006202863,1
65133,0.0007248328,0.0006202863,1
65137,0.0148988222,0.0006202863,1
65145,0.0172443419,0.0006202863,1
65149,0.0177665463,0.0006202863,1
65156,0.0046760005,0.0006202863,1
65176,0.0018074173,0.0006202863,1
65179,0.0011246658,0.0006202863,1
65182,0.0011246658,0.0006202863,1
65186,0.0091077851,0.0006202863,1
65191,0.0091077851,0.0006202863,1
65196,0.0091077851,0.0006202863,1
65199,0.0091077851,0.0006202863,1
65203,0.0044108458,0.0006202863,1
65211,0.0006527625,0.0006202863,1
65213,0.0050950179,0.0006202863,1
65215,0.0268937740,0.0006202863,1
65240,0.0026448988,0.0006202863,1
65241,0.0090500844,0.0006202863,1
65242,0.0090500844,0.0006202863,1
65243,0.0090500844,0.0006202863,1
65249,0.0356548468,0.0006202863,1
65254,0.0045310769,0.0006202863,1
65256,0.0006787372,0.0006202863,1
65257,0.0007664842,0.0006202863,1
65261,0.0006488811,0.0006202863,1
65262,0.0080717087,0.0006202863,1
65263,0.0094153793,0.0006202863,1
65266,0.0094153793,0.0006202863,1
65267,0.0094153793,0.0006202863,1
65271,0.0012070289,0.0006202863,1
65273,0.0013551732,0.0006202863,1
65279,0.0019979502,0.0006202863,1
65284,0.0054240429,0.0006202863,1
65285,0.0054240429,0.0006202863,1
65286,0.0054240429,0.0006202863,1
65288,0.0010187593,0.0006202863,1
65289,0.0054240429,0.0006202863,1
65296,0.0008613238,0.0006202863,1
65316,0.0186292460,0.0006202863,1
65317,0.0150270418,0.0006202863,1
65343,0.0191011667,0.0006202863,1
65347,0.0006281300,0.0006202863,1
65357,0.0016878087,0.0006202863,1
65359,0.0016878087,0.0006202863,1
65361,0.0016878087,0.0006202863,1
65362,0.0016878138,0.0006202863,1
65365,0.0016878138,0.0006202863,1
65366,0.0016878138,0.0006202863,1
65367,0.0178149974,0.0006202863,1
65368,0.0016878138,0.0006202863,1
65369,0.0016878144,0.0006202863,1
65370,0.0016878144,0.0006202863,1
65371,0.0016878144,0.0006202863,1
65373,0.0016878144,0.0006202863,1
65374,0.0016878144,0.0006202863,1
65383,0.0017859888,0.0006202863,1
65388,0.0287660562,0.0006202863,1
65411,0.0145769015,0.0006202863,1
65439,0.0036768722,0.0006202863,1
65440,0.0178468607,0.0006202863,1
65444,0.0306590235,0.0006202863,1
65469,0.0062105978,0.0006202863,1
65479,0.0009898583,0.0006202863,1
65480,0.0021896944,0.0006202863,1
65482,0.0024590633,0.0006202863,1
65485,0.0013675311,0.0006202863,1
65488,0.0006472635,0.0006202863,1
65499,0.0008850186,0.0006202863,1
65503,0.0055002475,0.0006202863,1
65516,0.0045124065,0.0006202863,0
65517,0.0306362754,0.0006202863,1
65518,0.0045124065,0.0006202863,0
65519,0.0045124065,0.0006202863,0
65522,0.0045124065,0.0006202863,0
65524,0.0045124065,0.0006202863,0
65540,0.0047023597,0.0006202863,1
65551,0.0036837085,0.0006202863,1
65569,0.0137936149,0.0006202863,1
65570,0.0190298771,0.0006202863,1
65595,0.0006376670,0.0006202863,1
65596,0.0072339740,0.0006202863,0
65599,0.0072339740,0.0006202863,0
65603,0.0125955097,0.0006202863,0
65604,0.0125955097,0.0006202863,0
65607,0.0125955097,0.0006202863,0
65620,0.0191168712,0.0006202863,0
65625,0.0191168712,0.0006202863,0
65628,0.0255788727,0.0006202863,1
65629,0.0051826361,0.0006202863,1
65634,0.0015147555,0.0006202863,0
65642,0.0064966153,0.0006202863,0
65645,0.0006259532,0.0006202863,0
65658,0.0010194898,0.0006202863,1
65659,0.0022197810,0.0006202863,1
65671,0.0026504300,0.0006202863,1
65675,0.0025070914,0.0006202863,1
65694,0.0009465480,0.0006202863,1
65700,0.0039936199,0.0006202863,1
65702,0.0181938686,0.0006202863,1
65704,0.0086504111,0.0006202863,0
65707,0.0086504111,0.0006202863,0
65709,0.0086504111,0.0006202863,0
65711,0.0086504111,0.0006202863,0
65712,0.0086504111,0.0006202863,0
65719,0.0006259532,0.0006202863,0
65736,0.0056052041,0.0006202863,0
65739,0.0056052041,0.0006202863,0
65741,0.0056271147,0.0006202863,1
65758,0.0148661670,0.0006202863,1
65761,0.0148661670,0.0006202863,1
65802,0.0200337173,0.0006202863,1
65809,0.0090537747,0.0006202863,1
65832,0.0028690987,0.0006202863,1
65888,0.0027493695,0.0006202863,1
65944,0.0017071847,0.0006202863,1
65951,0.0369289329,0.0006202863,1
65952,0.0230727098,0.0006202863,1
65975,0.0006259532,0.0006202863,1
65977,0.0015147555,0.0006202863,1
65982,0.0023380379,0.0006202863,1
65990,0.0026539690,0.0006202863,1
65992,0.0133004036,0.0006202863,1
65996,0.0161483488,0.0006202863,1
65997,0.0013890602,0.0006202863,1
66001,0.0092896667,0.0006202863,1
66009,0.0289411316,0.0006202863,1
66035,0.0009577207,0.0006202863,1
66048,0.0031296543,0.0006202863,1
66068,0.0007290495,0.0006202863,1
66070,0.0024996936,0.0006202863,1
66073,0.0058303340,0.0006202863,1
66088,0.0078864714,0.0006202863,1
66090,0.0078864714,0.0006202863,1
66092,0.0048582787,0.0006202863,1
66094,0.0025763108,0.0006202863,1
66097,0.0066527424,0.0006202863,1
66118,0.0019596584,0.0006202863,1
66126,0.0048475464,0.0006202863,1
66150,0.0044186453,0.0006202863,1
66157,0.0074967442,0.0006202863,1
66160,0.0056264662,0.0006202863,1
66169,0.0101328837,0.0006202863,0
66173,0.0101328837,0.0006202863,0
66298,0.0016745539,0.0006202863,1
66300,0.0016745539,0.0006202863,1
66301,0.0016745539,0.0006202863,1
66303,0.0016745539,0.0006202863,1
66305,0.0016745539,0.0006202863,1
66378,0.0189066740,0.0006202863,0
66380,0.0189066740,0.0006202863,0
66383,0.0007149130,0.0006202863,0
66384,0.0007149130,0.0006202863,0
66386,0.0007149130,0.0006202863,0
66393,0.0095869035,0.0006202863,0
66395,0.0095869035,0.0006202863,0
66407,0.0104699281,0.0006202863,0
66408,0.0104699281,0.0006202863,0
66619,0.0060400439,0.0006202863,0
66620,0.0060400439,0.0006202863,0
66624,0.0052408526,0.0006202863,0
66625,0.0052408526,0.0006202863,0
66628,0.0052408526,0.0006202863,0
66703,0.0011555245,0.0006202863,1
66712,0.0059854174,0.0006202863,1
66750,0.0150605843,0.0006202863,1
66821,0.0006906084,0.0006202863,1
66855,0.0057746781,0.0006202863,1
66858,0.0009718415,0.0006202863,0
66862,0.0016877362,0.0006202863,0
66864,0.0016877362,0.0006202863,0
66870,0.0016877362,0.0006202863,0
66904,0.0055969903,0.0006202863,1
66932,0.0009718415,0.0006202863,0
66943,0.0009718415,0.0006202863,0
66955,0.0013976284,0.0006202863,0
66962,0.0017480426,0.0006202863,0
66969,0.0060096753,0.0006202863,0
66972,0.0060096753,0.0006202863,0
66973,0.0013976284,0.0006202863,0
66978,0.0025922606,0.0006202863,0
66984,0.0014043875,0.0006202863,0
66988,0.0244311081,0.0006202863,0
66990,0.0014043875,0.0006202863,0
67015,0.0206463547,0.0006202863,1
67028,0.0022517390,0.0006202863,1
67040,0.0008868191,0.0006202863,1
67060,0.0014810444,0.0006202863,1
67061,0.0006892705,0.0006202863,1
67085,0.0183301384,0.0006202863,1
67089,0.0049884828,0.0006202863,1
67092,0.0008655639,0.0006202863,0
67097,0.0014043875,0.0006202863,0
67098,0.0013976284,0.0006202863,0
67100,0.0014043875,0.0006202863,0
67106,0.0014043875,0.0006202863,0
67112,0.0014043875,0.0006202863,0
67119,0.0013976284,0.0006202863,0
67125,0.0014043875,0.0006202863,0
67127,0.0014043875,0.0006202863,0
67128,0.0014043875,0.0006202863,0
67134,0.0013976284,0.0006202863,0
67139,0.0244311081,0.0006202863,0
67140,0.0008613238,0.0006202863,0
67153,0.0029704174,0.0006202863,1
67155,0.0029704174,0.0006202863,1
67157,0.0029704174,0.0006202863,1
67165,0.0060096753,0.0006202863,0
67180,0.0013976284,0.0006202863,0
67186,0.0025800065,0.0006202863,0
67190,0.0008613238,0.0006202863,0
67197,0.0013976284,0.0006202863,0
67200,0.0013976284,0.0006202863,0
67201,0.0007095112,0.0006202863,1
67206,0.0013976284,0.0006202863,0
67209,0.0040739927,0.0006202863,1
67213,0.0025800065,0.0006202863,0
67214,0.0013976284,0.0006202863,0
67218,0.0008613238,0.0006202863,0
67224,0.0012150088,0.0006202863,1
67231,0.0040538889,0.0006202863,1
67232,0.0020549871,0.0006202863,1
67236,0.0033543526,0.0006202863,1
67256,0.0191055461,0.0006202863,1
67273,0.0032283802,0.0006202863,1
67280,0.0253868820,0.0006202863,1
67289,0.0006757391,0.0006202863,1
67304,0.0007005609,0.0006202863,1
67305,0.0192054617,0.0006202863,1
67308,0.0007005609,0.0006202863,1
67312,0.0007005609,0.0006202863,1
67330,0.0028173689,0.0006202863,1
67332,0.0092720625,0.0006202863,1
67337,0.0058715114,0.0006202863,1
67360,0.0006928601,0.0006202863,1
67377,0.0161483488,0.0006202863,1
67393,0.0016788078,0.0006202863,1
67434,0.0011864833,0.0006202863,1
67438,0.0052324529,0.0006202863,1
67454,0.0011246658,0.0006202863,1
67462,0.0091077851,0.0006202863,1
67466,0.0008742411,0.0006202863,1
67470,0.0079803848,0.0006202863,1
67471,0.0256330357,0.0006202863,1
67475,0.0079803848,0.0006202863,1
67478,0.0115738817,0.0006202863,1
67481,0.0063766176,0.0006202863,1
67490,0.0013976284,0.0006202863,0
67493,0.0008806583,0.0006202863,1
67494,0.0008613238,0.0006202863,0
67497,0.0013976284,0.0006202863,0
67504,0.0007429117,0.0006202863,1
67508,0.0300202097,0.0006202863,1
67515,0.0013976284,0.0006202863,0
67560,0.0013976284,0.0006202863,0
67563,0.0013976284,0.0006202863,0
67564,0.0090500844,0.0006202863,1
67569,0.0090500844,0.0006202863,1
67574,0.0090500844,0.0006202863,1
67593,0.0029704174,0.0006202863,1
67598,0.0013976284,0.0006202863,0
67599,0.0025800065,0.0006202863,0
67648,0.0094153793,0.0006202863,1
67656,0.0094153793,0.0006202863,1
67667,0.0268908597,0.0006202863,1
67674,0.0010033891,0.0006202863,1
67687,0.0013304345,0.0006202863,1
67688,0.0013976284,0.0006202863,0
67693,0.0016747666,0.0006202863,1
67697,0.0013976284,0.0006202863,0
67705,0.0021929705,0.0006202863,1
67708,0.0008674007,0.0006202863,1
67719,0.0013976284,0.0006202863,0
67756,0.0007179367,0.0006202863,1
67758,0.0054240429,0.0006202863,1
67764,0.0054240429,0.0006202863,1
67772,0.0060096753,0.0006202863,0
67776,0.0013976284,0.0006202863,0
67784,0.0013976284,0.0006202863,1
67785,0.0191055461,0.0006202863,1
67789,0.0013976284,0.0006202863,0
67796,0.0024475964,0.0006202863,1
67805,0.0008966963,0.0006202863,1
67818,0.0025800065,0.0006202863,0
67820,0.0060096753,0.0006202863,1
67821,0.0009348266,0.0006202863,1
67824,0.0025800065,0.0006202863,1
67825,0.0068754322,0.0006202863,1
67830,0.0180840173,0.0006202863,1
67835,0.0178083014,0.0006202863,1
67843,0.0008613238,0.0006202863,0
67845,0.0013976284,0.0006202863,0
67846,0.0013976284,0.0006202863,0
67847,0.0186292460,0.0006202863,1
67854,0.0013976284,0.0006202863,0
67857,0.0119745415,0.0006202863,1
67863,0.0007005609,0.0006202863,1
67869,0.0007005609,0.0006202863,1
67875,0.0007005609,0.0006202863,1
67881,0.0061670588,0.0006202863,1
67885,0.0168795036,0.0006202863,1
67920,0.0006879093,0.0006202863,1
67931,0.0016855781,0.0006202863,1
67934,0.0231293939,0.0006202863,1
67935,0.0010542251,0.0006202863,1
67952,0.0148559457,0.0006202863,1
67975,0.0010506956,0.0006202863,1
67977,0.0051881356,0.0006202863,1
67984,0.0013976284,0.0006202863,0
67986,0.0025800065,0.0006202863,0
67993,0.0189171986,0.0006202863,1
67996,0.0013976284,0.0006202863,0
68005,0.0013976284,0.0006202863,0
68011,0.0008613238,0.0006202863,0
68036,0.0012190657,0.0006202863,1
68052,0.0022870961,0.0006202863,1
68060,0.0016878087,0.0006202863,1
68064,0.0016878087,0.0006202863,1
68066,0.0007169925,0.0006202863,1
68069,0.0016878087,0.0006202863,1
68072,0.0008117400,0.0006202863,1
68077,0.0343893306,0.0006202863,1
68079,0.0016878144,0.0006202863,1
68088,0.0008742411,0.0006202863,1
68103,0.0136133374,0.0006202863,1
68125,0.0013976284,0.0006202863,0
68126,0.0013976284,0.0006202863,0
68130,0.0021294052,0.0006202863,1
68132,0.0008621557,0.0006202863,1
68133,0.0013976284,0.0006202863,0
68137,0.0040801567,0.0006202863,1
68139,0.0013976284,0.0006202863,0
68150,0.0013976284,0.0006202863,0
68152,0.0008613238,0.0006202863,0
68171,0.0090500844,0.0006202863,1
68177,0.0032778271,0.0006202863,1
68182,0.0040375179,0.0006202863,1
68184,0.0015147555,0.0006202863,1
68203,0.0015049712,0.0006202863,1
68205,0.0094964286,0.0006202863,1
68217,0.0248691103,0.0006202863,1
68230,0.0094153793,0.0006202863,1
68233,0.0094153793,0.0006202863,1
68234,0.0010651299,0.0006202863,1
68236,0.0094153793,0.0006202863,1
68250,0.0107538077,0.0006202863,1
68263,0.0006950582,0.0006202863,1
68267,0.0168795036,0.0006202863,1
68281,0.0218825912,0.0006202863,1
68285,0.0013976284,0.0006202863,1
68287,0.0078295468,0.0006202863,1
68312,0.0013976284,0.0006202863,0
68315,0.0013976284,0.0006202863,0
68317,0.0013976284,0.0006202863,0
68318,0.0013976284,0.0006202863,0
68319,0.0013976284,0.0006202863,0
68322,0.0013976284,0.0006202863,0
68327,0.0060096753,0.0006202863,0
68331,0.0013976284,0.0006202863,0
68332,0.0013976284,0.0006202863,0
68334,0.0025800065,0.0006202863,0
68336,0.0013976284,0.0006202863,0
68337,0.0008613238,0.0006202863,0
68338,0.0160184284,0.0006202863,1
68340,0.0013976284,0.0006202863,0
68343,0.0242470995,0.0006202863,1
68344,0.0060096753,0.0006202863,1
68345,0.0060096753,0.0006202863,0
68348,0.0008613238,0.0006202863,1
68351,0.0013976284,0.0006202863,0
68353,0.0054240429,0.0006202863,1
68357,0.0054240429,0.0006202863,1
68426,0.0171096665,0.0006202863,1
68444,0.0034637633,0.0006202863,1
68467,0.0016878087,0.0006202863,1
68469,0.0016878087,0.0006202863,1
68472,0.0016878087,0.0006202863,1
68475,0.0016878087,0.0006202863,1
68478,0.0016878087,0.0006202863,1
68482,0.0016878138,0.0006202863,1
68495,0.0008643171,0.0006202863,1
68525,0.0007286884,0.0006202863,1
68532,0.0024624680,0.0006202863,1
68543,0.0014577081,0.0006202863,1
68544,0.0028943125,0.0006202863,1
68547,0.0016878138,0.0006202863,1
68551,0.0016878138,0.0006202863,1
68554,0.0016878138,0.0006202863,1
68556,0.0016878144,0.0006202863,1
68560,0.0016878144,0.0006202863,1
68562,0.0016878144,0.0006202863,1
68565,0.0016878144,0.0006202863,1
68568,0.0016878144,0.0006202863,1
68623,0.0145769015,0.0006202863,1
68635,0.0008159308,0.0006202863,1
68660,0.0130306995,0.0006202863,1
68759,0.0019865353,0.0006202863,1
68762,0.0015858601,0.0006202863,1
68765,0.0018787829,0.0006202863,1
68786,0.0082926063,0.0006202863,1
68818,0.0016745539,0.0006202863,1
68821,0.0016745539,0.0006202863,1
68826,0.0016745539,0.0006202863,1
68853,0.0008562319,0.0006202863,1
68856,0.0010219893,0.0006202863,1
68860,0.0015359153,0.0006202863,1
68865,0.0027038589,0.0006202863,1
68868,0.0007061624,0.0006202863,1
68879,0.0006842334,0.0006202863,1
68886,0.0049291722,0.0006202863,1
68895,0.0013109137,0.0006202863,1
68900,0.0007979765,0.0006202863,1
68930,0.0012913639,0.0006202863,1
68948,0.0016117178,0.0006202863,1
68951,0.0189050213,0.0006202863,1
68953,0.0016117178,0.0006202863,1
68955,0.0042457847,0.0006202863,1
68994,0.0113359887,0.0006202863,1
69064,0.0015635974,0.0006202863,1
69080,0.0076599940,0.0006202863,1
69081,0.0006920655,0.0006202863,1
69115,0.0011860718,0.0006202863,1
69130,0.0010842989,0.0006202863,1
69137,0.0009576349,0.0006202863,1
69242,0.0045724407,0.0006202863,1
69264,0.0159847385,0.0006202863,1
69270,0.0014558850,0.0006202863,1
69286,0.0073198859,0.0006202863,1
69307,0.0314690446,0.0006202863,1
69308,0.0024586329,0.0006202863,1
69320,0.0006288016,0.0006202863,1
69321,0.0049112251,0.0006202863,1
69329,0.0022515313,0.0006202863,1
69337,0.0025800065,0.0006202863,1
69338,0.0006906329,0.0006202863,1
69345,0.0029704174,0.0006202863,1
69346,0.0319534315,0.0006202863,1
69349,0.0029704174,0.0006202863,1
69351,0.0036936219,0.0006202863,1
69353,0.0029704174,0.0006202863,1
69356,0.0016340364,0.0006202863,1
69358,0.0029704174,0.0006202863,1
69374,0.0243586047,0.0006202863,1
69378,0.0031926357,0.0006202863,1
69386,0.0309979819,0.0006202863,1
69398,0.0007787137,0.0006202863,1
69400,0.0025800065,0.0006202863,1
69409,0.0063202053,0.0006202863,1
69413,0.0329379302,0.0006202863,1
69424,0.0011406654,0.0006202863,1
69437,0.0014798161,0.0006202863,1
69462,0.0009718415,0.0006202863,1
69476,0.0018863174,0.0006202863,1
69500,0.0010205789,0.0006202863,1
69505,0.0017071847,0.0006202863,1
69506,0.0021398992,0.0006202863,1
69509,0.0028287231,0.0006202863,1
69525,0.0007801696,0.0006202863,1
69528,0.0119745415,0.0006202863,1
69531,0.0007005609,0.0006202863,1
69533,0.0007005609,0.0006202863,1
69535,0.0012982031,0.0006202863,1
69536,0.0007005609,0.0006202863,1
69544,0.0017071847,0.0006202863,1
69547,0.0006507556,0.0006202863,1
69548,0.0020488217,0.0006202863,1
69554,0.0007886512,0.0006202863,1
69556,0.0064966153,0.0006202863,1
69561,0.0008613238,0.0006202863,1
69566,0.0019061555,0.0006202863,1
69574,0.0100084445,0.0006202863,1
69577,0.0010356269,0.0006202863,1
69580,0.0423247318,0.0006202863,1
69585,0.0007802124,0.0006202863,1
69589,0.0336014134,0.0006202863,1
69592,0.0336014134,0.0006202863,1
69596,0.0336014134,0.0006202863,1
69600,0.0336014134,0.0006202863,1
69610,0.0015147555,0.0006202863,1
69612,0.0015147555,0.0006202863,1
69615,0.0006259532,0.0006202863,1
69622,0.0028883739,0.0006202863,1
69638,0.0009746087,0.0006202863,1
69639,0.0064119600,0.0006202863,1
69643,0.0012067124,0.0006202863,1
69647,0.0029255533,0.0006202863,1
69653,0.0009297236,0.0006202863,1
69661,0.0011246658,0.0006202863,1
69667,0.0011246658,0.0006202863,1
69670,0.0091077851,0.0006202863,1
69674,0.0091077851,0.0006202863,1
69676,0.0091077851,0.0006202863,1
69681,0.0091077851,0.0006202863,1
69683,0.0091077851,0.0006202863,1
69699,0.0051085515,0.0006202863,1
69700,0.0667932123,0.0006202863,1
69732,0.0090500844,0.0006202863,1
69736,0.0090500844,0.0006202863,1
69739,0.0090500844,0.0006202863,1
69743,0.0090500844,0.0006202863,1
69746,0.0090500844,0.0006202863,1
69767,0.0692345599,0.0006202863,1
69825,0.0051379321,0.0006202863,1
69828,0.0080717087,0.0006202863,1
69836,0.0094153793,0.0006202863,1
69840,0.0094153793,0.0006202863,1
69854,0.0018398396,0.0006202863,1
69864,0.0018911723,0.0006202863,1
69875,0.0008575686,0.0006202863,1
69901,0.0054240429,0.0006202863,1
69904,0.0054240429,0.0006202863,1
69907,0.0054240429,0.0006202863,1
69910,0.0054240429,0.0006202863,1
69915,0.0054240429,0.0006202863,1
69934,0.0013976284,0.0006202863,1
69959,0.0011977051,0.0006202863,1
70024,0.0006992564,0.0006202863,1
70030,0.0010035725,0.0006202863,1
70090,0.0031119205,0.0006202863,1
70096,0.0652020147,0.0006202863,1
70171,0.0016878087,0.0006202863,1
70178,0.0016878138,0.0006202863,1
70181,0.0016878138,0.0006202863,1
70184,0.0016878138,0.0006202863,1
70192,0.0016878138,0.0006202863,1
70195,0.0016878138,0.0006202863,1
70199,0.0016878144,0.0006202863,1
70204,0.0016878144,0.0006202863,1
70208,0.0016878144,0.0006202863,1
70234,0.0009718415,0.0006202863,1
70276,0.0094964286,0.0006202863,1
70282,0.0094964286,0.0006202863,1
70283,0.0123840587,0.0006202863,1
70291,0.0017071847,0.0006202863,1
70292,0.0016745539,0.0006202863,1
70296,0.0016745539,0.0006202863,1
70327,0.0016745539,0.0006202863,1
70355,0.0279662378,0.0006202863,1
70420,0.0021601633,0.0006202863,1
70435,0.0039887112,0.0006202863,1
70497,0.0012755117,0.0006202863,1
70507,0.0045308193,0.0006202863,1
70531,0.0010425818,0.0006202863,1
70536,0.0051573569,0.0006202863,1
70580,0.0327225588,0.0006202863,1
70642,0.0019689554,0.0006202863,1
70759,0.0012585634,0.0006202863,1
70796,0.0009628954,0.0006202863,1
70853,0.0006849554,0.0006202863,1
70906,0.0080671882,0.0006202863,1
71149,0.0016745539,0.0006202863,1
71153,0.0016745539,0.0006202863,1
71407,0.0023955355,0.0006202863,0
71409,0.0013707554,0.0006202863,0
71410,0.0027114939,0.0006202863,0
71416,0.0010117234,0.0006202863,0
71420,0.0007453113,0.0006202863,0
71422,0.0010016278,0.0006202863,0
71427,0.0010344611,0.0006202863,0
71436,0.0013673067,0.0006202863,0
71442,0.0011998592,0.0006202863,0
71454,0.0039739444,0.0006202863,0
71485,0.0011314716,0.0006202863,1
71497,0.0012155031,0.0006202863,1
71533,0.0028690987,0.0006202863,1
71605,0.0006966581,0.0006202863,1
71607,0.0006876671,0.0006202863,1
71627,0.0013976284,0.0006202863,1
71631,0.0008870576,0.0006202863,1
71646,0.0009348266,0.0006202863,1
71669,0.0009477761,0.0006202863,0
71677,0.0260160866,0.0006202863,0
71706,0.0193129096,0.0006202863,0
71710,0.0193129096,0.0006202863,0
71713,0.0193129096,0.0006202863,0
71738,0.0137385507,0.0006202863,1
71740,0.0009769129,0.0006202863,1
71782,0.0017071847,0.0006202863,1
71784,0.0006698033,0.0006202863,1
71835,0.0179280649,0.0006202863,0
71837,0.0179280649,0.0006202863,0
71845,0.0179280649,0.0006202863,0
71863,0.0007380377,0.0006202863,1
71873,0.0260219921,0.0006202863,1
71945,0.0154907977,0.0006202863,0
71946,0.0154907977,0.0006202863,0
72067,0.0269055461,0.0006202863,1
72142,0.0050701964,0.0006202863,1
72151,0.0016745539,0.0006202863,1
72155,0.0016745539,0.0006202863,1
72277,0.0051458708,0.0006202863,1
72300,0.0010542251,0.0006202863,1
72308,0.0057662426,0.0006202863,1
72317,0.0095440573,0.0006202863,1
72327,0.0007594432,0.0006202863,1
72332,0.0012200815,0.0006202863,1
72336,0.0010510056,0.0006202863,1
72343,0.0030785331,0.0006202863,1
72347,0.0666538055,0.0006202863,1
72351,0.0173360448,0.0006202863,1
72358,0.0012211958,0.0006202863,1
72364,0.0067385392,0.0006202863,1
72366,0.0011246658,0.0006202863,1
72368,0.0052913729,0.0006202863,1
72369,0.0011246658,0.0006202863,1
72372,0.0011246658,0.0006202863,1
72373,0.0029704174,0.0006202863,1
72375,0.0011246658,0.0006202863,1
72376,0.0029704174,0.0006202863,1
72377,0.0011246658,0.0006202863,1
72379,0.0029704174,0.0006202863,1
72383,0.0091077851,0.0006202863,1
72411,0.0016117178,0.0006202863,1
72417,0.0090500844,0.0006202863,1
72421,0.0090500844,0.0006202863,1
72424,0.0090500844,0.0006202863,1
72441,0.0147962952,0.0006202863,0
72448,0.0147962952,0.0006202863,0
72450,0.0168539148,0.0006202863,1
72457,0.0018098714,0.0006202863,1
72458,0.0007348569,0.0006202863,1
72480,0.0038226582,0.0006202863,1
72483,0.0107099637,0.0006202863,1
72486,0.0094153793,0.0006202863,1
72488,0.0132949671,0.0006202863,1
72489,0.0094153793,0.0006202863,1
72493,0.0094153793,0.0006202863,1
72496,0.0094153793,0.0006202863,1
72499,0.0094153793,0.0006202863,1
72502,0.0191055461,0.0006202863,1
72507,0.0191055461,0.0006202863,1
72521,0.0014653460,0.0006202863,1
72546,0.0090839096,0.0006202863,0
72549,0.0090839096,0.0006202863,0
72551,0.0098460510,0.0006202863,0
72554,0.0098460510,0.0006202863,0
72563,0.0013976284,0.0006202863,1
72570,0.0054240429,0.0006202863,1
72573,0.0054240429,0.0006202863,1
72577,0.0009725187,0.0006202863,1
72583,0.0016117178,0.0006202863,1
72587,0.0016117178,0.0006202863,1
72589,0.0376928811,0.0006202863,1
72593,0.0382998499,0.0006202863,1
72607,0.0006677851,0.0006202863,1
72631,0.0117795093,0.0006202863,1
72643,0.0239289058,0.0006202863,1
72652,0.0035520195,0.0006202863,1
72676,0.0009503906,0.0006202863,1
72708,0.0013010287,0.0006202863,1
72712,0.0011246658,0.0006202863,1
72715,0.0091077851,0.0006202863,1
72716,0.0065388934,0.0006202863,1
72720,0.0091077851,0.0006202863,1
72724,0.0091077851,0.0006202863,1
72742,0.0006629369,0.0006202863,1
72744,0.0670235318,0.0006202863,1
72749,0.0016878138,0.0006202863,1
72753,0.0016878138,0.0006202863,1
72757,0.0016878138,0.0006202863,1
72759,0.0016878138,0.0006202863,1
72763,0.0016878144,0.0006202863,1
72766,0.0065640825,0.0006202863,1
72768,0.0016878144,0.0006202863,1
72771,0.0013275224,0.0006202863,1
72772,0.0016878144,0.0006202863,1
72773,0.0048990863,0.0006202863,1
72779,0.0090500844,0.0006202863,1
72781,0.0049293341,0.0006202863,1
72787,0.0111230352,0.0006202863,1
72788,0.0006800331,0.0006202863,1
72799,0.0084119931,0.0006202863,1
72808,0.0007946818,0.0006202863,1
72833,0.0009067278,0.0006202863,1
72845,0.0094153793,0.0006202863,1
72850,0.0074660130,0.0006202863,1
72853,0.0094153793,0.0006202863,1
72860,0.0094153793,0.0006202863,1
72864,0.0094153793,0.0006202863,1
72869,0.0094153793,0.0006202863,1
72887,0.0107538077,0.0006202863,1
72891,0.0130306995,0.0006202863,1
72896,0.0008445807,0.0006202863,1
72907,0.0037939031,0.0006202863,1
72911,0.0017414168,0.0006202863,1
72915,0.0008613238,0.0006202863,1
72939,0.0011795758,0.0006202863,1
72952,0.0029704174,0.0006202863,1
72962,0.0029704174,0.0006202863,1
72971,0.0029704174,0.0006202863,1
72974,0.0029704174,0.0006202863,1
73001,0.0029912285,0.0006202863,1
73019,0.0378553003,0.0006202863,1
73048,0.0009542381,0.0006202863,1
73059,0.0114463974,0.0006202863,1
73068,0.0029028608,0.0006202863,1
73085,0.0006281528,0.0006202863,1
73089,0.0016878087,0.0006202863,1
73090,0.0009474462,0.0006202863,1
73093,0.0016878087,0.0006202863,1
73097,0.0016878087,0.0006202863,1
73098,0.0016447220,0.0006202863,1
73102,0.0022563153,0.0006202863,1
73103,0.0016878087,0.0006202863,1
73107,0.0016878087,0.0006202863,1
73110,0.0016878087,0.0006202863,1
73113,0.0172758301,0.0006202863,1
73114,0.0016878087,0.0006202863,1
73119,0.0016878138,0.0006202863,1
73122,0.0016878144,0.0006202863,1
73129,0.0016878144,0.0006202863,1
73147,0.0186778700,0.0006202863,1
73168,0.0013103486,0.0006202863,1
73169,0.0007005609,0.0006202863,1
73173,0.0006226745,0.0006202863,1
73174,0.0007005609,0.0006202863,1
73240,0.0008177079,0.0006202863,1
73259,0.0048320492,0.0006202863,0
73260,0.0048320492,0.0006202863,0
73265,0.0048320492,0.0006202863,0
73300,0.0072101774,0.0006202863,1
73302,0.0161952783,0.0006202863,0
73309,0.0023737108,0.0006202863,1
73349,0.0011054161,0.0006202863,1
73366,0.0088908672,0.0006202863,1
73368,0.0068891314,0.0006202863,1
73372,0.0009377608,0.0006202863,1
73376,0.0011246658,0.0006202863,1
73379,0.0011246658,0.0006202863,1
73384,0.0011246658,0.0006202863,1
73388,0.0011246658,0.0006202863,1
73396,0.0091077851,0.0006202863,1
73397,0.0182310191,0.0006202863,1
73400,0.0091077851,0.0006202863,1
73404,0.0091077851,0.0006202863,1
73409,0.0091077851,0.0006202863,1
73415,0.0091077851,0.0006202863,1
73416,0.0195652731,0.0006202863,1
73419,0.0091077851,0.0006202863,1
73422,0.0161952783,0.0006202863,0
73424,0.0091077851,0.0006202863,1
73425,0.0161952783,0.0006202863,0
73478,0.0045724407,0.0006202863,1
73481,0.0074543326,0.0006202863,1
73496,0.0090500844,0.0006202863,1
73500,0.0090500844,0.0006202863,1
73502,0.0008674508,0.0006202863,1
73505,0.0090500844,0.0006202863,1
73510,0.0090500844,0.0006202863,1
73514,0.0090500844,0.0006202863,1
73570,0.0013425150,0.0006202863,1
73572,0.0022601754,0.0006202863,1
73574,0.0042158786,0.0006202863,1
73575,0.0088623301,0.0006202863,1
73593,0.0048770324,0.0006202863,1
73628,0.0037939031,0.0006202863,1
73639,0.0037944262,0.0006202863,0
73641,0.0007695697,0.0006202863,1
73644,0.0037944262,0.0006202863,0
73645,0.0037944262,0.0006202863,0
73664,0.0054240429,0.0006202863,1
73668,0.0054240429,0.0006202863,1
73675,0.0054240429,0.0006202863,1
73680,0.0104756796,0.0006202863,1
73682,0.0054240429,0.0006202863,1
73688,0.0054240429,0.0006202863,1
73697,0.0008613238,0.0006202863,1
73707,0.0013976284,0.0006202863,1
73715,0.0007647873,0.0006202863,1
73771,0.0006666017,0.0006202863,1
73772,0.0049562304,0.0006202863,1
73774,0.0137346185,0.0006202863,0
73780,0.0117795093,0.0006202863,1
73782,0.0137346185,0.0006202863,0
73787,0.0200944684,0.0006202863,1
73800,0.0009105080,0.0006202863,1
73897,0.0007629114,0.0006202863,1
73902,0.0069777035,0.0006202863,0
73903,0.0069777035,0.0006202863,0
73975,0.0023250012,0.0006202863,1
73997,0.0007139354,0.0006202863,1
74001,0.0007139354,0.0006202863,1
74015,0.0055299020,0.0006202863,1
74025,0.0013887262,0.0006202863,1
74037,0.0073786328,0.0006202863,1
74114,0.0159847385,0.0006202863,1
74138,0.0071259560,0.0006202863,1
74168,0.0007798813,0.0006202863,1
74216,0.0008826288,0.0006202863,1
74234,0.0008155447,0.0006202863,1
74240,0.0022648203,0.0006202863,1
74359,0.0179147442,0.0006202863,1
74369,0.0006899312,0.0006202863,1
74406,0.0008613238,0.0006202863,1
74407,0.0045340474,0.0006202863,0
74408,0.0046427874,0.0006202863,0
74410,0.0046427874,0.0006202863,0
74417,0.0009718415,0.0006202863,1
74458,0.0007005609,0.0006202863,1
74463,0.0007005609,0.0006202863,1
74467,0.0007005609,0.0006202863,1
74472,0.0075797561,0.0006202863,1
74474,0.0007242367,0.0006202863,1
74491,0.0017313078,0.0006202863,1
74519,0.0014687212,0.0006202863,1
74522,0.0108472008,0.0006202863,1
74535,0.0076471383,0.0006202863,1
74561,0.0084982708,0.0006202863,0
74562,0.0084982708,0.0006202863,0
74566,0.0084982708,0.0006202863,0
74582,0.0144860812,0.0006202863,1
74592,0.0278672319,0.0006202863,1
74613,0.0034545757,0.0006202863,1
74636,0.0076404402,0.0006202863,1
74661,0.0091479403,0.0006202863,1
74687,0.0011246658,0.0006202863,1
74691,0.0011246658,0.0006202863,1
74695,0.0011246658,0.0006202863,1
74700,0.0011246658,0.0006202863,1
74704,0.0011246658,0.0006202863,1
74707,0.0091077851,0.0006202863,1
74709,0.0091077851,0.0006202863,1
74712,0.0256330357,0.0006202863,1
74720,0.0007317212,0.0006202863,1
74725,0.0176014903,0.0006202863,1
74733,0.0086618420,0.0006202863,1
74738,0.0011618653,0.0006202863,1
74741,0.0022344347,0.0006202863,1
74757,0.0090500844,0.0006202863,1
74764,0.0090500844,0.0006202863,1
74805,0.0006497773,0.0006202863,1
74807,0.0006292491,0.0006202863,1
74816,0.0008891913,0.0006202863,1
74828,0.0009273858,0.0006202863,1
74834,0.0094153793,0.0006202863,1
74837,0.0094153793,0.0006202863,1
74840,0.0094153793,0.0006202863,1
74846,0.0042819984,0.0006202863,1
74852,0.0020003026,0.0006202863,1
74854,0.0384658254,0.0006202863,1
74859,0.0012304239,0.0006202863,1
74869,0.0079880853,0.0006202863,1
74874,0.0015962172,0.0006202863,1
74906,0.0103486232,0.0006202863,1
74913,0.0054240429,0.0006202863,1
74916,0.0054240429,0.0006202863,1
74920,0.0054240429,0.0006202863,1
74939,0.0060096753,0.0006202863,1
74961,0.0089220633,0.0006202863,0
74962,0.0089220633,0.0006202863,0
74965,0.0117795093,0.0006202863,1
74978,0.0016877362,0.0006202863,0
74979,0.0016877362,0.0006202863,0
74989,0.0239289058,0.0006202863,1
74999,0.0008504872,0.0006202863,1
75033,0.0028724684,0.0006202863,1
75050,0.0031929138,0.0006202863,1
75083,0.0198997112,0.0006202863,1
75110,0.0016878087,0.0006202863,1
75116,0.0016878087,0.0006202863,1
75121,0.0016878138,0.0006202863,1
75127,0.0016878138,0.0006202863,1
75133,0.0016878138,0.0006202863,1
75139,0.0016878144,0.0006202863,1
75141,0.0022463598,0.0006202863,0
75147,0.0016878144,0.0006202863,1
75150,0.0007227030,0.0006202863,1
75155,0.0019396287,0.0006202863,0
75160,0.0006363337,0.0006202863,1
75182,0.0016726763,0.0006202863,1
75263,0.0018557822,0.0006202863,0
75268,0.0017786588,0.0006202863,0
75285,0.0016691084,0.0006202863,0
75292,0.0015981162,0.0006202863,0
75294,0.0014947748,0.0006202863,0
75302,0.0013658922,0.0006202863,0
75306,0.0013300759,0.0006202863,0
75310,0.0012732467,0.0006202863,0
75320,0.0011931150,0.0006202863,0
75339,0.0009989364,0.0006202863,1
75348,0.0011383468,0.0006202863,0
75361,0.0009223243,0.0006202863,1
75377,0.0013976284,0.0006202863,0
75384,0.0013976284,0.0006202863,0
75424,0.0187078185,0.0006202863,1
75427,0.0027634083,0.0006202863,1
75446,0.0183554233,0.0006202863,1
75462,0.0023867884,0.0006202863,1
75469,0.0008613238,0.0006202863,0
75472,0.0013976284,0.0006202863,0
75480,0.0033072918,0.0006202863,1
75493,0.0085599177,0.0006202863,0
75494,0.0226817385,0.0006202863,1
75497,0.0085599177,0.0006202863,0
75541,0.0006967131,0.0006202863,1
75551,0.0088623301,0.0006202863,1
75571,0.0052913729,0.0006202863,1
75583,0.0006759048,0.0006202863,1
75647,0.0007356644,0.0006202863,1
75649,0.0029935414,0.0006202863,1
75651,0.0123840587,0.0006202863,1
75669,0.0052324529,0.0006202863,1
75717,0.0020758973,0.0006202863,1
75740,0.0010563135,0.0006202863,1
75758,0.0074543326,0.0006202863,1
75788,0.0231878775,0.0006202863,1
75797,0.0024586329,0.0006202863,1
75809,0.0009272277,0.0006202863,1
75824,0.0042237226,0.0006202863,1
75838,0.0006626610,0.0006202863,1
75852,0.0013859296,0.0006202863,1
75859,0.0243141681,0.0006202863,0
75863,0.0171510433,0.0006202863,0
75865,0.0171510433,0.0006202863,0
75868,0.0060096753,0.0006202863,0
75885,0.0008613238,0.0006202863,1
75898,0.0008613238,0.0006202863,0
75906,0.0041502511,0.0006202863,0
75914,0.0025800065,0.0006202863,1
75925,0.0329379302,0.0006202863,1
75951,0.0074660130,0.0006202863,1
75956,0.0007972076,0.0006202863,1
75970,0.0010770119,0.0006202863,1
75984,0.0006333162,0.0006202863,1
75997,0.0029704174,0.0006202863,1
75999,0.0029704174,0.0006202863,1
76003,0.0015080650,0.0006202863,1
76040,0.0041087681,0.0006202863,0
76041,0.0060096753,0.0006202863,0
76044,0.0243141681,0.0006202863,0
76046,0.0060096753,0.0006202863,0
76050,0.0008613238,0.0006202863,0
76060,0.0013976284,0.0006202863,0
76078,0.0140695267,0.0006202863,1
76142,0.0006367737,0.0006202863,1
76168,0.0007005609,0.0006202863,1
76170,0.0007005609,0.0006202863,1
76172,0.0007005609,0.0006202863,1
76174,0.0007005609,0.0006202863,1
76177,0.0007005609,0.0006202863,1
76182,0.0008613238,0.0006202863,1
76258,0.0010327071,0.0006202863,1
76264,0.0014065557,0.0006202863,1
76290,0.0006899093,0.0006202863,1
76306,0.0521068070,0.0006202863,1
76316,0.0303563614,0.0006202863,1
76347,0.0016060100,0.0006202863,1
76379,0.0008613238,0.0006202863,0
76387,0.0016877362,0.0006202863,0
76388,0.0016877362,0.0006202863,0
76402,0.0086148907,0.0006202863,1
76424,0.0059633642,0.0006202863,1
76453,0.0055886028,0.0006202863,1
76544,0.0006585383,0.0006202863,0
76546,0.0060096753,0.0006202863,0
76559,0.0013976284,0.0006202863,0
76569,0.0060096753,0.0006202863,0
76579,0.0013976284,0.0006202863,0
76584,0.0013976284,0.0006202863,0
76606,0.0140695267,0.0006202863,1
76630,0.0059211548,0.0006202863,1
76647,0.0059211548,0.0006202863,1
76649,0.0059211548,0.0006202863,1
76664,0.0007697845,0.0006202863,1
76677,0.0073786328,0.0006202863,1
76679,0.0073786328,0.0006202863,1
76681,0.0073786328,0.0006202863,1
76682,0.0073786328,0.0006202863,1
76694,0.0016745539,0.0006202863,1
76697,0.0016745539,0.0006202863,1
76700,0.0016745539,0.0006202863,1
76701,0.0016745539,0.0006202863,1
76702,0.0016745539,0.0006202863,1
76761,0.0009989364,0.0006202863,1
76777,0.0172878640,0.0006202863,1
76805,0.0008738300,0.0006202863,1
76833,0.0071259560,0.0006202863,1
76862,0.0016117178,0.0006202863,1
76906,0.0131290586,0.0006202863,1
76951,0.0060096753,0.0006202863,0
76961,0.0060096753,0.0006202863,0
77002,0.0086721109,0.0006202863,1
77019,0.0062001569,0.0006202863,0
77021,0.0062001569,0.0006202863,0
77030,0.0030426440,0.0006202863,1
77032,0.0060018073,0.0006202863,1
77047,0.0010786625,0.0006202863,0
77048,0.0073786328,0.0006202863,1
77049,0.0056749643,0.0006202863,0
77051,0.0056750015,0.0006202863,0
77056,0.0073786328,0.0006202863,1
77060,0.0009078078,0.0006202863,0
77064,0.0016877362,0.0006202863,0
77065,0.0010883749,0.0006202863,0
77074,0.0010985485,0.0006202863,0
77082,0.0009804423,0.0006202863,0
77089,0.0114129966,0.0006202863,0
77091,0.0114129966,0.0006202863,0
77092,0.0009863378,0.0006202863,0
77098,0.0009972327,0.0006202863,0
77104,0.0144581324,0.0006202863,0
77107,0.0144581324,0.0006202863,0
77111,0.0144581324,0.0006202863,0
77115,0.0144581324,0.0006202863,0
77123,0.0009858773,0.0006202863,0
77142,0.0006860847,0.0006202863,1
77181,0.0048654427,0.0006202863,1
77212,0.0042643227,0.0006202863,1
77238,0.0175884550,0.0006202863,1
77256,0.0009466919,0.0006202863,1
77268,0.0057746781,0.0006202863,1
77293,0.0044720209,0.0006202863,1
77343,0.0101236948,0.0006202863,0
77344,0.0101236948,0.0006202863,0
77380,0.0049293341,0.0006202863,1
77387,0.0031451959,0.0006202863,1
77408,0.0084119931,0.0006202863,1
77463,0.0073786328,0.0006202863,1
77475,0.0073786328,0.0006202863,1
77477,0.0073786328,0.0006202863,1
77507,0.0008061326,0.0006202863,1
77514,0.0006889298,0.0006202863,1
77542,0.0006863929,0.0006202863,1
77580,0.0023174912,0.0006202863,1
77639,0.0131290586,0.0006202863,1
77660,0.0081423743,0.0006202863,1
77718,0.0040852088,0.0006202863,1
77722,0.0075797561,0.0006202863,1
77771,0.0007012873,0.0006202863,1
77772,0.0009110795,0.0006202863,1
77782,0.0104741407,0.0006202863,1
77784,0.0056144985,0.0006202863,1
77786,0.0056144985,0.0006202863,1
77808,0.0030129899,0.0006202863,1
77813,0.0009955859,0.0006202863,1
77814,0.0047623742,0.0006202863,1
77835,0.0013242693,0.0006202863,1
77869,0.0023174912,0.0006202863,1
77870,0.0023174912,0.0006202863,1
77871,0.0023174912,0.0006202863,1
77902,0.0075136983,0.0006202863,1
77906,0.0059211548,0.0006202863,1
77907,0.0059211548,0.0006202863,1
77908,0.0059211548,0.0006202863,1
77909,0.0059211548,0.0006202863,1
77969,0.0006587514,0.0006202863,1
77974,0.0009481110,0.0006202863,1
77984,0.0017466807,0.0006202863,1
77991,0.0275040525,0.0006202863,1
77998,0.0023174912,0.0006202863,1
78001,0.0023174912,0.0006202863,1
78034,0.0006260303,0.0006202863,1
78036,0.0059211548,0.0006202863,1
78038,0.0059211548,0.0006202863,1
78039,0.0059211548,0.0006202863,1
78049,0.0011060617,0.0006202863,1
78051,0.0136258987,0.0006202863,1
78057,0.0018589474,0.0006202863,1
78077,0.0023174912,0.0006202863,1
78078,0.0023174912,0.0006202863,1
78104,0.0023174912,0.0006202863,1
78108,0.0023174912,0.0006202863,1
78116,0.0020184676,0.0006202863,1
78170,0.0032948342,0.0006202863,1
78194,0.0008061326,0.0006202863,1
78204,0.0094194335,0.0006202863,1
78211,0.0007657111,0.0006202863,1
78222,0.0039316381,0.0006202863,1
78251,0.0008307394,0.0006202863,1
78268,0.0141239136,0.0006202863,1
78271,0.0141239136,0.0006202863,1
78291,0.0030420780,0.0006202863,1
78295,0.0034730988,0.0006202863,1
78305,0.0080671882,0.0006202863,1
78309,0.0010817959,0.0006202863,1
78312,0.0007319673,0.0006202863,1
78328,0.0217067129,0.0006202863,1
78341,0.0066006493,0.0006202863,1
78342,0.0066006493,0.0006202863,1
78350,0.0034708109,0.0006202863,1
78351,0.0177342647,0.0006202863,1
78354,0.0012653014,0.0006202863,1
78356,0.0059211548,0.0006202863,1
78359,0.0006815699,0.0006202863,1
78360,0.0006815699,0.0006202863,1
78361,0.0059211548,0.0006202863,1
78363,0.0006815699,0.0006202863,1
78364,0.0006815699,0.0006202863,1
78367,0.0007093006,0.0006202863,1
78369,0.0011861733,0.0006202863,1
78380,0.0011170804,0.0006202863,1
78390,0.0008774498,0.0006202863,1
78391,0.0008774498,0.0006202863,1
78394,0.0073786328,0.0006202863,1
78399,0.0073786328,0.0006202863,1
78411,0.0010191368,0.0006202863,1
78424,0.0208112005,0.0006202863,1
78428,0.0009285305,0.0006202863,1
78441,0.0183164270,0.0006202863,1
78459,0.0055886028,0.0006202863,1
78524,0.0059211548,0.0006202863,1
78526,0.0059211548,0.0006202863,1
78527,0.0059211548,0.0006202863,1
78529,0.0006815699,0.0006202863,1
78530,0.0006815699,0.0006202863,1
78532,0.0006815699,0.0006202863,1
78533,0.0006815699,0.0006202863,1
78535,0.0006815699,0.0006202863,1
78537,0.0054642176,0.0006202863,1
78543,0.0007317770,0.0006202863,1
78548,0.0006815699,0.0006202863,1
78553,0.0052877807,0.0006202863,1
78560,0.0008774498,0.0006202863,1
78562,0.0008774498,0.0006202863,1
78563,0.0050754237,0.0006202863,1
78573,0.0010387905,0.0006202863,1
78578,0.0343549475,0.0006202863,1
78592,0.0010738418,0.0006202863,1
78597,0.0007209935,0.0006202863,1
78599,0.0031390558,0.0006202863,1
78606,0.0059211548,0.0006202863,1
78608,0.0013916779,0.0006202863,1
78610,0.0006815699,0.0006202863,1
78614,0.0172878640,0.0006202863,1
78615,0.0006815699,0.0006202863,1
78617,0.0006815699,0.0006202863,1
78620,0.0006815699,0.0006202863,1
78627,0.0072113830,0.0006202863,1
78652,0.0023174912,0.0006202863,1
78654,0.0023174912,0.0006202863,1
78656,0.0023174912,0.0006202863,1
78670,0.0008774498,0.0006202863,1
78671,0.0008774498,0.0006202863,1
78673,0.0008774498,0.0006202863,1
78675,0.0350454378,0.0006202863,1
78676,0.0008774498,0.0006202863,1
78679,0.0008774498,0.0006202863,1
78699,0.0126940254,0.0006202863,1
78702,0.0006815699,0.0006202863,1
78704,0.0006815699,0.0006202863,1
78707,0.0006815699,0.0006202863,1
78708,0.0006815699,0.0006202863,1
78715,0.0073786328,0.0006202863,1
78716,0.0073786328,0.0006202863,1
78723,0.0008774498,0.0006202863,1
78724,0.0008774498,0.0006202863,1
78726,0.0008774498,0.0006202863,1
78727,0.0008774498,0.0006202863,1
78734,0.0014579463,0.0006202863,1
78738,0.0182846583,0.0006202863,1
78757,0.0320795144,0.0006202863,1
78758,0.0320795144,0.0006202863,1
78759,0.0320795144,0.0006202863,1
78760,0.0010365359,0.0006202863,1
78761,0.0320795144,0.0006202863,1
78762,0.0320795144,0.0006202863,1
78764,0.0035935092,0.0006202863,1
78767,0.0041933381,0.0006202863,1
78779,0.0013619520,0.0006202863,1
78786,0.0702743366,0.0006202863,1
78809,0.0094681716,0.0006202863,1
78812,0.0050701964,0.0006202863,1
78817,0.0096057570,0.0006202863,1
78837,0.0059211548,0.0006202863,1
78838,0.0059211548,0.0006202863,1
78839,0.0059211548,0.0006202863,1
78842,0.0320795144,0.0006202863,1
78856,0.0012720405,0.0006202863,1
78860,0.0038678695,0.0006202863,1
78881,0.0041264957,0.0006202863,1
78891,0.0007587666,0.0006202863,1
78904,0.0060396059,0.0006202863,1
78911,0.0014314082,0.0006202863,1
78939,0.0008181380,0.0006202863,1
78979,0.0050754237,0.0006202863,1
79005,0.0059211548,0.0006202863,1
79034,0.0030206882,0.0006202863,1
79037,0.0092535529,0.0006202863,1
79051,0.0018617679,0.0006202863,1
79055,0.0008842767,0.0006202863,1
79063,0.0017101754,0.0006202863,1
79064,0.0109195060,0.0006202863,1
79071,0.0320795144,0.0006202863,1
79072,0.0320795144,0.0006202863,1
79073,0.0320795144,0.0006202863,1
79074,0.0320795144,0.0006202863,1
79076,0.0320795144,0.0006202863,1
79087,0.0008061326,0.0006202863,1
79105,0.0551111955,0.0006202863,1
79120,0.0032039642,0.0006202863,1
79146,0.0006815699,0.0006202863,1
79149,0.0083817851,0.0006202863,1
79154,0.0131479934,0.0006202863,1
79156,0.0008774498,0.0006202863,1
79158,0.0008774498,0.0006202863,1
79159,0.0008774498,0.0006202863,1
79160,0.0008774498,0.0006202863,1
79176,0.0006705011,0.0006202863,1
79181,0.0007172616,0.0006202863,1
79183,0.0218188647,0.0006202863,1
79184,0.0095166478,0.0006202863,1
79185,0.0023889424,0.0006202863,1
79196,0.0008326085,0.0006202863,1
79216,0.0073786328,0.0006202863,1
79217,0.0073786328,0.0006202863,1
79224,0.0022589606,0.0006202863,1
79234,0.0203666432,0.0006202863,1
79237,0.0009098501,0.0006202863,1
79238,0.0272263449,0.0006202863,1
79248,0.0018312992,0.0006202863,1
79252,0.0010093799,0.0006202863,1
79270,0.0048802053,0.0006202863,1
79296,0.0060396059,0.0006202863,1
79308,0.0025924703,0.0006202863,1
79310,0.0021601527,0.0006202863,1
79312,0.0008774498,0.0006202863,1
79313,0.0008774498,0.0006202863,1
79316,0.0012754278,0.0006202863,1
79326,0.0026471613,0.0006202863,1
79343,0.0103037548,0.0006202863,1
79344,0.0010605423,0.0006202863,1
79345,0.0236667608,0.0006202863,1
79357,0.0147043382,0.0006202863,1
79398,0.0013976284,0.0006202863,1
79410,0.0007368886,0.0006202863,1
79428,0.0867984423,0.0006202863,1
79438,0.0159639908,0.0006202863,1
79453,0.0124423910,0.0006202863,1
79479,0.0147043382,0.0006202863,1
79489,0.0008061326,0.0006202863,1
79499,0.0136258987,0.0006202863,1
79502,0.0013879479,0.0006202863,1
79508,0.0052082699,0.0006202863,1
79511,0.0189903532,0.0006202863,1
79514,0.0320795144,0.0006202863,1
79515,0.0320795144,0.0006202863,1
79517,0.0320795144,0.0006202863,1
79523,0.0276212267,0.0006202863,1
79540,0.0152238604,0.0006202863,1
79543,0.0048270614,0.0006202863,1
79547,0.0006668079,0.0006202863,1
79551,0.0023174912,0.0006202863,1
79552,0.0023174912,0.0006202863,1
79554,0.0023174912,0.0006202863,1
79555,0.0006755332,0.0006202863,1
79563,0.0075136983,0.0006202863,1
79568,0.0006885691,0.0006202863,1
79569,0.0320795144,0.0006202863,1
79573,0.0320795144,0.0006202863,1
79575,0.0028969582,0.0006202863,1
79583,0.0299823184,0.0006202863,1
79589,0.0046835316,0.0006202863,1
79616,0.0044705126,0.0006202863,1
79623,0.0016480043,0.0006202863,1
79630,0.0012660196,0.0006202863,1
79632,0.0006884998,0.0006202863,1
79640,0.0083817851,0.0006202863,1
79645,0.0189903532,0.0006202863,1
79660,0.0061797143,0.0006202863,1
79662,0.0061797143,0.0006202863,1
79664,0.0286846707,0.0006202863,1
79665,0.0061797143,0.0006202863,1
79686,0.0099148908,0.0006202863,1
79689,0.0006871995,0.0006202863,1
79691,0.0013075500,0.0006202863,1
79710,0.0095995149,0.0006202863,1
79716,0.0012145729,0.0006202863,1
79730,0.0102340533,0.0006202863,1
79734,0.0006815699,0.0006202863,1
79735,0.0006815699,0.0006202863,1
79736,0.0006815699,0.0006202863,1
79737,0.0006815699,0.0006202863,1
79745,0.0100223119,0.0006202863,1
79746,0.0100223119,0.0006202863,1
79747,0.0100223119,0.0006202863,1
79748,0.0607338164,0.0006202863,1
79749,0.0100223119,0.0006202863,1
79751,0.0008774498,0.0006202863,1
79752,0.0006883519,0.0006202863,1
79755,0.0006883519,0.0006202863,1
79757,0.0006883519,0.0006202863,1
79764,0.0100223119,0.0006202863,1
79765,0.0100223119,0.0006202863,1
79768,0.0100223119,0.0006202863,1
79774,0.0079151916,0.0006202863,1
79785,0.0140605303,0.0006202863,1
79786,0.0008884732,0.0006202863,1
79790,0.0081164290,0.0006202863,1
79793,0.0051319214,0.0006202863,1
79801,0.0007666045,0.0006202863,1
79803,0.0007099866,0.0006202863,1
79804,0.0244311081,0.0006202863,1
79819,0.0061797143,0.0006202863,1
79820,0.0061797143,0.0006202863,1
79822,0.0144074238,0.0006202863,1
79829,0.0011619115,0.0006202863,1
79848,0.0320795144,0.0006202863,1
79852,0.0198979472,0.0006202863,1
79853,0.0037140696,0.0006202863,1
79855,0.0061797143,0.0006202863,1
79856,0.0061797143,0.0006202863,1
79860,0.0041755674,0.0006202863,1
79861,0.0320795144,0.0006202863,1
79862,0.0320795144,0.0006202863,1
79863,0.0047724797,0.0006202863,1
79864,0.0320795144,0.0006202863,1
79903,0.0019235754,0.0006202863,1
79913,0.0017231946,0.0006202863,1
79914,0.0037283018,0.0006202863,1
79918,0.0006789543,0.0006202863,1
79919,0.0177230912,0.0006202863,1
79922,0.0061797143,0.0006202863,1
79923,0.0061797143,0.0006202863,1
79924,0.0061797143,0.0006202863,1
79928,0.0065979712,0.0006202863,1
79938,0.0064836436,0.0006202863,1
79939,0.0064836436,0.0006202863,1
79950,0.0102340533,0.0006202863,1
79951,0.0102340533,0.0006202863,1
79953,0.0102340533,0.0006202863,1
79955,0.0102340533,0.0006202863,1
79956,0.0102340533,0.0006202863,1
79959,0.0169143610,0.0006202863,1
79970,0.0061797143,0.0006202863,1
79972,0.0061797143,0.0006202863,1
79977,0.0008793441,0.0006202863,1
79986,0.0084925676,0.0006202863,1
79987,0.0084925676,0.0006202863,1
79990,0.0013976284,0.0006202863,1
79991,0.0084925676,0.0006202863,1
79992,0.0084925676,0.0006202863,1
79993,0.0084925676,0.0006202863,1
79999,0.0061797143,0.0006202863,1
80003,0.0013976284,0.0006202863,1
80006,0.0037451095,0.0006202863,1
80007,0.0013976284,0.0006202863,1
80015,0.0025797552,0.0006202863,1
80035,0.0046285313,0.0006202863,1
80043,0.0006883519,0.0006202863,1
80047,0.0146575786,0.0006202863,1
80048,0.0090594760,0.0006202863,1
80050,0.0099148908,0.0006202863,1
80055,0.0006871995,0.0006202863,1
80075,0.0010993530,0.0006202863,1
80081,0.0247736938,0.0006202863,1
80084,0.0247736938,0.0006202863,1
80089,0.0106545352,0.0006202863,1
80090,0.0149700783,0.0006202863,1
80098,0.0106545352,0.0006202863,1
80109,0.0105040821,0.0006202863,1
80113,0.0095995149,0.0006202863,1
80124,0.0159639908,0.0006202863,1
80136,0.0023090557,0.0006202863,1
80137,0.0064836436,0.0006202863,1
80141,0.0094925322,0.0006202863,1
80147,0.0013206998,0.0006202863,1
80157,0.0575622066,0.0006202863,1
80161,0.0014285117,0.0006202863,1
80169,0.0014534955,0.0006202863,1
80185,0.0008906744,0.0006202863,1
80199,0.0158219873,0.0006202863,1
80208,0.0027890417,0.0006202863,1
80217,0.0084925676,0.0006202863,1
80234,0.0085602003,0.0006202863,1
80240,0.0006866455,0.0006202863,1
80247,0.0105040821,0.0006202863,1
80260,0.0011625217,0.0006202863,1
80262,0.0011625217,0.0006202863,1
80263,0.0011707559,0.0006202863,1
80264,0.0011625217,0.0006202863,1
80282,0.0064836436,0.0006202863,1
80283,0.0018949749,0.0006202863,1
80288,0.0011625217,0.0006202863,1
80289,0.0014476933,0.0006202863,1
80290,0.0006416301,0.0006202863,1
80297,0.0102340533,0.0006202863,1
80298,0.0102340533,0.0006202863,1
80300,0.0006871995,0.0006202863,1
80301,0.0006871995,0.0006202863,1
80303,0.0007060319,0.0006202863,1
80304,0.0049045233,0.0006202863,1
80305,0.0084925676,0.0006202863,1
80307,0.0084925676,0.0006202863,1
80309,0.0084925676,0.0006202863,1
80310,0.0084925676,0.0006202863,1
80312,0.0084925676,0.0006202863,1
80315,0.0081164290,0.0006202863,1
80316,0.0061797143,0.0006202863,1
80318,0.0061797143,0.0006202863,1
80320,0.0081164290,0.0006202863,1
80321,0.0081164290,0.0006202863,1
80323,0.0006594836,0.0006202863,1
80334,0.0247736938,0.0006202863,1
80335,0.0149700783,0.0006202863,1
80343,0.0006737894,0.0006202863,1
80345,0.0011713558,0.0006202863,1
80347,0.0006883519,0.0006202863,1
80349,0.0006883519,0.0006202863,1
80351,0.0057858134,0.0006202863,1
80364,0.0075320225,0.0006202863,1
80365,0.0075320225,0.0006202863,1
80368,0.0079151916,0.0006202863,1
80371,0.0079151916,0.0006202863,1
80376,0.0014176692,0.0006202863,1
80400,0.0018297916,0.0006202863,1
80415,0.0011625217,0.0006202863,1
80417,0.0011625217,0.0006202863,1
80420,0.0011625217,0.0006202863,1
80430,0.0061333708,0.0006202863,1
80431,0.0061333708,0.0006202863,1
80440,0.0102340533,0.0006202863,1
80457,0.0320795144,0.0006202863,1
80458,0.0320795144,0.0006202863,1
80461,0.0320795144,0.0006202863,1
80476,0.0102340533,0.0006202863,1
80477,0.0006308124,0.0006202863,1
80478,0.0102340533,0.0006202863,1
80479,0.0006308124,0.0006202863,1
80480,0.0102340533,0.0006202863,1
80491,0.0102340533,0.0006202863,1
80494,0.0041370965,0.0006202863,1
80504,0.0097243544,0.0006202863,1
80505,0.0097243544,0.0006202863,1
80506,0.0097243544,0.0006202863,1
80508,0.0097243544,0.0006202863,1
80522,0.0007498242,0.0006202863,1
80525,0.0028969582,0.0006202863,1
80530,0.0014665748,0.0006202863,1
80531,0.0248681055,0.0006202863,1
80539,0.0013042919,0.0006202863,1
80548,0.0011578756,0.0006202863,1
80553,0.0100227275,0.0006202863,1
80565,0.0060096753,0.0006202863,1
80569,0.0019567860,0.0006202863,1
80572,0.0053592446,0.0006202863,1
80579,0.0011870392,0.0006202863,1
80595,0.0102340533,0.0006202863,1
80596,0.0102340533,0.0006202863,1
80604,0.0013976284,0.0006202863,1
80610,0.0007122538,0.0006202863,1
80616,0.0029859163,0.0006202863,1
80620,0.0024565483,0.0006202863,1
80626,0.0029127140,0.0006202863,1
80627,0.0006883519,0.0006202863,1
80628,0.0006883519,0.0006202863,1
80631,0.0006883519,0.0006202863,1
80632,0.0008613238,0.0006202863,1
80638,0.0137257289,0.0006202863,1
80642,0.0006883519,0.0006202863,1
80643,0.0006883519,0.0006202863,1
80644,0.0006883519,0.0006202863,1
80648,0.0106545352,0.0006202863,1
80659,0.0006883519,0.0006202863,1
80679,0.0063564858,0.0006202863,1
80684,0.0009283705,0.0006202863,1
80710,0.0008831556,0.0006202863,1
80713,0.0042993308,0.0006202863,1
80718,0.0011625217,0.0006202863,1
80721,0.0020678697,0.0006202863,1
80735,0.0084925676,0.0006202863,1
80739,0.0084925676,0.0006202863,1
80743,0.0143267623,0.0006202863,1
80791,0.0011625217,0.0006202863,1
80793,0.0011625217,0.0006202863,1
80803,0.0099854744,0.0006202863,1
80814,0.0293841426,0.0006202863,1
80821,0.0007099866,0.0006202863,1
80828,0.0045558941,0.0006202863,1
80833,0.0010392337,0.0006202863,1
80836,0.0061333708,0.0006202863,1
80854,0.0094925322,0.0006202863,1
80857,0.0006488553,0.0006202863,1
80866,0.0084925676,0.0006202863,1
80875,0.0006308124,0.0006202863,1
80876,0.0006308124,0.0006202863,1
80887,0.0034582431,0.0006202863,1
80888,0.0006308124,0.0006202863,1
80889,0.0006308124,0.0006202863,1
80892,0.0073143596,0.0006202863,1
80896,0.0006308124,0.0006202863,1
80897,0.0011625217,0.0006202863,1
80898,0.0006308124,0.0006202863,1
80899,0.0011625217,0.0006202863,1
80900,0.0006308124,0.0006202863,1
80901,0.0011625217,0.0006202863,1
80902,0.0006308124,0.0006202863,1
80903,0.0011625217,0.0006202863,1
80915,0.0097243544,0.0006202863,1
80922,0.0009374204,0.0006202863,1
80923,0.0097243544,0.0006202863,1
80925,0.0097243544,0.0006202863,1
80926,0.0097243544,0.0006202863,1
80933,0.0006871995,0.0006202863,1
80936,0.0016664103,0.0006202863,1
80937,0.0012033679,0.0006202863,1
80941,0.0081164290,0.0006202863,1
80952,0.0116817355,0.0006202863,1
80956,0.0094808624,0.0006202863,1
80958,0.0149700783,0.0006202863,1
80959,0.0029037865,0.0006202863,1
80972,0.0607338164,0.0006202863,1
80980,0.0008613238,0.0006202863,1
81001,0.0100223119,0.0006202863,1
81004,0.0075320225,0.0006202863,1
81010,0.0100223119,0.0006202863,1
81016,0.0007840083,0.0006202863,1
81054,0.0022114921,0.0006202863,1
81077,0.0287704801,0.0006202863,1
81082,0.0140605303,0.0006202863,1
81096,0.0149700783,0.0006202863,1
81102,0.0008071657,0.0006202863,1
81109,0.0006583714,0.0006202863,1
81133,0.0017283627,0.0006202863,1
81147,0.0013976284,0.0006202863,1
81157,0.0008637740,0.0006202863,1
81177,0.0060021944,0.0006202863,1
81188,0.0072394118,0.0006202863,1
81194,0.0028187184,0.0006202863,1
81195,0.0061797143,0.0006202863,1
81196,0.0079891794,0.0006202863,1
81197,0.0061797143,0.0006202863,1
81198,0.0100792299,0.0006202863,1
81200,0.0100792299,0.0006202863,1
81210,0.0007879906,0.0006202863,1
81224,0.0009451277,0.0006202863,1
81238,0.0075320225,0.0006202863,1
81239,0.0075320225,0.0006202863,1
81241,0.0075320225,0.0006202863,1
81243,0.0006308124,0.0006202863,1
81245,0.0075320225,0.0006202863,1
81247,0.0006308124,0.0006202863,1
81250,0.0101236948,0.0006202863,0
81258,0.0008444677,0.0006202863,1
81281,0.0100926727,0.0006202863,0
81285,0.0100926727,0.0006202863,0
81313,0.0007097711,0.0006202863,1
81322,0.0022389426,0.0006202863,1
81325,0.0025365221,0.0006202863,1
81363,0.0093566225,0.0006202863,0
81365,0.0093566225,0.0006202863,0
81371,0.0092269458,0.0006202863,1
81374,0.0092269458,0.0006202863,1
81384,0.0013328473,0.0006202863,1
81388,0.0044610759,0.0006202863,1
81395,0.0017478862,0.0006202863,1
81410,0.0008107173,0.0006202863,1
81416,0.0095142028,0.0006202863,1
81450,0.0059936173,0.0006202863,1
81507,0.0069655176,0.0006202863,1
81536,0.0042874892,0.0006202863,1
81539,0.0009673632,0.0006202863,1
81541,0.0006629299,0.0006202863,1
81542,0.0178682591,0.0006202863,1
81545,0.0044554437,0.0006202863,1
81546,0.0039285066,0.0006202863,1
81549,0.0006246558,0.0006202863,1
81595,0.0082409743,0.0006202863,1
81616,0.0008658604,0.0006202863,1
81648,0.0006856279,0.0006202863,1
81686,0.0007591049,0.0006202863,1
81688,0.0022391010,0.0006202863,1
81720,0.0007520986,0.0006202863,1
81726,0.0006614886,0.0006202863,1
81737,0.0008894954,0.0006202863,1
81779,0.0085602003,0.0006202863,1
81786,0.0008164551,0.0006202863,1
81789,0.0008733985,0.0006202863,1
81793,0.0021322197,0.0006202863,1
81804,0.0009158859,0.0006202863,1
81814,0.0010462998,0.0006202863,1
81819,0.0010462998,0.0006202863,1
81840,0.0075320225,0.0006202863,1
81845,0.0075320225,0.0006202863,1
81855,0.0075320225,0.0006202863,1
81857,0.0010462998,0.0006202863,1
81867,0.0092396182,0.0006202863,1
81870,0.0065640825,0.0006202863,1
81924,0.0070948026,0.0006202863,0
81925,0.0070948026,0.0006202863,0
81933,0.0016877362,0.0006202863,0
81935,0.0016877362,0.0006202863,0
81975,0.0084175472,0.0006202863,0
81977,0.0084175472,0.0006202863,0
81992,0.0063122525,0.0006202863,1
82011,0.0011393712,0.0006202863,1
82031,0.0058419825,0.0006202863,1
82035,0.0058419825,0.0006202863,1
82067,0.0047263117,0.0006202863,1
82070,0.0113739974,0.0006202863,1
82143,0.0006864127,0.0006202863,1
82204,0.0084925676,0.0006202863,1
82210,0.0084925676,0.0006202863,1
82222,0.0100223119,0.0006202863,1
82254,0.0007459909,0.0006202863,1
82268,0.0058035252,0.0006202863,1
82308,0.0056743195,0.0006202863,0
82310,0.0056743195,0.0006202863,0
82337,0.0243141681,0.0006202863,1
82372,0.0057950995,0.0006202863,1
82433,0.0014431531,0.0006202863,1
82441,0.0097243544,0.0006202863,1
82478,0.0179549424,0.0006202863,0
82479,0.0179549424,0.0006202863,0
82516,0.0096924447,0.0006202863,1
82520,0.0096924447,0.0006202863,1
82530,0.0187871585,0.0006202863,1
82531,0.0303732682,0.0006202863,1
82547,0.0065979712,0.0006202863,1
82575,0.0011276233,0.0006202863,1
82588,0.0006308124,0.0006202863,1
82595,0.0041996205,0.0006202863,1
82597,0.0184587149,0.0006202863,1
82599,0.0041996205,0.0006202863,1
82652,0.0185489542,0.0006202863,1
82656,0.0186666195,0.0006202863,0
82658,0.0186666195,0.0006202863,0
82659,0.0186666195,0.0006202863,0
82663,0.0186666195,0.0006202863,0
82674,0.0007250475,0.0006202863,1
82681,0.0013976284,0.0006202863,1
82692,0.0097243544,0.0006202863,1
82709,0.0051131817,0.0006202863,1
82713,0.0015286912,0.0006202863,1
82723,0.0015286912,0.0006202863,1
82759,0.0011625217,0.0006202863,1
82762,0.0011625217,0.0006202863,1
82768,0.0034064644,0.0006202863,1
82771,0.0047494159,0.0006202863,1
82776,0.0087170647,0.0006202863,1
82779,0.0006875652,0.0006202863,1
82780,0.0087170647,0.0006202863,1
82782,0.0006875652,0.0006202863,1
82785,0.0006875652,0.0006202863,1
82788,0.0006875652,0.0006202863,1
82792,0.0013976284,0.0006202863,1
82801,0.0301107299,0.0006202863,1
82822,0.0028535132,0.0006202863,1
82829,0.0006883519,0.0006202863,1
82832,0.0010439038,0.0006202863,1
82833,0.0006883519,0.0006202863,1
82844,0.0079891794,0.0006202863,1
82851,0.0058367272,0.0006202863,1
82854,0.0006389999,0.0006202863,1
82874,0.0007731489,0.0006202863,1
82876,0.0008538878,0.0006202863,1
82892,0.0055187397,0.0006202863,1
82896,0.0006883519,0.0006202863,1
82899,0.0006883519,0.0006202863,1
82903,0.0008609605,0.0006202863,1
82925,0.0094201359,0.0006202863,1
82930,0.0094201359,0.0006202863,1
82931,0.0094201359,0.0006202863,1
82935,0.0060096753,0.0006202863,1
82937,0.0010327140,0.0006202863,1
82938,0.0141078707,0.0006202863,1
82944,0.0014630124,0.0006202863,1
82958,0.0042827765,0.0006202863,1
82961,0.0201960661,0.0006202863,1
82982,0.0013976284,0.0006202863,1
82991,0.0093061602,0.0006202863,1
82994,0.0093061602,0.0006202863,1
82996,0.0054135363,0.0006202863,1
82997,0.0093061602,0.0006202863,1
83001,0.0011271063,0.0006202863,1
83009,0.0379594356,0.0006202863,1
83023,0.0056773257,0.0006202863,0
83024,0.0056773263,0.0006202863,0
83032,0.0100792299,0.0006202863,1
83039,0.0025800065,0.0006202863,1
83049,0.0100792299,0.0006202863,1
83065,0.0014910331,0.0006202863,1
83067,0.0014910331,0.0006202863,1
83072,0.0014910331,0.0006202863,1
83075,0.0014910331,0.0006202863,1
83078,0.0150200631,0.0006202863,1
83082,0.0013976284,0.0006202863,1
83091,0.0033634122,0.0006202863,1
83094,0.0134270250,0.0006202863,1
83101,0.0010199792,0.0006202863,1
83106,0.0075320225,0.0006202863,1
83110,0.0075320225,0.0006202863,1
83133,0.0031634795,0.0006202863,1
83138,0.0075320225,0.0006202863,1
83141,0.0048808197,0.0006202863,1
83157,0.0006886423,0.0006202863,1
83164,0.0099028786,0.0006202863,1
83170,0.0018364612,0.0006202863,1
83172,0.0060096753,0.0006202863,1
83179,0.0243141681,0.0006202863,1
83187,0.0063294545,0.0006202863,1
83212,0.0012168656,0.0006202863,1
83222,0.0310477383,0.0006202863,1
83223,0.0010462998,0.0006202863,1
83229,0.0092396182,0.0006202863,1
83231,0.0092396182,0.0006202863,1
83232,0.0103144223,0.0006202863,1
83235,0.0092396182,0.0006202863,1
83239,0.0092396182,0.0006202863,1
83242,0.0092396182,0.0006202863,1
83247,0.0034310728,0.0006202863,1
83255,0.0146675471,0.0006202863,1
83258,0.0279914156,0.0006202863,1
83269,0.0056081994,0.0006202863,1
83271,0.0008613238,0.0006202863,1
83290,0.0012792450,0.0006202863,1
83295,0.0069975222,0.0006202863,1
83299,0.0262518991,0.0006202863,1
83306,0.0017212091,0.0006202863,1
83308,0.0010341847,0.0006202863,1
83309,0.0018932257,0.0006202863,1
83312,0.0060096753,0.0006202863,1
83315,0.0087170647,0.0006202863,1
83316,0.0087170647,0.0006202863,1
83320,0.0016878156,0.0006202863,1
83324,0.0016878151,0.0006202863,1
83328,0.0016878151,0.0006202863,1
83357,0.0051081658,0.0006202863,1
83379,0.0041996205,0.0006202863,1
83383,0.0041996205,0.0006202863,1
83391,0.0020717007,0.0006202863,1
83398,0.0009346783,0.0006202863,1
83400,0.0032058274,0.0006202863,1
83405,0.0032058274,0.0006202863,1
83418,0.0094201359,0.0006202863,1
83422,0.0094201359,0.0006202863,1
83426,0.0060096753,0.0006202863,1
83450,0.0013976284,0.0006202863,1
83453,0.0007794393,0.0006202863,1
83457,0.0008613238,0.0006202863,1
83468,0.0085602003,0.0006202863,1
83485,0.0092307882,0.0006202863,1
83488,0.0243141681,0.0006202863,1
83514,0.0028450263,0.0006202863,1
83520,0.0006875652,0.0006202863,1
83525,0.0006875652,0.0006202863,1
83528,0.0006875652,0.0006202863,1
83534,0.0018787357,0.0006202863,1
83538,0.0202404554,0.0006202863,1
83560,0.0014910331,0.0006202863,1
83563,0.0014910331,0.0006202863,1
83568,0.0014910331,0.0006202863,1
83588,0.0007132356,0.0006202863,1
83604,0.0276725538,0.0006202863,1
83607,0.0006871995,0.0006202863,1
83610,0.0013204641,0.0006202863,1
83614,0.0006227524,0.0006202863,1
83619,0.0038616549,0.0006202863,1
83652,0.0056851507,0.0006202863,1
83663,0.0032137102,0.0006202863,1
83676,0.0247736938,0.0006202863,1
83698,0.0006308124,0.0006202863,1
83706,0.0006308124,0.0006202863,1
83712,0.0006308124,0.0006202863,1
83715,0.0006308124,0.0006202863,1
83737,0.0011296790,0.0006202863,1
83751,0.0054888094,0.0006202863,1
83764,0.0014933320,0.0006202863,1
83767,0.0016878077,0.0006202863,1
83774,0.0016878077,0.0006202863,1
83779,0.0049224639,0.0006202863,1
83781,0.0016878077,0.0006202863,1
83783,0.0097243544,0.0006202863,1
83787,0.0097243544,0.0006202863,1
83790,0.0016878077,0.0006202863,1
83792,0.0016878156,0.0006202863,1
83797,0.0016878156,0.0006202863,1
83803,0.0016878156,0.0006202863,1
83810,0.0016878151,0.0006202863,1
83817,0.0016878151,0.0006202863,1
83820,0.0016878151,0.0006202863,1
83823,0.0016878151,0.0006202863,1
83847,0.0051081658,0.0006202863,1
83892,0.0087394984,0.0006202863,1
83910,0.0018194536,0.0006202863,1
83934,0.0133310447,0.0006202863,1
83935,0.0007527776,0.0006202863,1
83953,0.0140662325,0.0006202863,1
83956,0.0068983323,0.0006202863,1
83986,0.0006247619,0.0006202863,1
84001,0.0291808083,0.0006202863,1
84013,0.0017989393,0.0006202863,1
84051,0.0007889169,0.0006202863,1
84054,0.0061896022,0.0006202863,1
84068,0.0027025103,0.0006202863,1
84079,0.0020512346,0.0006202863,1
84081,0.0008048680,0.0006202863,1
84106,0.0007608320,0.0006202863,1
84108,0.0093932689,0.0006202863,1
84150,0.0107684482,0.0006202863,0
84160,0.0107684482,0.0006202863,0
84161,0.0107684482,0.0006202863,0
84173,0.0100223119,0.0006202863,1
84180,0.0100223119,0.0006202863,1
84181,0.0243141681,0.0006202863,1
84185,0.0100223119,0.0006202863,1
84204,0.0013566119,0.0006202863,1
84213,0.0007908396,0.0006202863,1
84216,0.0015508817,0.0006202863,1
84231,0.0011839298,0.0006202863,1
84251,0.0074884110,0.0006202863,0
84252,0.0083787103,0.0006202863,0
84254,0.0074884110,0.0006202863,0
84257,0.0074884110,0.0006202863,0
84259,0.0083787103,0.0006202863,0
84270,0.0075320225,0.0006202863,1
84275,0.0075320225,0.0006202863,1
84277,0.0075320225,0.0006202863,1
84281,0.0075320225,0.0006202863,1
84307,0.0115492705,0.0006202863,0
84308,0.0115492705,0.0006202863,0
84313,0.0115492705,0.0006202863,0
84327,0.0065186705,0.0006202863,0
84330,0.0065186705,0.0006202863,0
84331,0.0065186705,0.0006202863,0
84349,0.0190092045,0.0006202863,1
84356,0.0042993308,0.0006202863,1
84367,0.0009422696,0.0006202863,1
84369,0.0097081818,0.0006202863,0
84370,0.0097081818,0.0006202863,0
84384,0.0022464621,0.0006202863,1
84451,0.0006308124,0.0006202863,1
84457,0.0006308124,0.0006202863,1
84467,0.0006308124,0.0006202863,1
84506,0.0068413376,0.0006202863,1
84508,0.0045560898,0.0006202863,1
84544,0.0182066012,0.0006202863,1
84563,0.0008121356,0.0006202863,1
84567,0.0010883227,0.0006202863,1
84573,0.0097243544,0.0006202863,1
84580,0.0308947911,0.0006202863,1
84609,0.0009218476,0.0006202863,1
84614,0.0186623428,0.0006202863,1
84628,0.0009245084,0.0006202863,1
84640,0.0049193889,0.0006202863,1
84660,0.0100223119,0.0006202863,1
84664,0.0100223119,0.0006202863,1
84667,0.0100223119,0.0006202863,1
84692,0.0008671012,0.0006202863,1
84782,0.0051319214,0.0006202863,1
84812,0.0007399142,0.0006202863,1
84835,0.0008852737,0.0006202863,1
84861,0.0013976284,0.0006202863,1
84872,0.0184177669,0.0006202863,1
84883,0.0016078224,0.0006202863,0
84884,0.0007311205,0.0006202863,1
84890,0.0016913381,0.0006202863,0
84892,0.0006871969,0.0006202863,0
84897,0.0011375449,0.0006202863,0
84899,0.0015836065,0.0006202863,1
84902,0.0007887065,0.0006202863,1
84904,0.0009746277,0.0006202863,0
84909,0.0051304159,0.0006202863,0
84923,0.0241832402,0.0006202863,1
84931,0.0015746635,0.0006202863,1
84933,0.0033657073,0.0006202863,1
84945,0.0039056052,0.0006202863,1
84952,0.0009604034,0.0006202863,0
84953,0.0008233411,0.0006202863,0
85012,0.0016877362,0.0006202863,0
85014,0.0016877362,0.0006202863,0
85015,0.0056756933,0.0006202863,0
85016,0.0056757265,0.0006202863,0
85017,0.0016877362,0.0006202863,0
85018,0.0016877362,0.0006202863,0
85023,0.0055293189,0.0006202863,0
85024,0.0055293189,0.0006202863,0
85054,0.0303898969,0.0006202863,1
85057,0.0014253432,0.0006202863,1
85062,0.0064966153,0.0006202863,1
85096,0.0023983628,0.0006202863,1
85148,0.0290281407,0.0006202863,1
85152,0.0278040441,0.0006202863,1
85160,0.0021180139,0.0006202863,1
85161,0.0513807167,0.0006202863,1
85180,0.0056772924,0.0006202863,0
85181,0.0056772930,0.0006202863,0
85236,0.0033072918,0.0006202863,1
85246,0.0010205777,0.0006202863,1
85280,0.0160149019,0.0006202863,1
85302,0.0006506960,0.0006202863,1
85306,0.0216119050,0.0006202863,1
85392,0.0056081994,0.0006202863,1
85407,0.0050633812,0.0006202863,0
85421,0.0017947068,0.0006202863,0
85429,0.0010659333,0.0006202863,1
85432,0.0200489010,0.0006202863,1
85440,0.0006241597,0.0006202863,0
85444,0.0031594307,0.0006202863,0
85447,0.0006729462,0.0006202863,1
85513,0.0041996205,0.0006202863,1
85518,0.0041996205,0.0006202863,1
85523,0.0041996205,0.0006202863,1
85527,0.0041996205,0.0006202863,1
85543,0.0212696046,0.0006202863,1
85544,0.0033302515,0.0006202863,1
85562,0.0007693199,0.0006202863,1
85566,0.0111299169,0.0006202863,1
85661,0.0008399794,0.0006202863,1
85672,0.0006875652,0.0006202863,1
85675,0.0006875652,0.0006202863,1
85680,0.0006875652,0.0006202863,1
85685,0.0006875652,0.0006202863,1
85686,0.0007055030,0.0006202863,1
85716,0.0007296952,0.0006202863,1
85728,0.0036603218,0.0006202863,1
85732,0.0006943493,0.0006202863,1
85753,0.0055585019,0.0006202863,1
85756,0.0009622983,0.0006202863,1
85772,0.0059402856,0.0006202863,1
85785,0.0183111432,0.0006202863,1
85800,0.0014945361,0.0006202863,0
85811,0.0011206266,0.0006202863,0
85821,0.0016877362,0.0006202863,0
85822,0.0016877362,0.0006202863,0
85823,0.0028011118,0.0006202863,1
85830,0.0095142028,0.0006202863,1
85837,0.0006767377,0.0006202863,1
85838,0.0095142028,0.0006202863,1
85844,0.0095142028,0.0006202863,1
85849,0.0095142028,0.0006202863,1
85851,0.0181573764,0.0006202863,1
85860,0.0121624504,0.0006202863,1
85863,0.0021335126,0.0006202863,1
85867,0.0071805245,0.0006202863,1
85868,0.0010462998,0.0006202863,1
85869,0.0006614886,0.0006202863,1
85873,0.0150348219,0.0006202863,1
85874,0.0010462998,0.0006202863,1
85878,0.0010462998,0.0006202863,1
85887,0.0092396182,0.0006202863,1
85890,0.0201960661,0.0006202863,1
85891,0.0092396182,0.0006202863,1
85897,0.0023352703,0.0006202863,1
85903,0.0101232031,0.0006202863,1
85908,0.0268081079,0.0006202863,1
85911,0.0015286912,0.0006202863,1
85915,0.0009738977,0.0006202863,1
85923,0.0087170647,0.0006202863,1
85926,0.0087170647,0.0006202863,1
85930,0.0087170647,0.0006202863,1
85933,0.0087170647,0.0006202863,1
85937,0.0087170647,0.0006202863,1
85942,0.0087170647,0.0006202863,1
85948,0.0378281573,0.0006202863,1
85961,0.0166213096,0.0006202863,1
85963,0.0137080716,0.0006202863,1
85974,0.0035972951,0.0006202863,1
86006,0.0006629299,0.0006202863,0
86008,0.0049702952,0.0006202863,0
86011,0.0011499722,0.0006202863,0
86015,0.0048126773,0.0006202863,1
86016,0.0006488811,0.0006202863,0
86021,0.0007331500,0.0006202863,0
86024,0.0039410471,0.0006202863,0
86032,0.0046387647,0.0006202863,0
86035,0.0006534830,0.0006202863,0
86044,0.0009166096,0.0006202863,0
86045,0.0084925676,0.0006202863,1
86048,0.0006740756,0.0006202863,0
86054,0.0040422067,0.0006202863,1
86058,0.0184363759,0.0006202863,1
86068,0.0084925676,0.0006202863,1
86071,0.0084925676,0.0006202863,1
86076,0.0084925676,0.0006202863,1
86078,0.0006564764,0.0006202863,1
86080,0.0665111322,0.0006202863,1
86128,0.0281830342,0.0006202863,1
86148,0.0008908575,0.0006202863,0
86151,0.0062200745,0.0006202863,0
86155,0.0028583930,0.0006202863,0
86171,0.0081975816,0.0006202863,1
86205,0.0006591277,0.0006202863,1
86210,0.0728378215,0.0006202863,1
86244,0.0041996205,0.0006202863,1
86254,0.0016877362,0.0006202863,0
86282,0.0013976284,0.0006202863,0
86285,0.0102340533,0.0006202863,1
86309,0.0013976284,0.0006202863,0
86318,0.0007280769,0.0006202863,1
86364,0.0170838681,0.0006202863,1
86371,0.0008613238,0.0006202863,0
86398,0.0013976284,0.0006202863,0
86441,0.0006875652,0.0006202863,1
86464,0.0202404554,0.0006202863,1
86471,0.0013603536,0.0006202863,1
86479,0.0010130766,0.0006202863,1
86486,0.0079891794,0.0006202863,1
86491,0.0058367272,0.0006202863,1
86492,0.0100792299,0.0006202863,1
86494,0.0100792299,0.0006202863,1
86512,0.0051654194,0.0006202863,1
86518,0.0074499242,0.0006202863,1
86521,0.0150036697,0.0006202863,1
86528,0.0029679116,0.0006202863,1
86559,0.0008613238,0.0006202863,0
86573,0.0092269458,0.0006202863,1
86580,0.0146045058,0.0006202863,1
86583,0.0036524354,0.0006202863,1
86591,0.0008613238,0.0006202863,0
86598,0.0013976284,0.0006202863,0
86613,0.0689086908,0.0006202863,1
86621,0.0010462998,0.0006202863,1
86626,0.0010462998,0.0006202863,1
86628,0.0010462998,0.0006202863,1
86639,0.0092396182,0.0006202863,1
86656,0.0006836633,0.0006202863,1
86661,0.0015286912,0.0006202863,1
86662,0.0124333411,0.0006202863,1
86685,0.0087170647,0.0006202863,1
86693,0.0010915291,0.0006202863,1
86700,0.0114470602,0.0006202863,1
86703,0.0031981975,0.0006202863,1
86708,0.0265390731,0.0006202863,1
86709,0.0060133750,0.0006202863,1
86736,0.0094201359,0.0006202863,1
86739,0.0094201359,0.0006202863,1
86749,0.0012461196,0.0006202863,1
86754,0.0013400672,0.0006202863,1
86759,0.0380115658,0.0006202863,1
86763,0.0013976284,0.0006202863,1
86767,0.0243141681,0.0006202863,1
86776,0.0006619950,0.0006202863,1
86783,0.0060385752,0.0006202863,1
86787,0.0093061602,0.0006202863,1
86809,0.0006545101,0.0006202863,1
86830,0.0060096753,0.0006202863,1
86855,0.0009770047,0.0006202863,1
86867,0.0011161253,0.0006202863,1
86879,0.0014910331,0.0006202863,1
86882,0.0014910331,0.0006202863,1
86887,0.0014910331,0.0006202863,1
86898,0.0372174563,0.0006202863,1
86918,0.0010192481,0.0006202863,1
86930,0.0007658076,0.0006202863,1
86944,0.0017478862,0.0006202863,1
86973,0.0030746884,0.0006202863,1
86988,0.0044003066,0.0006202863,1
86999,0.0010387316,0.0006202863,1
87017,0.0052516768,0.0006202863,1
87048,0.0016878077,0.0006202863,1
87051,0.0016878077,0.0006202863,1
87056,0.0016878077,0.0006202863,1
87060,0.0040422067,0.0006202863,1
87064,0.0016878156,0.0006202863,1
87070,0.0016878156,0.0006202863,1
87075,0.0016878156,0.0006202863,1
87097,0.0007824368,0.0006202863,1
87107,0.0161533391,0.0006202863,1
87135,0.0056081994,0.0006202863,1
87176,0.0237887025,0.0006202863,1
87195,0.0011059962,0.0006202863,1
87226,0.0012245270,0.0006202863,1
87288,0.0041996205,0.0006202863,1
87291,0.0041996205,0.0006202863,1
87314,0.0151786824,0.0006202863,1
87321,0.0009228610,0.0006202863,1
87348,0.0006905137,0.0006202863,1
87369,0.0033238484,0.0006202863,1
87428,0.0050436736,0.0006202863,1
87434,0.0032281144,0.0006202863,1
87450,0.0006847337,0.0006202863,1
87490,0.0118421129,0.0006202863,1
87492,0.0011625217,0.0006202863,1
87497,0.0011625217,0.0006202863,1
87500,0.0011625217,0.0006202863,1
87503,0.0006875652,0.0006202863,1
87508,0.0007003621,0.0006202863,1
87534,0.0045687309,0.0006202863,1
87578,0.0378227716,0.0006202863,1
87587,0.0058367272,0.0006202863,1
87637,0.0048757023,0.0006202863,1
87645,0.0196422976,0.0006202863,1
87647,0.0092269458,0.0006202863,1
87665,0.0092269458,0.0006202863,1
87667,0.0008379202,0.0006202863,1
87668,0.0092269458,0.0006202863,1
87669,0.0044610759,0.0006202863,1
87673,0.0059402856,0.0006202863,1
87746,0.0095142028,0.0006202863,1
87748,0.0013033884,0.0006202863,1
87750,0.0029703372,0.0006202863,1
87767,0.0010462998,0.0006202863,1
87774,0.0092396182,0.0006202863,1
87783,0.0008655439,0.0006202863,1
87786,0.0092396182,0.0006202863,1
87787,0.0006711018,0.0006202863,1
87791,0.0092396182,0.0006202863,1
87797,0.0092396182,0.0006202863,1
87807,0.0022993415,0.0006202863,0
87808,0.0007685957,0.0006202863,0
87836,0.0031905781,0.0006202863,0
87848,0.0007234531,0.0006202863,0
87856,0.0009014353,0.0006202863,0
87863,0.0008524724,0.0006202863,0
87869,0.0007234531,0.0006202863,0
87883,0.0015286912,0.0006202863,1
87887,0.0009363062,0.0006202863,0
87893,0.0015343357,0.0006202863,0
87906,0.0060096753,0.0006202863,1
87910,0.0087170647,0.0006202863,1
87916,0.0042890877,0.0006202863,1
87937,0.0007901952,0.0006202863,1
87938,0.0008311458,0.0006202863,1
87939,0.0006320086,0.0006202863,1
87941,0.0009614428,0.0006202863,1
87943,0.0094201359,0.0006202863,1
87958,0.0014682566,0.0006202863,1
87964,0.0013976284,0.0006202863,1
87974,0.0060096753,0.0006202863,1
87979,0.0093061602,0.0006202863,1
87983,0.0093061602,0.0006202863,1
87986,0.0093061602,0.0006202863,1
88010,0.0030947312,0.0006202863,0
88013,0.0007586653,0.0006202863,0
88037,0.0014910331,0.0006202863,1
88039,0.0055701874,0.0006202863,0
88044,0.0014910331,0.0006202863,1
88057,0.0013976284,0.0006202863,1
88270,0.0020672351,0.0006202863,1
88305,0.0007865667,0.0006202863,1
88310,0.0052867073,0.0006202863,1
88312,0.0282452334,0.0006202863,1
88334,0.0006878674,0.0006202863,1
88350,0.0007924203,0.0006202863,1
88370,0.0018725264,0.0006202863,1
88402,0.0139004014,0.0006202863,1
88426,0.0009291711,0.0006202863,1
88433,0.0094201359,0.0006202863,1
88437,0.0094201359,0.0006202863,1
88439,0.0007024298,0.0006202863,1
88442,0.0094201359,0.0006202863,1
88445,0.0094201359,0.0006202863,1
88448,0.0094201359,0.0006202863,1
88452,0.0094201359,0.0006202863,1
88453,0.0006877545,0.0006202863,1
88456,0.0006711543,0.0006202863,1
88459,0.0017240086,0.0006202863,1
88474,0.0189956747,0.0006202863,1
88486,0.0156204274,0.0006202863,1
88500,0.0006739812,0.0006202863,1
88513,0.0060096753,0.0006202863,1
88520,0.0093061602,0.0006202863,1
88524,0.0093061602,0.0006202863,1
88525,0.0179924201,0.0006202863,1
88539,0.0006980889,0.0006202863,1
88544,0.0006954764,0.0006202863,1
88552,0.0023898942,0.0006202863,1
88569,0.0010425818,0.0006202863,0
88577,0.0014910331,0.0006202863,1
88584,0.0014910331,0.0006202863,1
88591,0.0014910331,0.0006202863,1
88607,0.0013976284,0.0006202863,1
88610,0.0060096753,0.0006202863,1
88621,0.0031281148,0.0006202863,1
88635,0.0086639503,0.0006202863,1
88660,0.0006972145,0.0006202863,1
88661,0.0076404402,0.0006202863,1
88664,0.0071496057,0.0006202863,1
88666,0.0147507981,0.0006202863,1
88683,0.0067393424,0.0006202863,1
88698,0.0009720632,0.0006202863,1
88702,0.0008386631,0.0006202863,1
88712,0.0168620901,0.0006202863,0
88716,0.0168620901,0.0006202863,0
88739,0.0054135363,0.0006202863,1
88783,0.0016878077,0.0006202863,1
88786,0.0016878077,0.0006202863,1
88789,0.0016878151,0.0006202863,1
88793,0.0016878151,0.0006202863,1
88796,0.0016878151,0.0006202863,1
88806,0.0009347672,0.0006202863,1
88819,0.0069202746,0.0006202863,1
88841,0.0111230352,0.0006202863,1
88906,0.0041996205,0.0006202863,1
88912,0.0041996205,0.0006202863,1
88916,0.0041996205,0.0006202863,1
88922,0.0014351289,0.0006202863,1
88937,0.0009228610,0.0006202863,1
88947,0.0042954096,0.0006202863,1
88997,0.0178729247,0.0006202863,1
89041,0.0111299169,0.0006202863,1
89064,0.0008085657,0.0006202863,1
89071,0.0077683501,0.0006202863,1
89110,0.0158847155,0.0006202863,1
89115,0.0680132383,0.0006202863,1
89141,0.0006875652,0.0006202863,1
89145,0.0006875652,0.0006202863,1
89148,0.0006875652,0.0006202863,1
89150,0.0006875652,0.0006202863,1
89156,0.0008720004,0.0006202863,1
89206,0.0013241804,0.0006202863,1
89216,0.0007043356,0.0006202863,1
89245,0.0029991097,0.0006202863,1
89256,0.0072338723,0.0006202863,0
89257,0.0072338723,0.0006202863,0
89258,0.0072338723,0.0006202863,0
89259,0.0039222407,0.0006202863,1
89274,0.0008034458,0.0006202863,1
89280,0.0035612476,0.0006202863,1
89289,0.0092269458,0.0006202863,1
89308,0.0134507888,0.0006202863,1
89324,0.0094201359,0.0006202863,1
89326,0.0008619736,0.0006202863,1
89327,0.0023613624,0.0006202863,1
89328,0.0094201359,0.0006202863,1
89330,0.0094201359,0.0006202863,1
89339,0.0095142028,0.0006202863,1
89345,0.0677868278,0.0006202863,1
89347,0.0060096753,0.0006202863,1
89351,0.0011817865,0.0006202863,1
89365,0.0010462998,0.0006202863,1
89370,0.0010462998,0.0006202863,1
89373,0.0010462998,0.0006202863,1
89377,0.0045366305,0.0006202863,1
89379,0.0025800065,0.0006202863,1
89382,0.0092396182,0.0006202863,1
89386,0.0092396182,0.0006202863,1
89390,0.0092396182,0.0006202863,1
89400,0.0013976284,0.0006202863,1
89404,0.0015286912,0.0006202863,1
89408,0.0060096753,0.0006202863,1
89413,0.0015286912,0.0006202863,1
89417,0.0015286912,0.0006202863,1
89421,0.0623100686,0.0006202863,1
89428,0.0060096753,0.0006202863,1
89446,0.0013976284,0.0006202863,1
89451,0.0008613238,0.0006202863,1
89471,0.0040080803,0.0006202863,1
89475,0.0087170647,0.0006202863,1
89479,0.0087170647,0.0006202863,1
89482,0.0173290555,0.0006202863,1
89484,0.0087170647,0.0006202863,1
89486,0.0087170647,0.0006202863,1
89487,0.0014910331,0.0006202863,1
89490,0.0087170647,0.0006202863,1
89491,0.0014910331,0.0006202863,1
89496,0.0014910331,0.0006202863,1
89519,0.0100324593,0.0006202863,1
89556,0.0027439421,0.0006202863,1
89557,0.0032015636,0.0006202863,1
89559,0.0042384860,0.0006202863,1
89577,0.0010251652,0.0006202863,1
89596,0.0011972743,0.0006202863,1
89602,0.0031981975,0.0006202863,1
89608,0.0022950393,0.0006202863,1
89615,0.0007096359,0.0006202863,1
89623,0.0016878077,0.0006202863,1
89626,0.0016878077,0.0006202863,1
89629,0.0016878156,0.0006202863,1
89632,0.0016878156,0.0006202863,1
89636,0.0016878151,0.0006202863,1
89639,0.0016878151,0.0006202863,1
89643,0.0016878151,0.0006202863,1
89648,0.0016878151,0.0006202863,1
89686,0.0092582707,0.0006202863,1
89728,0.0049167020,0.0006202863,1
89730,0.0087394984,0.0006202863,1
89741,0.0022206204,0.0006202863,1
89764,0.0042245452,0.0006202863,1
89768,0.0009545993,0.0006202863,1
89812,0.0090657038,0.0006202863,1
89826,0.0006655868,0.0006202863,1
89827,0.0008613238,0.0006202863,1
89834,0.0244311081,0.0006202863,1
89838,0.0009673632,0.0006202863,1
89841,0.0008613238,0.0006202863,1
89847,0.0093030008,0.0006202863,1
89851,0.0063802652,0.0006202863,1
89854,0.0012312450,0.0006202863,1
89856,0.0018070132,0.0006202863,1
89877,0.0190473569,0.0006202863,1
89879,0.0007743557,0.0006202863,1
89889,0.0009505351,0.0006202863,1
89895,0.0011248032,0.0006202863,1
89944,0.0020943288,0.0006202863,1
89975,0.0006847563,0.0006202863,1
89999,0.0015815034,0.0006202863,1
90078,0.0009771002,0.0006202863,1
90081,0.0186458229,0.0006202863,1
90087,0.0034582431,0.0006202863,1
90106,0.0010784593,0.0006202863,1
90107,0.0017240086,0.0006202863,1
90248,0.0012496969,0.0006202863,1
90295,0.0008028444,0.0006202863,1
90302,0.0008524724,0.0006202863,1
90310,0.0007651679,0.0006202863,1
90317,0.0007042541,0.0006202863,1
90329,0.0313926625,0.0006202863,1
90351,0.0011038355,0.0006202863,1
90357,0.0034469009,0.0006202863,1
90376,0.0016878077,0.0006202863,1
90381,0.0016878077,0.0006202863,1
90387,0.0016878077,0.0006202863,1
90392,0.0016878077,0.0006202863,1
90399,0.0016878077,0.0006202863,1
90405,0.0016878156,0.0006202863,1
90411,0.0016878156,0.0006202863,1
90416,0.0016878156,0.0006202863,1
90422,0.0016878156,0.0006202863,1
90428,0.0016878151,0.0006202863,1
90430,0.0193286189,0.0006202863,1
90434,0.0016878151,0.0006202863,1
90440,0.0016878151,0.0006202863,1
90441,0.0008194068,0.0006202863,1
90487,0.0011327793,0.0006202863,1
90488,0.0012165077,0.0006202863,1
90494,0.0018008761,0.0006202863,1
90499,0.0006481124,0.0006202863,1
90648,0.0013471845,0.0006202863,1
90664,0.0007006201,0.0006202863,1
90667,0.0225876538,0.0006202863,1
90670,0.0006876391,0.0006202863,1
90687,0.0097378213,0.0006202863,1
90690,0.0015147555,0.0006202863,1
90708,0.0117530738,0.0006202863,1
90714,0.0014414757,0.0006202863,1
90723,0.0103135609,0.0006202863,1
90904,0.0068754322,0.0006202863,1
90906,0.0012284758,0.0006202863,1
90920,0.0044306666,0.0006202863,1
90930,0.0027871891,0.0006202863,1
90975,0.0008544400,0.0006202863,1
90987,0.0027900453,0.0006202863,1
91015,0.0014065557,0.0006202863,1
91020,0.0015147555,0.0006202863,1
91032,0.0191955669,0.0006202863,1
91049,0.0013104380,0.0006202863,1
91093,0.0032143480,0.0006202863,1
91101,0.0006927649,0.0006202863,1
91108,0.0009178468,0.0006202863,1
91116,0.0252292659,0.0006202863,1
91135,0.0008613238,0.0006202863,1
91157,0.0071496057,0.0006202863,1
91169,0.0056930557,0.0006202863,1
91355,0.0022221622,0.0006202863,1
91370,0.0061333708,0.0006202863,1
91469,0.0064836436,0.0006202863,1
91504,0.0008378519,0.0006202863,1
91558,0.0084925676,0.0006202863,1
91581,0.0015773182,0.0006202863,1
91595,0.0006502217,0.0006202863,1
91623,0.0008613238,0.0006202863,1
91666,0.0028076942,0.0006202863,1
91734,0.0185455388,0.0006202863,1
91772,0.0198482843,0.0006202863,1
91795,0.0156204274,0.0006202863,1
91854,0.0392042110,0.0006202863,1
91867,0.0237517245,0.0006202863,1
91879,0.0007388675,0.0006202863,1
91884,0.0058672398,0.0006202863,1
91889,0.0058672398,0.0006202863,1
91899,0.0129422647,0.0006202863,1
91934,0.0159375356,0.0006202863,1
91938,0.0010323521,0.0006202863,1
91980,0.0011625217,0.0006202863,1
91986,0.0011625217,0.0006202863,1
92101,0.0010192354,0.0006202863,1
92128,0.0062495938,0.0006202863,1
92149,0.0011286947,0.0006202863,1
92153,0.0011286947,0.0006202863,1
92226,0.0009282854,0.0006202863,1
92276,0.0007554481,0.0006202863,1
92284,0.0193359741,0.0006202863,1
92336,0.0060570871,0.0006202863,1
92343,0.0040653494,0.0006202863,1
92353,0.0049045233,0.0006202863,1
92355,0.0018440203,0.0006202863,1
92362,0.0081164290,0.0006202863,1
92389,0.0029222837,0.0006202863,1
92402,0.0009189275,0.0006202863,1
92465,0.0037447069,0.0006202863,1
92532,0.0075320225,0.0006202863,1
92534,0.0075320225,0.0006202863,1
92592,0.0028025876,0.0006202863,1
92620,0.0007226645,0.0006202863,1
92624,0.0007226645,0.0006202863,1
92659,0.0008261538,0.0006202863,1
92689,0.0307647744,0.0006202863,1
92826,0.0100223119,0.0006202863,1
92850,0.0010321006,0.0006202863,1
92854,0.0085602003,0.0006202863,1
92855,0.0085602003,0.0006202863,1
92908,0.0006808284,0.0006202863,1
92926,0.0116608819,0.0006202863,0
92928,0.0116608819,0.0006202863,0
92965,0.0006900482,0.0006202863,1
93046,0.0021919342,0.0006202863,1
93093,0.0097243544,0.0006202863,1
93099,0.0097243544,0.0006202863,1
93104,0.0097243544,0.0006202863,1
93110,0.0097243544,0.0006202863,1
93179,0.0104741407,0.0006202863,1
93200,0.0016935546,0.0006202863,1
93202,0.0016935546,0.0006202863,1
93207,0.0082773469,0.0006202863,1
93218,0.0276996131,0.0006202863,1
93225,0.0028025876,0.0006202863,1
93229,0.0006715328,0.0006202863,1
93245,0.0102340533,0.0006202863,1
93248,0.0102340533,0.0006202863,1
93251,0.0102340533,0.0006202863,1
93252,0.0102340533,0.0006202863,1
93256,0.0102340533,0.0006202863,1
93273,0.0013976284,0.0006202863,1
93325,0.0024204668,0.0006202863,1
93334,0.0052867073,0.0006202863,1
93353,0.0069941410,0.0006202863,1
93354,0.0023174912,0.0006202863,1
93356,0.0023174912,0.0006202863,1
93357,0.0023174912,0.0006202863,1
93358,0.0023174912,0.0006202863,1
93362,0.0023174912,0.0006202863,1
93379,0.0025030315,0.0006202863,1
93388,0.0006349996,0.0006202863,1
93411,0.0123761003,0.0006202863,1
93419,0.0008991064,0.0006202863,1
93421,0.0011286947,0.0006202863,1
93423,0.0011286947,0.0006202863,1
93425,0.0011286947,0.0006202863,1
93426,0.0006782033,0.0006202863,1
93433,0.0192112580,0.0006202863,1
93435,0.0006883519,0.0006202863,1
93436,0.0006883519,0.0006202863,1
93445,0.0024080349,0.0006202863,1
93450,0.0269024994,0.0006202863,1
93457,0.0045382324,0.0006202863,1
93458,0.0181513548,0.0006202863,1
93459,0.0131479756,0.0006202863,1
93479,0.0010479544,0.0006202863,1
93485,0.0009503395,0.0006202863,1
93486,0.0008189536,0.0006202863,1
93492,0.0007226645,0.0006202863,1
93537,0.0020098401,0.0006202863,1
93542,0.0023632109,0.0006202863,1
93543,0.0181513548,0.0006202863,1
93552,0.0006958002,0.0006202863,1
93559,0.0007226645,0.0006202863,1
93561,0.0007226645,0.0006202863,1
93565,0.0007226645,0.0006202863,1
93569,0.0007226645,0.0006202863,1
93572,0.0007226645,0.0006202863,1
93574,0.0007226645,0.0006202863,1
93602,0.0191067691,0.0006202863,1
93633,0.0016935546,0.0006202863,1
93635,0.0016935546,0.0006202863,1
93644,0.0011286947,0.0006202863,1
93645,0.0011286947,0.0006202863,1
93647,0.0011286947,0.0006202863,1
93648,0.0011286947,0.0006202863,1
93668,0.0110566370,0.0006202863,1
93683,0.0030728995,0.0006202863,1
93691,0.0053899610,0.0006202863,1
93694,0.0026019012,0.0006202863,1
93740,0.0195231613,0.0006202863,1
93814,0.0026403338,0.0006202863,1
93823,0.0007815608,0.0006202863,1
93825,0.0127932993,0.0006202863,1
93827,0.0055279932,0.0006202863,1
93829,0.0019191417,0.0006202863,1
93847,0.0007818951,0.0006202863,1
93860,0.0007818951,0.0006202863,1
93861,0.0007818951,0.0006202863,1
93888,0.0016935546,0.0006202863,1
93891,0.0016935546,0.0006202863,1
93893,0.0009309142,0.0006202863,1
93894,0.0016935546,0.0006202863,1
93905,0.0007226645,0.0006202863,1
93906,0.0007226645,0.0006202863,1
93907,0.0008427887,0.0006202863,1
93919,0.0025899047,0.0006202863,1
93943,0.0007073675,0.0006202863,1
93960,0.0238429361,0.0006202863,1
93977,0.0011883295,0.0006202863,1
93998,0.0087267499,0.0006202863,1
94011,0.0024475964,0.0006202863,1
94051,0.0036603218,0.0006202863,1
94105,0.0088228198,0.0006202863,1
94108,0.0016935546,0.0006202863,1
94110,0.0016935546,0.0006202863,1
94147,0.0006647342,0.0006202863,1
94150,0.0009108827,0.0006202863,1
94193,0.0006823168,0.0006202863,1
94227,0.0008129038,0.0006202863,1
94228,0.0007818951,0.0006202863,1
94230,0.0007818951,0.0006202863,1
94232,0.0007818951,0.0006202863,1
94242,0.0007818951,0.0006202863,1
94246,0.0007818951,0.0006202863,1
94249,0.0026383848,0.0006202863,1
94261,0.0182217122,0.0006202863,1
94363,0.0519080165,0.0006202863,1
94438,0.0201910638,0.0006202863,1
94447,0.0009175281,0.0006202863,1
94448,0.0012837396,0.0006202863,1
94486,0.0037055336,0.0006202863,1
94500,0.0159375356,0.0006202863,1
94507,0.0047823710,0.0006202863,1
94542,0.0011628026,0.0006202863,1
94543,0.0009404323,0.0006202863,1
94552,0.0040012424,0.0006202863,1
94575,0.0080166540,0.0006202863,1
94577,0.0014910331,0.0006202863,1
94581,0.0131479756,0.0006202863,1
94582,0.0008561131,0.0006202863,1
94588,0.0064821818,0.0006202863,1
94611,0.0011286947,0.0006202863,1
94615,0.0011286947,0.0006202863,1
94616,0.0161779483,0.0006202863,1
94617,0.0011286947,0.0006202863,1
94634,0.0011467804,0.0006202863,1
94642,0.0045471647,0.0006202863,1
94644,0.0011286947,0.0006202863,1
94650,0.0016878077,0.0006202863,1
94653,0.0016878077,0.0006202863,1
94656,0.0016878156,0.0006202863,1
94658,0.0016878156,0.0006202863,1
94670,0.0222249317,0.0006202863,1
94676,0.0083940291,0.0006202863,1
94688,0.0008843823,0.0006202863,1
94689,0.0133310447,0.0006202863,1
94707,0.0008613238,0.0006202863,1
94722,0.0014427096,0.0006202863,1
94723,0.0006688130,0.0006202863,1
94726,0.0007925252,0.0006202863,1
94735,0.0011424021,0.0006202863,1
94782,0.0007632427,0.0006202863,1
94783,0.0010047517,0.0006202863,1
94786,0.0006706481,0.0006202863,1
94787,0.0011657908,0.0006202863,1
94794,0.0009378038,0.0006202863,1
94800,0.0006896126,0.0006202863,1
94801,0.0082916743,0.0006202863,1
94816,0.0290615647,0.0006202863,1
94830,0.0185489542,0.0006202863,1
94848,0.0040226862,0.0006202863,1
94858,0.0013733903,0.0006202863,1
94865,0.0006823168,0.0006202863,1
94867,0.0006823168,0.0006202863,1
94877,0.0006823168,0.0006202863,1
94879,0.0006823168,0.0006202863,1
94907,0.0009061406,0.0006202863,1
94908,0.0056930557,0.0006202863,1
94918,0.0186060924,0.0006202863,1
94933,0.0100324593,0.0006202863,1
94940,0.0041178513,0.0006202863,1
94945,0.0007226645,0.0006202863,1
94946,0.0039965109,0.0006202863,1
94947,0.0007226645,0.0006202863,1
94948,0.0007226645,0.0006202863,1
94950,0.0068113049,0.0006202863,1
94951,0.0007226645,0.0006202863,1
94952,0.0068113049,0.0006202863,1
94963,0.0023575461,0.0006202863,1
94964,0.0007818951,0.0006202863,1
94998,0.0007226645,0.0006202863,1
95001,0.0007226645,0.0006202863,1
95003,0.0007226645,0.0006202863,1
95006,0.0007226645,0.0006202863,1
95021,0.0013047956,0.0006202863,1
95023,0.0006687795,0.0006202863,1
95039,0.0007903303,0.0006202863,1
95076,0.0022855609,0.0006202863,1
95077,0.0007393097,0.0006202863,1
95088,0.0297843111,0.0006202863,1
95089,0.0006842496,0.0006202863,1
95096,0.0013976284,0.0006202863,1
95102,0.0008655639,0.0006202863,1
95103,0.0008655639,0.0006202863,1
95135,0.0006823168,0.0006202863,1
95137,0.0006823168,0.0006202863,1
95140,0.0006823168,0.0006202863,1
95148,0.0006524169,0.0006202863,1
95156,0.0006635847,0.0006202863,1
95163,0.0007818951,0.0006202863,1
95179,0.0032143480,0.0006202863,1
95186,0.0025739377,0.0006202863,1
95190,0.0009348266,0.0006202863,1
95208,0.0059266964,0.0006202863,1
95211,0.0051851424,0.0006202863,1
95215,0.0028815231,0.0006202863,1
95232,0.0136994327,0.0006202863,1
95238,0.0037512772,0.0006202863,1
95244,0.0328596196,0.0006202863,1
95245,0.0328596196,0.0006202863,1
95247,0.0328596196,0.0006202863,1
95272,0.0195231613,0.0006202863,1
95278,0.0117530738,0.0006202863,1
95355,0.0023632109,0.0006202863,1
95371,0.0006823168,0.0006202863,1
95374,0.0006823168,0.0006202863,1
95389,0.0164733549,0.0006202863,1
95399,0.0007818951,0.0006202863,1
95401,0.0007818951,0.0006202863,1
95422,0.0015669492,0.0006202863,1
95452,0.0011286947,0.0006202863,1
95454,0.0011286947,0.0006202863,1
95455,0.0011286947,0.0006202863,1
95473,0.0010510455,0.0006202863,1
95478,0.0008028444,0.0006202863,1
95517,0.0029700751,0.0006202863,1
95524,0.0019967872,0.0006202863,1
95528,0.0045471647,0.0006202863,1
95535,0.0268027737,0.0006202863,1
95551,0.0019872936,0.0006202863,1
95556,0.0008320158,0.0006202863,1
95572,0.0006402938,0.0006202863,1
95574,0.0705001171,0.0006202863,1
95585,0.0009481110,0.0006202863,1
95596,0.0060012440,0.0006202863,0
95598,0.0060012440,0.0006202863,0
95627,0.0078647822,0.0006202863,0
95629,0.0078647822,0.0006202863,0
95661,0.0009940283,0.0006202863,1
95698,0.0007871384,0.0006202863,1
95757,0.0032485149,0.0006202863,1
95769,0.0041803098,0.0006202863,1
95787,0.0094310909,0.0006202863,1
95825,0.0006627359,0.0006202863,1
95835,0.0093364053,0.0006202863,1
95894,0.0013116180,0.0006202863,1
95931,0.0006490265,0.0006202863,1
95948,0.0041996205,0.0006202863,1
95950,0.0041996205,0.0006202863,1
95953,0.0041996205,0.0006202863,1
95954,0.0041996205,0.0006202863,1
95956,0.0041996205,0.0006202863,1
95964,0.0069258646,0.0006202863,1
95968,0.0016935546,0.0006202863,1
95988,0.0041447105,0.0006202863,1
96010,0.0060073530,0.0006202863,1
96031,0.0009422711,0.0006202863,1
96061,0.0020457766,0.0006202863,1
96075,0.0006875652,0.0006202863,1
96077,0.0061014006,0.0006202863,1
96090,0.0006710789,0.0006202863,1
96100,0.0015146550,0.0006202863,1
96103,0.0079891794,0.0006202863,1
96106,0.0100792299,0.0006202863,1
96110,0.0033379494,0.0006202863,1
96112,0.0075073840,0.0006202863,1
96157,0.0094318521,0.0006202863,1
96159,0.0010462998,0.0006202863,1
96160,0.0010462998,0.0006202863,1
96162,0.0010462998,0.0006202863,1
96164,0.0006233659,0.0006202863,1
96167,0.0092396182,0.0006202863,1
96170,0.0092396182,0.0006202863,1
96181,0.0027572363,0.0006202863,1
96182,0.0328596196,0.0006202863,1
96184,0.0007438560,0.0006202863,1
96190,0.0128060665,0.0006202863,0
96191,0.0128060665,0.0006202863,0
96205,0.0173779461,0.0006202863,1
96239,0.0060096753,0.0006202863,1
96268,0.0094201359,0.0006202863,1
96272,0.0011226718,0.0006202863,1
96279,0.0013376838,0.0006202863,1
96285,0.0021307589,0.0006202863,1
96297,0.0093061602,0.0006202863,1
96298,0.0093061602,0.0006202863,1
96301,0.0093061602,0.0006202863,1
96302,0.0093061602,0.0006202863,1
96306,0.0093061602,0.0006202863,1
96321,0.0080479496,0.0006202863,1
96338,0.0133760458,0.0006202863,1
96394,0.0164733549,0.0006202863,1
96429,0.0181513548,0.0006202863,1
96431,0.0056446252,0.0006202863,1
96467,0.0007828004,0.0006202863,1
96496,0.0033920112,0.0006202863,1
96523,0.0089896897,0.0006202863,1
96526,0.0021057768,0.0006202863,1
96580,0.0011940884,0.0006202863,1
96598,0.0006823168,0.0006202863,1
96605,0.0006823168,0.0006202863,1
96607,0.0006823168,0.0006202863,1
96609,0.0006823168,0.0006202863,1
96615,0.0043811644,0.0006202863,1
96636,0.0069941410,0.0006202863,1
96672,0.0046124915,0.0006202863,1
96697,0.0007818951,0.0006202863,1
96698,0.0007818951,0.0006202863,1
96727,0.0007351735,0.0006202863,1
96739,0.0771743444,0.0006202863,1
96744,0.0075220077,0.0006202863,1
96768,0.0007080621,0.0006202863,1
96805,0.0076272346,0.0006202863,1
96846,0.0064821818,0.0006202863,1
96851,0.0083940291,0.0006202863,1
96900,0.0260985285,0.0006202863,1
96906,0.0328596196,0.0006202863,1
96908,0.0328596196,0.0006202863,1
96937,0.0082189377,0.0006202863,1
96945,0.0213873229,0.0006202863,1
96970,0.0056446252,0.0006202863,1
96981,0.0007070857,0.0006202863,1
97003,0.0029892059,0.0006202863,1
97030,0.0123652001,0.0006202863,1
97041,0.0123652001,0.0006202863,1
97063,0.0007226645,0.0006202863,1
97068,0.0007103544,0.0006202863,1
97070,0.0007103544,0.0006202863,1
97071,0.0007103544,0.0006202863,1
97086,0.0006852604,0.0006202863,1
97095,0.0087267499,0.0006202863,1
97100,0.0080046793,0.0006202863,1
97101,0.0328596196,0.0006202863,1
97103,0.0328596196,0.0006202863,1
97105,0.0328596196,0.0006202863,1
97108,0.0328596196,0.0006202863,1
97109,0.0328596196,0.0006202863,1
97127,0.0007072428,0.0006202863,1
97152,0.0016935546,0.0006202863,1
97160,0.0016935546,0.0006202863,1
97163,0.0016935546,0.0006202863,1
97174,0.0328596196,0.0006202863,1
97176,0.0328596196,0.0006202863,1
97177,0.0027893037,0.0006202863,1
97178,0.0007195991,0.0006202863,1
97179,0.0328596196,0.0006202863,1
97185,0.0244836575,0.0006202863,1
97188,0.0721975444,0.0006202863,1
97194,0.0051161283,0.0006202863,1
97197,0.0044974155,0.0006202863,1
97219,0.0006650212,0.0006202863,1
97220,0.0006739560,0.0006202863,1
97222,0.0112692451,0.0006202863,1
97252,0.0049051689,0.0006202863,1
97279,0.0328596196,0.0006202863,1
97281,0.0328596196,0.0006202863,1
97282,0.0328596196,0.0006202863,1
97316,0.0007226645,0.0006202863,1
97317,0.0007226645,0.0006202863,1
97322,0.0011286947,0.0006202863,1
97323,0.0011286947,0.0006202863,1
97325,0.0011286947,0.0006202863,1
97331,0.0011286947,0.0006202863,1
97333,0.0011286947,0.0006202863,1
97336,0.0092435236,0.0006202863,1
97338,0.0011286947,0.0006202863,1
97353,0.0012802551,0.0006202863,1
97356,0.0057896099,0.0006202863,1
97357,0.0031339872,0.0006202863,1
97368,0.0015145877,0.0006202863,1
97373,0.0007498242,0.0006202863,1
97375,0.0123652001,0.0006202863,1
97376,0.0123652001,0.0006202863,1
97404,0.0032083870,0.0006202863,1
97421,0.0010421430,0.0006202863,1
97424,0.0006823168,0.0006202863,1
97426,0.0006823168,0.0006202863,1
97428,0.0006823168,0.0006202863,1
97429,0.0010598783,0.0006202863,1
97438,0.0017698242,0.0006202863,1
97441,0.0007818951,0.0006202863,1
97443,0.0007818951,0.0006202863,1
97458,0.0007103544,0.0006202863,1
97461,0.0020266012,0.0006202863,1
97478,0.0018498538,0.0006202863,1
97487,0.0009706599,0.0006202863,1
97488,0.0127514522,0.0006202863,1
97491,0.0037683235,0.0006202863,1
97494,0.0220028516,0.0006202863,1
97506,0.0050290918,0.0006202863,1
97527,0.0016255440,0.0006202863,1
97528,0.0006843752,0.0006202863,1
97546,0.0095198373,0.0006202863,1
97548,0.0095198373,0.0006202863,1
97550,0.0095198373,0.0006202863,1
97551,0.0095198373,0.0006202863,1
97559,0.0011332578,0.0006202863,1
97568,0.0020713979,0.0006202863,1
97575,0.0006875352,0.0006202863,1
97580,0.0006721145,0.0006202863,1
97600,0.0062790878,0.0006202863,1
97607,0.0095406914,0.0006202863,1
97615,0.0095406914,0.0006202863,1
97630,0.0043275821,0.0006202863,1
97638,0.0006874577,0.0006202863,1
97653,0.0007188893,0.0006202863,1
97672,0.0006747840,0.0006202863,1
97673,0.0199046097,0.0006202863,1
97678,0.0007818951,0.0006202863,1
97683,0.0217471302,0.0006202863,1
97694,0.0027385723,0.0006202863,1
97704,0.0123652001,0.0006202863,1
97706,0.0042874892,0.0006202863,1
97707,0.0123652001,0.0006202863,1
97711,0.0031451959,0.0006202863,1
97713,0.0007926934,0.0006202863,1
97715,0.0009375424,0.0006202863,1
97719,0.0123652001,0.0006202863,1
97727,0.0013917808,0.0006202863,1
97733,0.0013917808,0.0006202863,1
97734,0.0013917808,0.0006202863,1
97737,0.0288639527,0.0006202863,1
97754,0.0017451535,0.0006202863,1
97756,0.0263519755,0.0006202863,1
97757,0.0092500468,0.0006202863,1
97760,0.0092500468,0.0006202863,1
97762,0.0092500468,0.0006202863,1
97763,0.0092500468,0.0006202863,1
97772,0.0013917808,0.0006202863,1
97777,0.0102831302,0.0006202863,1
97779,0.0091686809,0.0006202863,1
97782,0.0091686809,0.0006202863,1
97787,0.0020630455,0.0006202863,1
97791,0.0092500468,0.0006202863,1
97793,0.0092500468,0.0006202863,1
97809,0.0009328224,0.0006202863,1
97816,0.0063266994,0.0006202863,1
97818,0.0179612156,0.0006202863,1
97820,0.0011938037,0.0006202863,1
97826,0.0140884079,0.0006202863,1
97852,0.0007818951,0.0006202863,1
97854,0.0007818951,0.0006202863,1
97855,0.0007818951,0.0006202863,1
97856,0.0044488541,0.0006202863,1
97871,0.0048298497,0.0006202863,1
97881,0.0052684615,0.0006202863,1
97882,0.0009341073,0.0006202863,1
97884,0.0013976284,0.0006202863,1
97888,0.0032851138,0.0006202863,1
97889,0.0144573182,0.0006202863,1
97890,0.0011205531,0.0006202863,1
97891,0.0095198373,0.0006202863,1
97892,0.0014927982,0.0006202863,1
97893,0.0095198373,0.0006202863,1
97895,0.0095198373,0.0006202863,1
97908,0.0099423577,0.0006202863,1
97916,0.0009136321,0.0006202863,1
97919,0.0033034984,0.0006202863,1
97943,0.0092500468,0.0006202863,1
97944,0.0092500468,0.0006202863,1
97946,0.0092500468,0.0006202863,1
97960,0.0007901290,0.0006202863,1
97964,0.0059993600,0.0006202863,1
97976,0.0031348336,0.0006202863,1
97978,0.0055728490,0.0006202863,1
97979,0.0270879689,0.0006202863,1
97985,0.0099917531,0.0006202863,1
97989,0.0136378273,0.0006202863,1
97995,0.0007188161,0.0006202863,1
98012,0.0013976284,0.0006202863,1
98019,0.0099127401,0.0006202863,1
98021,0.0017936469,0.0006202863,1
98030,0.0012884489,0.0006202863,1
98057,0.0095198373,0.0006202863,1
98059,0.0095198373,0.0006202863,1
98060,0.0123652001,0.0006202863,1
98061,0.0123652001,0.0006202863,1
98068,0.0095198373,0.0006202863,1
98070,0.0181297014,0.0006202863,1
98071,0.0123652001,0.0006202863,1
98092,0.0007309610,0.0006202863,1
98104,0.0018498538,0.0006202863,1
98115,0.0007061624,0.0006202863,1
98122,0.0017745209,0.0006202863,1
98124,0.0014823332,0.0006202863,1
98127,0.0077034156,0.0006202863,1
98129,0.0006306981,0.0006202863,1
98130,0.0092251277,0.0006202863,1
98131,0.0092251277,0.0006202863,1
98132,0.0092251277,0.0006202863,1
98133,0.0092251277,0.0006202863,1
98137,0.0007103544,0.0006202863,1
98140,0.0014557157,0.0006202863,1
98149,0.0007309610,0.0006202863,1
98150,0.0007309610,0.0006202863,1
98151,0.0007309610,0.0006202863,1
98156,0.0032140938,0.0006202863,1
98164,0.0049165083,0.0006202863,1
98165,0.0082855370,0.0006202863,1
98167,0.0095406914,0.0006202863,1
98174,0.0048733296,0.0006202863,1
98187,0.0022123617,0.0006202863,1
98188,0.0041606671,0.0006202863,1
98192,0.0051573569,0.0006202863,1
98194,0.0042874892,0.0006202863,1
98203,0.0032824615,0.0006202863,1
98209,0.0263519755,0.0006202863,1
98215,0.0092251277,0.0006202863,1
98218,0.0092251277,0.0006202863,1
98219,0.0018430357,0.0006202863,1
98223,0.0013917808,0.0006202863,1
98226,0.0013917808,0.0006202863,1
98227,0.0031719684,0.0006202863,1
98229,0.0013917808,0.0006202863,1
98251,0.0095198373,0.0006202863,1
98253,0.0095198373,0.0006202863,1
98264,0.0092500468,0.0006202863,1
98270,0.0092500468,0.0006202863,1
98274,0.0092500468,0.0006202863,1
98277,0.0092500468,0.0006202863,1
98280,0.0092500468,0.0006202863,1
98283,0.0057611668,0.0006202863,1
98285,0.0068729645,0.0006202863,1
98286,0.0328596196,0.0006202863,1
98287,0.0328596196,0.0006202863,1
98292,0.0095406914,0.0006202863,1
98305,0.0013917808,0.0006202863,1
98306,0.0013917808,0.0006202863,1
98307,0.0013917808,0.0006202863,1
98308,0.0013976284,0.0006202863,1
98316,0.0006410862,0.0006202863,1
98329,0.0012964663,0.0006202863,1
98337,0.0007803391,0.0006202863,1
98344,0.0183227758,0.0006202863,1
98346,0.0281987159,0.0006202863,1
98351,0.0099917531,0.0006202863,1
98355,0.0099917531,0.0006202863,1
98358,0.0094280433,0.0006202863,1
98359,0.0094280433,0.0006202863,1
98362,0.0123652001,0.0006202863,1
98364,0.0123652001,0.0006202863,1
98367,0.0123652001,0.0006202863,1
98370,0.0123652001,0.0006202863,1
98375,0.0060096753,0.0006202863,1
98395,0.0013976284,0.0006202863,1
98397,0.0108463673,0.0006202863,1
98400,0.0108463673,0.0006202863,1
98402,0.0006904832,0.0006202863,1
98408,0.0013976284,0.0006202863,1
98409,0.0061543470,0.0006202863,1
98412,0.0013255033,0.0006202863,1
98414,0.0018498538,0.0006202863,1
98415,0.0007103544,0.0006202863,1
98417,0.0007103544,0.0006202863,1
98418,0.0007103544,0.0006202863,1
98419,0.0007103544,0.0006202863,1
98421,0.0007103544,0.0006202863,1
98422,0.0007103544,0.0006202863,1
98425,0.0096413293,0.0006202863,1
98429,0.0038029739,0.0006202863,1
98439,0.0051008699,0.0006202863,1
98440,0.0095198373,0.0006202863,1
98474,0.0011849453,0.0006202863,1
98481,0.0007309610,0.0006202863,1
98482,0.0256926798,0.0006202863,1
98483,0.0006372707,0.0006202863,1
98484,0.0007309610,0.0006202863,1
98485,0.0025800065,0.0006202863,1
98486,0.0007309610,0.0006202863,1
98492,0.0013976284,0.0006202863,1
98501,0.0011413222,0.0006202863,1
98503,0.0091926354,0.0006202863,1
98511,0.0007364192,0.0006202863,1
98519,0.0025800065,0.0006202863,1
98520,0.0123652001,0.0006202863,1
98522,0.0123652001,0.0006202863,1
98523,0.0123652001,0.0006202863,1
98524,0.0097283194,0.0006202863,1
98534,0.0070633993,0.0006202863,1
98560,0.0007716521,0.0006202863,1
98562,0.0016877362,0.0006202863,0
98563,0.0016877362,0.0006202863,0
98579,0.0007103544,0.0006202863,1
98586,0.0048381545,0.0006202863,1
98587,0.0007103544,0.0006202863,1
98594,0.0007103544,0.0006202863,1
98597,0.0007103544,0.0006202863,1
98599,0.0007103544,0.0006202863,1
98607,0.0046484326,0.0006202863,1
98610,0.0049830798,0.0006202863,1
98621,0.0006393171,0.0006202863,1
98626,0.0092251277,0.0006202863,1
98629,0.0092251277,0.0006202863,1
98636,0.0007831838,0.0006202863,1
98643,0.0006687297,0.0006202863,1
98644,0.0093204373,0.0006202863,1
98645,0.0045268362,0.0006202863,1
98652,0.0784054545,0.0006202863,1
98660,0.0011932616,0.0006202863,1
98662,0.0032985963,0.0006202863,1
98710,0.0191855679,0.0006202863,1
98725,0.0006300535,0.0006202863,1
98744,0.0007273384,0.0006202863,1
98751,0.0006904832,0.0006202863,1
98752,0.0016549360,0.0006202863,1
98755,0.0028951994,0.0006202863,1
98756,0.0018498538,0.0006202863,1
98812,0.0011541119,0.0006202863,1
98818,0.0124067842,0.0006202863,1
98821,0.0099127401,0.0006202863,1
98848,0.0328596196,0.0006202863,1
98849,0.0328596196,0.0006202863,1
98853,0.0010171631,0.0006202863,1
98881,0.0032824615,0.0006202863,1
98886,0.0096413293,0.0006202863,1
98911,0.0092435236,0.0006202863,1
98934,0.0092258331,0.0006202863,1
98954,0.0049165083,0.0006202863,1
98955,0.0049165083,0.0006202863,1
98958,0.0055019981,0.0006202863,1
98965,0.0007061624,0.0006202863,1
98968,0.0007205429,0.0006202863,1
98982,0.0174255050,0.0006202863,1
98986,0.0092251277,0.0006202863,1
98987,0.0092251277,0.0006202863,1
98988,0.0092251277,0.0006202863,1
98993,0.0673139045,0.0006202863,1
99015,0.0038272274,0.0006202863,1
99032,0.0010495600,0.0006202863,1
99035,0.0013917808,0.0006202863,1
99037,0.0013917808,0.0006202863,1
99040,0.0013917808,0.0006202863,1
99051,0.0127514522,0.0006202863,1
99056,0.0068222136,0.0006202863,1
99060,0.0042874892,0.0006202863,1
99061,0.0013917808,0.0006202863,1
99062,0.0006526713,0.0006202863,1
99065,0.0018336599,0.0006202863,1
99067,0.0010217873,0.0006202863,1
99095,0.0243141681,0.0006202863,1
99109,0.0144261391,0.0006202863,1
99115,0.0092500468,0.0006202863,1
99118,0.0019596379,0.0006202863,1
99122,0.0007035681,0.0006202863,1
99123,0.0010618943,0.0006202863,1
99125,0.0099917531,0.0006202863,1
99158,0.0006593868,0.0006202863,1
99184,0.0092258331,0.0006202863,1
99190,0.0179352152,0.0006202863,1
99193,0.0013976284,0.0006202863,1
99216,0.0175386369,0.0006202863,1
99223,0.0051949897,0.0006202863,1
99227,0.0021595250,0.0006202863,1
99239,0.0008432297,0.0006202863,1
99240,0.0175995439,0.0006202863,1
99242,0.0021389386,0.0006202863,1
99243,0.0096413293,0.0006202863,1
99246,0.0096413293,0.0006202863,1
99249,0.0044974155,0.0006202863,1
99265,0.0046032877,0.0006202863,1
99279,0.0130595923,0.0006202863,1
99304,0.0008930804,0.0006202863,1
99353,0.0060974068,0.0006202863,1
99370,0.0006925987,0.0006202863,1
99377,0.0017340679,0.0006202863,1
99379,0.0073000267,0.0006202863,1
99400,0.0008512731,0.0006202863,1
99403,0.0256926798,0.0006202863,1
99434,0.0006208605,0.0006202863,1
99462,0.0007309610,0.0006202863,1
99465,0.0007309610,0.0006202863,1
99468,0.0007309610,0.0006202863,1
99471,0.0007309610,0.0006202863,1
99473,0.0099127401,0.0006202863,1
99493,0.0023017276,0.0006202863,1
99496,0.0033276215,0.0006202863,1
99500,0.0011009503,0.0006202863,1
99514,0.0016912312,0.0006202863,1
99555,0.0052658471,0.0006202863,1
99560,0.0092251277,0.0006202863,1
99562,0.0092251277,0.0006202863,1
99564,0.0092251277,0.0006202863,1
99594,0.0015906148,0.0006202863,1
99621,0.0008580250,0.0006202863,1
99636,0.0007810666,0.0006202863,1
99726,0.0099917531,0.0006202863,1
99734,0.0566821420,0.0006202863,1
99781,0.0171302642,0.0006202863,1
99783,0.0025298424,0.0006202863,1
99789,0.0014659547,0.0006202863,1
99800,0.0033034984,0.0006202863,1
99801,0.0033034984,0.0006202863,1
99806,0.0016729807,0.0006202863,1
99814,0.0007684151,0.0006202863,1
99818,0.0091686809,0.0006202863,1
99825,0.0059885845,0.0006202863,1
99833,0.0013917808,0.0006202863,1
99846,0.0141388165,0.0006202863,1
99847,0.0287516429,0.0006202863,1
99853,0.0055765426,0.0006202863,1
99855,0.0021127109,0.0006202863,1
99856,0.0171329609,0.0006202863,1
99864,0.0024777392,0.0006202863,1
99876,0.0172788872,0.0006202863,1
99881,0.0059089617,0.0006202863,1
99884,0.0058079897,0.0006202863,1
99907,0.0132313651,0.0006202863,1
99909,0.0099127401,0.0006202863,1
99920,0.0033270538,0.0006202863,1
99934,0.0014624317,0.0006202863,1
99940,0.0099924247,0.0006202863,1
99942,0.0054702941,0.0006202863,1
99965,0.0139647997,0.0006202863,1
99973,0.0091926354,0.0006202863,1
99983,0.0032890006,0.0006202863,1
99986,0.0033585310,0.0006202863,1
99987,0.0007309610,0.0006202863,1
99988,0.0033585310,0.0006202863,1
99991,0.0007309610,0.0006202863,1
99993,0.0006852991,0.0006202863,1
99994,0.0007309610,0.0006202863,1
99998,0.0328516040,0.0006202863,1
99999,0.0007309610,0.0006202863,1
100016,0.0075737553,0.0006202863,1
100051,0.0018055271,0.0006202863,1
100073,0.0006496379,0.0006202863,1
100076,0.0010533971,0.0006202863,1
100077,0.0068130524,0.0006202863,1
100079,0.0024891848,0.0006202863,1
100081,0.0048130247,0.0006202863,1
100093,0.0054702941,0.0006202863,1
100105,0.0056781741,0.0006202863,0
100106,0.0056781531,0.0006202863,0
100118,0.0011752269,0.0006202863,1
100140,0.0015883251,0.0006202863,1
100142,0.0037167998,0.0006202863,1
100150,0.0091686809,0.0006202863,1
100154,0.0019657460,0.0006202863,1
100168,0.0016729807,0.0006202863,1
100174,0.0048131023,0.0006202863,1
100192,0.0059634429,0.0006202863,1
100213,0.0099924247,0.0006202863,1
100233,0.0006909243,0.0006202863,1
100234,0.0006909243,0.0006202863,1
100238,0.0006909243,0.0006202863,1
100239,0.0061162718,0.0006202863,1
100242,0.0061162718,0.0006202863,1
100257,0.0145983392,0.0006202863,1
100258,0.0012873169,0.0006202863,1
100270,0.0068363334,0.0006202863,1
100272,0.0089283607,0.0006202863,1
100281,0.0033379494,0.0006202863,1
100286,0.0128755183,0.0006202863,1
100290,0.0018837853,0.0006202863,1
100303,0.0099127401,0.0006202863,1
100310,0.0010072431,0.0006202863,1
100316,0.0067649752,0.0006202863,1
100333,0.0092132432,0.0006202863,1
100335,0.0092132432,0.0006202863,1
100337,0.0092132432,0.0006202863,1
100342,0.0132560911,0.0006202863,1
100347,0.0044382683,0.0006202863,1
100354,0.0027919352,0.0006202863,1
100361,0.0048130247,0.0006202863,1
100362,0.0048130247,0.0006202863,1
100363,0.0014923902,0.0006202863,1
100366,0.0182384863,0.0006202863,1
100369,0.0082825866,0.0006202863,1
100372,0.0082825866,0.0006202863,1
100377,0.0013875553,0.0006202863,1
100386,0.0013288842,0.0006202863,1
100388,0.0190146122,0.0006202863,1
100399,0.0016517546,0.0006202863,1
100405,0.0085900445,0.0006202863,1
100408,0.0085900445,0.0006202863,1
100428,0.0031954494,0.0006202863,1
100435,0.0176962094,0.0006202863,1
100441,0.0089776537,0.0006202863,1
100444,0.0089776537,0.0006202863,1
100449,0.0006909243,0.0006202863,1
100451,0.0147852088,0.0006202863,1
100457,0.0012319925,0.0006202863,1
100461,0.0006410862,0.0006202863,1
100464,0.0006410862,0.0006202863,1
100468,0.0006917192,0.0006202863,1
100475,0.0302343421,0.0006202863,1
100480,0.0032818205,0.0006202863,1
100483,0.0015617957,0.0006202863,1
100487,0.0092132432,0.0006202863,1
100499,0.0082825866,0.0006202863,1
100500,0.0016729807,0.0006202863,1
100507,0.0031329106,0.0006202863,1
100511,0.0076767600,0.0006202863,1
100513,0.0076767600,0.0006202863,1
100516,0.0076767600,0.0006202863,1
100520,0.0085465963,0.0006202863,1
100522,0.0075202599,0.0006202863,1
100524,0.0075202599,0.0006202863,1
100540,0.0016517546,0.0006202863,1
100547,0.0016517546,0.0006202863,1
100554,0.0016517546,0.0006202863,1
100559,0.0016517546,0.0006202863,1
100565,0.0016517546,0.0006202863,1
100577,0.0085900445,0.0006202863,1
100584,0.0085900445,0.0006202863,1
100588,0.0085900445,0.0006202863,1
100590,0.0085900445,0.0006202863,1
100592,0.0089776537,0.0006202863,1
100604,0.0093274016,0.0006202863,1
100622,0.0009105745,0.0006202863,1
100635,0.0016877362,0.0006202863,0
100637,0.0016877362,0.0006202863,0
100652,0.0076767600,0.0006202863,1
100656,0.0076767600,0.0006202863,1
100658,0.0075202599,0.0006202863,1
100661,0.0075202599,0.0006202863,1
100668,0.0166708971,0.0006202863,1
100676,0.0261643048,0.0006202863,1
100679,0.0058631729,0.0006202863,1
100682,0.0019499104,0.0006202863,0
100684,0.0017243530,0.0006202863,1
100685,0.0009322701,0.0006202863,0
100695,0.0054739520,0.0006202863,1
100699,0.0093274016,0.0006202863,1
100702,0.0054739520,0.0006202863,1
100709,0.0054739520,0.0006202863,1
100713,0.0088856436,0.0006202863,1
100719,0.0088856436,0.0006202863,1
100722,0.0082739711,0.0006202863,1
100726,0.0088856436,0.0006202863,1
100728,0.0082739711,0.0006202863,1
100737,0.0013976284,0.0006202863,1
100740,0.0060096753,0.0006202863,1
100747,0.0007621521,0.0006202863,1
100753,0.0008613238,0.0006202863,1
100755,0.0008545108,0.0006202863,1
100760,0.0089935289,0.0006202863,1
100767,0.0110049655,0.0006202863,1
100779,0.0031296543,0.0006202863,0
100789,0.0054739520,0.0006202863,1
100793,0.0054739520,0.0006202863,1
100804,0.0082739711,0.0006202863,1
100811,0.0082739711,0.0006202863,1
100818,0.0082739711,0.0006202863,1
100824,0.0090755461,0.0006202863,1
100826,0.0039656145,0.0006202863,1
100827,0.0090755461,0.0006202863,1
100830,0.0090755461,0.0006202863,1
100832,0.0006409057,0.0006202863,1
100834,0.0090755461,0.0006202863,1
100842,0.0025085973,0.0006202863,1
100844,0.0011399722,0.0006202863,1
100869,0.0010323167,0.0006202863,1
100872,0.0060096753,0.0006202863,1
100876,0.0046531353,0.0006202863,1
100886,0.0009735620,0.0006202863,1
100893,0.0149452395,0.0006202863,1
100907,0.0016878144,0.0006202863,1
100914,0.0016878144,0.0006202863,1
100916,0.0016878144,0.0006202863,1
100921,0.0016878144,0.0006202863,1
100925,0.0045699759,0.0006202863,1
100926,0.0012031116,0.0006202863,1
100927,0.0016878114,0.0006202863,1
100933,0.0016878114,0.0006202863,1
100939,0.0016878114,0.0006202863,1
100943,0.0016878114,0.0006202863,1
100949,0.0060096753,0.0006202863,1
100950,0.0016878153,0.0006202863,1
100951,0.0090755461,0.0006202863,1
100952,0.0016878153,0.0006202863,1
100953,0.0090755461,0.0006202863,1
100954,0.0019585345,0.0006202863,1
100971,0.0275975923,0.0006202863,1
100983,0.0136573543,0.0006202863,1
101016,0.0046531353,0.0006202863,1
101017,0.0138847351,0.0006202863,1
101021,0.0064119600,0.0006202863,1
101028,0.0065452883,0.0006202863,1
101030,0.0025800065,0.0006202863,1
101031,0.0242512144,0.0006202863,1
101034,0.0016878144,0.0006202863,1
101036,0.0016878144,0.0006202863,1
101041,0.0016878114,0.0006202863,1
101046,0.0016878114,0.0006202863,1
101048,0.0016878114,0.0006202863,1
101052,0.0016878114,0.0006202863,1
101055,0.0016878153,0.0006202863,1
101057,0.0016878153,0.0006202863,1
101059,0.0016878153,0.0006202863,1
101066,0.0016878153,0.0006202863,1
101091,0.0131965712,0.0006202863,1
101106,0.0006526945,0.0006202863,1
101121,0.0011944088,0.0006202863,1
101163,0.0007041057,0.0006202863,1
101168,0.0007991406,0.0006202863,1
101177,0.0026106659,0.0006202863,1
101201,0.0027767367,0.0006202863,1
101215,0.0101454698,0.0006202863,1
101247,0.0007457623,0.0006202863,1
101257,0.0009383688,0.0006202863,1
101259,0.0591219352,0.0006202863,0
101260,0.0591219352,0.0006202863,0
101264,0.0006740756,0.0006202863,1
101278,0.0061608178,0.0006202863,1
101285,0.0012321773,0.0006202863,1
101306,0.0137668638,0.0006202863,1
101317,0.0678088046,0.0006202863,0
101318,0.0678088046,0.0006202863,0
101341,0.0491765336,0.0006202863,0
101342,0.0491765336,0.0006202863,0
101351,0.0045892860,0.0006202863,1
101387,0.0049867249,0.0006202863,1
101440,0.0324737644,0.0006202863,1
101476,0.0008431614,0.0006202863,1
101494,0.0391182271,0.0006202863,1
101498,0.0024906673,0.0006202863,1
101505,0.0010103257,0.0006202863,1
101509,0.0012094257,0.0006202863,1
101525,0.0045699759,0.0006202863,1
101542,0.0181422771,0.0006202863,1
101559,0.0098429789,0.0006202863,1
101578,0.0025585126,0.0006202863,1
101585,0.0013015819,0.0006202863,1
101592,0.0014364204,0.0006202863,1
101705,0.0012504201,0.0006202863,1
101731,0.0022739305,0.0006202863,1
101767,0.0007309610,0.0006202863,1
101783,0.0013917808,0.0006202863,1
101786,0.0297223042,0.0006202863,1
101788,0.0013917808,0.0006202863,1
101794,0.0013917808,0.0006202863,1
101802,0.0051486353,0.0006202863,1
101814,0.0008704181,0.0006202863,1
101821,0.0092500468,0.0006202863,1
101822,0.0058079897,0.0006202863,1
101826,0.0092500468,0.0006202863,1
101827,0.0007140674,0.0006202863,1
101837,0.0006929313,0.0006202863,1
101884,0.0013938334,0.0006202863,1
101923,0.0023842375,0.0006202863,1
101928,0.0023842375,0.0006202863,1
101933,0.0023842375,0.0006202863,1
101962,0.0006532448,0.0006202863,1
101968,0.0009850187,0.0006202863,1
101994,0.0045349134,0.0006202863,1
102026,0.0042249415,0.0006202863,1
102030,0.0007478517,0.0006202863,1
102041,0.0018056392,0.0006202863,1
102050,0.0013976284,0.0006202863,1
102053,0.0304267833,0.0006202863,1
102062,0.0014465557,0.0006202863,1
102076,0.0008613238,0.0006202863,1
102079,0.0015009656,0.0006202863,1
102086,0.0095198373,0.0006202863,1
102088,0.0008613238,0.0006202863,1
102090,0.0095198373,0.0006202863,1
102095,0.0095198373,0.0006202863,1
102097,0.0013976284,0.0006202863,1
102104,0.0074712228,0.0006202863,1
102107,0.0074712228,0.0006202863,1
102110,0.0175211878,0.0006202863,1
102116,0.0006410862,0.0006202863,1
102132,0.0065211313,0.0006202863,1
102137,0.0020677541,0.0006202863,1
102139,0.0026690011,0.0006202863,1
102149,0.0017010663,0.0006202863,1
102208,0.0048130247,0.0006202863,1
102210,0.0048130247,0.0006202863,1
102218,0.0029199575,0.0006202863,1
102223,0.0007271495,0.0006202863,1
102244,0.0006480572,0.0006202863,1
102264,0.0019657460,0.0006202863,1
102273,0.0176604763,0.0006202863,1
102279,0.0006311846,0.0006202863,1
102282,0.0025800065,0.0006202863,1
102318,0.0169806717,0.0006202863,1
102340,0.0058631729,0.0006202863,1
102364,0.0017238524,0.0006202863,1
102370,0.0059172266,0.0006202863,1
102380,0.0006909243,0.0006202863,1
102383,0.0006909243,0.0006202863,1
102390,0.0006909243,0.0006202863,1
102405,0.0331159359,0.0006202863,1
102410,0.0071625382,0.0006202863,1
102433,0.0012335821,0.0006202863,1
102451,0.0068363334,0.0006202863,1
102458,0.0077386135,0.0006202863,1
102466,0.0048413986,0.0006202863,1
102495,0.0092132432,0.0006202863,1
102498,0.0092132432,0.0006202863,1
102500,0.0092132432,0.0006202863,1
102516,0.0012766117,0.0006202863,1
102519,0.0022062116,0.0006202863,1
102560,0.0039989865,0.0006202863,1
102569,0.0016517546,0.0006202863,1
102578,0.0016517546,0.0006202863,1
102582,0.0008258117,0.0006202863,1
102584,0.0016517546,0.0006202863,1
102587,0.0016517546,0.0006202863,1
102610,0.0394718867,0.0006202863,1
102644,0.0223297115,0.0006202863,1
102669,0.0075202599,0.0006202863,1
102674,0.0075202599,0.0006202863,1
102688,0.0016877362,0.0006202863,0
102729,0.0047631585,0.0006202863,1
102751,0.0008613238,0.0006202863,1
102754,0.0007651679,0.0006202863,1
102758,0.0088856436,0.0006202863,1
102762,0.0088856436,0.0006202863,1
102766,0.0088856436,0.0006202863,1
102772,0.0025800065,0.0006202863,1
102779,0.0008983114,0.0006202863,1
102782,0.0019946389,0.0006202863,1
102784,0.0014247330,0.0006202863,1
102788,0.0019969313,0.0006202863,1
102815,0.0054739520,0.0006202863,1
102817,0.0082739711,0.0006202863,1
102820,0.0082739711,0.0006202863,1
102845,0.0013976284,0.0006202863,1
102847,0.0089935289,0.0006202863,1
102849,0.0089935289,0.0006202863,1
102850,0.0089935289,0.0006202863,1
102852,0.0032851138,0.0006202863,1
102856,0.0060096753,0.0006202863,1
102877,0.0045273998,0.0006202863,1
102878,0.0015797769,0.0006202863,1
102879,0.0090755461,0.0006202863,1
102881,0.0090755461,0.0006202863,1
102883,0.0090755461,0.0006202863,1
102885,0.0090755461,0.0006202863,1
102887,0.0090755461,0.0006202863,1
102912,0.0318065190,0.0006202863,1
102914,0.0006992153,0.0006202863,1
102916,0.0031972817,0.0006202863,1
102923,0.0046531353,0.0006202863,1
102925,0.0046531353,0.0006202863,1
102927,0.0046531353,0.0006202863,1
102929,0.0060096753,0.0006202863,1
102932,0.0154334242,0.0006202863,1
102938,0.0065452883,0.0006202863,1
102942,0.0016878144,0.0006202863,1
102943,0.0016878114,0.0006202863,1
102945,0.0016878153,0.0006202863,1
103034,0.0092445080,0.0006202863,1
103037,0.0084581762,0.0006202863,1
103044,0.0073992177,0.0006202863,1
103052,0.0096413293,0.0006202863,1
103082,0.0150928602,0.0006202863,1
103096,0.0012730799,0.0006202863,1
103097,0.0008847265,0.0006202863,1
103114,0.0087226329,0.0006202863,1
103136,0.0017152410,0.0006202863,1
103137,0.0042742373,0.0006202863,1
103156,0.0123652001,0.0006202863,1
103159,0.0123652001,0.0006202863,1
103163,0.0123652001,0.0006202863,1
103168,0.0007797490,0.0006202863,1
103170,0.0006882131,0.0006202863,1
103183,0.0142611042,0.0006202863,1
103190,0.0006705816,0.0006202863,1
103223,0.0031721855,0.0006202863,1
103238,0.0197863723,0.0006202863,1
103251,0.0059634429,0.0006202863,1
103254,0.0123084849,0.0006202863,1
103269,0.0060078480,0.0006202863,1
103272,0.0682278491,0.0006202863,1
103281,0.0059089617,0.0006202863,1
103286,0.0061162718,0.0006202863,1
103312,0.0009785783,0.0006202863,1
103317,0.0014668759,0.0006202863,1
103324,0.0010152667,0.0006202863,1
103331,0.0011844453,0.0006202863,1
103335,0.0073000267,0.0006202863,1
103338,0.0035798154,0.0006202863,1
103341,0.0043278347,0.0006202863,1
103347,0.0032890006,0.0006202863,1
103351,0.0032890006,0.0006202863,1
103364,0.0007910986,0.0006202863,1
103368,0.0256045329,0.0006202863,1
103374,0.0301769250,0.0006202863,1
103398,0.0007103544,0.0006202863,1
103457,0.0046285313,0.0006202863,1
103468,0.0007103544,0.0006202863,1
103471,0.0011631211,0.0006202863,1
103489,0.0018916645,0.0006202863,1
103496,0.0022922731,0.0006202863,1
103498,0.0048130247,0.0006202863,1
103504,0.0048130247,0.0006202863,1
103507,0.0048130247,0.0006202863,1
103544,0.0006924101,0.0006202863,1
103546,0.0051795528,0.0006202863,1
103549,0.0067649752,0.0006202863,1
103552,0.0016423407,0.0006202863,1
103557,0.0013382202,0.0006202863,1
103563,0.0013806779,0.0006202863,1
103581,0.0031794193,0.0006202863,1
103589,0.0006920545,0.0006202863,1
103601,0.0021993479,0.0006202863,1
103609,0.0211891333,0.0006202863,1
103619,0.0048130247,0.0006202863,1
103622,0.0048130247,0.0006202863,1
103629,0.0006909243,0.0006202863,1
103633,0.0006909243,0.0006202863,1
103638,0.0006909243,0.0006202863,1
103644,0.0007791168,0.0006202863,1
103662,0.0008335485,0.0006202863,1
103679,0.0089283607,0.0006202863,1
103682,0.0028768183,0.0006202863,1
103689,0.0014855584,0.0006202863,1
103702,0.0032140938,0.0006202863,1
103707,0.0314756030,0.0006202863,1
103710,0.0013760112,0.0006202863,1
103716,0.0047484492,0.0006202863,1
103722,0.0006909243,0.0006202863,1
103725,0.0006909243,0.0006202863,1
103728,0.0016793876,0.0006202863,1
103731,0.0071625382,0.0006202863,1
103735,0.0091680172,0.0006202863,1
103737,0.0011608712,0.0006202863,1
103752,0.0082825866,0.0006202863,1
103757,0.0082825866,0.0006202863,1
103763,0.0183675351,0.0006202863,1
103764,0.0089283607,0.0006202863,1
103767,0.0007640629,0.0006202863,1
103769,0.0089283607,0.0006202863,1
103773,0.0089283607,0.0006202863,1
103777,0.0035412032,0.0006202863,1
103785,0.0641311156,0.0006202863,1
103797,0.0092132432,0.0006202863,1
103802,0.0028028385,0.0006202863,1
103808,0.0016517546,0.0006202863,1
103814,0.0085900445,0.0006202863,1
103816,0.0143092169,0.0006202863,1
103819,0.0085900445,0.0006202863,1
103840,0.0027793563,0.0006202863,1
103843,0.0012142128,0.0006202863,1
103845,0.0156677488,0.0006202863,1
103868,0.0007777085,0.0006202863,1
103880,0.0114680821,0.0006202863,1
103882,0.0016517546,0.0006202863,1
103885,0.0016517546,0.0006202863,1
103887,0.0075202599,0.0006202863,1
103891,0.0075202599,0.0006202863,1
103892,0.0016517546,0.0006202863,1
103896,0.0085900445,0.0006202863,1
103897,0.0075202599,0.0006202863,1
103900,0.0085900445,0.0006202863,1
103904,0.0085900445,0.0006202863,1
103952,0.0099028786,0.0006202863,1
103964,0.0093274016,0.0006202863,1
103968,0.0093274016,0.0006202863,1
103973,0.0088856436,0.0006202863,1
103977,0.0088856436,0.0006202863,1
103980,0.0088856436,0.0006202863,1
103982,0.0088856436,0.0006202863,1
103986,0.0006912369,0.0006202863,1
104027,0.0054739520,0.0006202863,1
104037,0.0082739711,0.0006202863,1
104038,0.0013976284,0.0006202863,1
104040,0.0082739711,0.0006202863,1
104041,0.0013976284,0.0006202863,1
104045,0.0013976284,0.0006202863,1
104046,0.0082739711,0.0006202863,1
104050,0.0008613238,0.0006202863,1
104056,0.0009099202,0.0006202863,1
104057,0.0012674431,0.0006202863,1
104069,0.0285131200,0.0006202863,1
104074,0.0007234268,0.0006202863,1
104083,0.0008809821,0.0006202863,1
104090,0.0057896099,0.0006202863,1
104098,0.0089935289,0.0006202863,1
104103,0.0089935289,0.0006202863,1
104172,0.0006216129,0.0006202863,1
104178,0.0090755461,0.0006202863,1
104184,0.0090755461,0.0006202863,1
104190,0.0090755461,0.0006202863,1
104229,0.0060096753,0.0006202863,1
104237,0.0013976284,0.0006202863,1
104243,0.0046531353,0.0006202863,1
104244,0.0006878213,0.0006202863,1
104256,0.0065452883,0.0006202863,1
104272,0.0016878144,0.0006202863,1
104279,0.0016878144,0.0006202863,1
104285,0.0016878144,0.0006202863,1
104287,0.0023758919,0.0006202863,1
104289,0.0016878114,0.0006202863,1
104295,0.0393066782,0.0006202863,1
104296,0.0016878153,0.0006202863,1
104303,0.0016878153,0.0006202863,1
104325,0.0505048550,0.0006202863,1
104327,0.0131965712,0.0006202863,1
104332,0.0007987637,0.0006202863,1
104336,0.0138477811,0.0006202863,0
104343,0.0138477811,0.0006202863,0
104346,0.0016877362,0.0006202863,0
104348,0.0769101654,0.0006202863,1
104350,0.0016877362,0.0006202863,0
104380,0.0006486330,0.0006202863,1
104405,0.0051881356,0.0006202863,1
104424,0.0185992252,0.0006202863,1
104427,0.0086639503,0.0006202863,1
104437,0.0067574446,0.0006202863,1
104443,0.0034565394,0.0006202863,1
104445,0.0068944625,0.0006202863,1
104446,0.0084581762,0.0006202863,1
104522,0.0113389410,0.0006202863,1
104529,0.0093948619,0.0006202863,1
104536,0.0056759990,0.0006202863,0
104538,0.0056759990,0.0006202863,0
104583,0.0069701805,0.0006202863,1
104589,0.0069701805,0.0006202863,1
104590,0.0106056236,0.0006202863,1
104596,0.0224278941,0.0006202863,1
104610,0.0785295557,0.0006202863,1
104700,0.0119516310,0.0006202863,0
104704,0.0119516310,0.0006202863,0
104722,0.0011529088,0.0006202863,1
104726,0.0008645911,0.0006202863,1
104741,0.0010589006,0.0006202863,1
104750,0.0011182201,0.0006202863,1
104753,0.0028918587,0.0006202863,1
104755,0.0082236408,0.0006202863,1
104765,0.0073000267,0.0006202863,1
104778,0.0006847421,0.0006202863,1
104796,0.0191774431,0.0006202863,1
104827,0.0008613238,0.0006202863,1
104834,0.0093274016,0.0006202863,1
104839,0.0060096753,0.0006202863,1
104842,0.0088856436,0.0006202863,1
104885,0.0243141681,0.0006202863,1
104910,0.0082739711,0.0006202863,1
104948,0.0013976284,0.0006202863,1
104960,0.0263127017,0.0006202863,1
104965,0.0089935289,0.0006202863,1
104968,0.0089935289,0.0006202863,1
104972,0.0012716394,0.0006202863,1
104974,0.0030915323,0.0006202863,1
104982,0.0010273318,0.0006202863,1
104986,0.0010028716,0.0006202863,1
105012,0.0161579248,0.0006202863,1
105047,0.0090755461,0.0006202863,1
105054,0.0149894965,0.0006202863,1
105082,0.0006240458,0.0006202863,1
105085,0.0006240458,0.0006202863,1
105105,0.0033034984,0.0006202863,1
105108,0.0035316723,0.0006202863,1
105133,0.0090145028,0.0006202863,1
105143,0.0046531353,0.0006202863,1
105146,0.0046531353,0.0006202863,1
105154,0.0065452883,0.0006202863,1
105176,0.0016878144,0.0006202863,1
105180,0.0016878144,0.0006202863,1
105183,0.0011551985,0.0006202863,1
105184,0.0016878144,0.0006202863,1
105187,0.0016878114,0.0006202863,1
105189,0.0016878153,0.0006202863,1
105211,0.0131965712,0.0006202863,1
105218,0.0008613238,0.0006202863,1
105220,0.0010542251,0.0006202863,1
105233,0.0017090879,0.0006202863,1
105276,0.0049526284,0.0006202863,1
105284,0.0073992177,0.0006202863,1
105291,0.0048540015,0.0006202863,0
105292,0.0009879714,0.0006202863,1
105295,0.0048540015,0.0006202863,0
105313,0.0007131034,0.0006202863,1
105344,0.0011424021,0.0006202863,1
105348,0.0087226329,0.0006202863,1
105349,0.0006887130,0.0006202863,1
105358,0.0113389410,0.0006202863,1
105359,0.0013976284,0.0006202863,1
105362,0.0013976284,0.0006202863,1
105367,0.0013976284,0.0006202863,1
105372,0.0013976284,0.0006202863,1
105379,0.0038463352,0.0006202863,0
105383,0.0038463352,0.0006202863,0
105396,0.0027698627,0.0006202863,1
105403,0.0008570886,0.0006202863,1
105440,0.0139918121,0.0006202863,1
105499,0.0015084751,0.0006202863,0
105541,0.0010966782,0.0006202863,1
105543,0.0065817156,0.0006202863,1
105552,0.0179192262,0.0006202863,1
105554,0.0018209886,0.0006202863,1
105558,0.0017475274,0.0006202863,1
105559,0.0014439385,0.0006202863,1
105565,0.0038291896,0.0006202863,1
105604,0.0008457445,0.0006202863,1
105684,0.0030948789,0.0006202863,1
105774,0.0013751527,0.0006202863,1
105815,0.0007244841,0.0006202863,1
105860,0.0063592515,0.0006202863,1
105910,0.0007067108,0.0006202863,1
105943,0.0007726682,0.0006202863,1
105949,0.0183245224,0.0006202863,0
105950,0.0183245224,0.0006202863,0
105951,0.0183245224,0.0006202863,0
105959,0.0009588825,0.0006202863,1
105996,0.0039472710,0.0006202863,1
106005,0.0112992271,0.0006202863,1
106018,0.0013988211,0.0006202863,1
106031,0.0006434092,0.0006202863,1
106053,0.0076237914,0.0006202863,1
106055,0.0085900445,0.0006202863,1
106062,0.0089776537,0.0006202863,1
106068,0.0089776537,0.0006202863,1
106081,0.0162046960,0.0006202863,1
106107,0.0012319925,0.0006202863,1
106115,0.0314217685,0.0006202863,1
106126,0.0010368789,0.0006202863,1
106127,0.0076767600,0.0006202863,1
106134,0.0075202599,0.0006202863,1
106139,0.0075202599,0.0006202863,1
106145,0.0038405249,0.0006202863,1
106189,0.0031028431,0.0006202863,1
106190,0.0250798707,0.0006202863,1
106191,0.0007472115,0.0006202863,1
106227,0.0048586097,0.0006202863,1
106238,0.0093274016,0.0006202863,1
106240,0.0013976284,0.0006202863,1
106242,0.0007224774,0.0006202863,1
106249,0.0007309610,0.0006202863,1
106253,0.0088856436,0.0006202863,1
106271,0.0013976284,0.0006202863,1
106272,0.0101202344,0.0006202863,1
106280,0.0060377723,0.0006202863,1
106289,0.0008983114,0.0006202863,1
106313,0.0238084280,0.0006202863,1
106314,0.0022221622,0.0006202863,1
106315,0.0007900625,0.0006202863,1
106316,0.0082739711,0.0006202863,1
106320,0.0082739711,0.0006202863,1
106333,0.0007397770,0.0006202863,1
106339,0.0009842219,0.0006202863,1
106346,0.0007716817,0.0006202863,1
106351,0.0008468043,0.0006202863,1
106370,0.0025800065,0.0006202863,1
106380,0.0089935289,0.0006202863,1
106400,0.0158538095,0.0006202863,1
106401,0.0025800065,0.0006202863,1
106430,0.0014830869,0.0006202863,1
106436,0.0014830869,0.0006202863,1
106466,0.0025800065,0.0006202863,1
106471,0.0028046173,0.0006202863,1
106501,0.0028160877,0.0006202863,1
106510,0.0678740463,0.0006202863,1
106526,0.0046531353,0.0006202863,1
106538,0.0066794895,0.0006202863,1
106544,0.0013976284,0.0006202863,1
106556,0.0027681675,0.0006202863,1
106557,0.0016878144,0.0006202863,1
106560,0.0016878144,0.0006202863,1
106563,0.0016878144,0.0006202863,1
106565,0.0016878114,0.0006202863,1
106569,0.0016878114,0.0006202863,1
106572,0.0016878114,0.0006202863,1
106574,0.0016878153,0.0006202863,1
106577,0.0016878153,0.0006202863,1
106581,0.0016878153,0.0006202863,1
106602,0.0331089646,0.0006202863,1
106625,0.0007122431,0.0006202863,1
106652,0.0101698043,0.0006202863,1
106679,0.0007774028,0.0006202863,1
106682,0.0092445080,0.0006202863,1
106687,0.0092445080,0.0006202863,1
106710,0.0073992177,0.0006202863,1
106734,0.0092251277,0.0006202863,1
106738,0.0092251277,0.0006202863,1
106740,0.0092251277,0.0006202863,1
106814,0.0093948619,0.0006202863,1
106848,0.0106056236,0.0006202863,1
106866,0.0139918121,0.0006202863,1
106872,0.0033709628,0.0006202863,1
106878,0.0033709628,0.0006202863,1
106890,0.0020512346,0.0006202863,0
106896,0.0006767377,0.0006202863,0
106901,0.0043368141,0.0006202863,0
106910,0.0014452852,0.0006202863,0
106960,0.0012833058,0.0006202863,0
106963,0.0008276895,0.0006202863,0
106966,0.0019499104,0.0006202863,0
106971,0.0006538523,0.0006202863,0
106972,0.0007905413,0.0006202863,0
106973,0.0028352692,0.0006202863,0
106976,0.0011141169,0.0006202863,0
106981,0.0025210229,0.0006202863,0
107020,0.0123652001,0.0006202863,1
107025,0.0123652001,0.0006202863,1
107028,0.0047631585,0.0006202863,1
107029,0.0123652001,0.0006202863,1
107034,0.0123652001,0.0006202863,1
107117,0.0012669604,0.0006202863,1
107148,0.0007470949,0.0006202863,1
107170,0.0007103544,0.0006202863,1
107176,0.0006916606,0.0006202863,0
107195,0.0201290483,0.0006202863,1
107203,0.0007626023,0.0006202863,1
107222,0.0016667824,0.0006202863,0
107266,0.0017783750,0.0006202863,1
107338,0.0012209308,0.0006202863,0
107350,0.0008778470,0.0006202863,1
107386,0.0013917808,0.0006202863,1
107466,0.0031189587,0.0006202863,0
107468,0.0008695423,0.0006202863,0
107469,0.0008830766,0.0006202863,0
107492,0.0023842375,0.0006202863,1
107498,0.0023842375,0.0006202863,1
107503,0.0023842375,0.0006202863,1
107509,0.0023842375,0.0006202863,1
107515,0.0016877362,0.0006202863,0
107536,0.0023304214,0.0006202863,1
107537,0.0140884079,0.0006202863,1
107550,0.0007388487,0.0006202863,1
107552,0.0101614170,0.0006202863,1
107560,0.0020737545,0.0006202863,1
107564,0.0007067108,0.0006202863,1
107592,0.0008729687,0.0006202863,1
107599,0.0016877362,0.0006202863,0
107602,0.0016877362,0.0006202863,0
107604,0.0016877362,0.0006202863,0
107606,0.0056781471,0.0006202863,0
107607,0.0056781471,0.0006202863,0
107610,0.0056782378,0.0006202863,0
107611,0.0056782378,0.0006202863,0
107612,0.0016877362,0.0006202863,0
107613,0.0016877362,0.0006202863,0
107614,0.0016877362,0.0006202863,0
107616,0.0016877362,0.0006202863,0
107668,0.0013180865,0.0006202863,1
107673,0.0022366226,0.0006202863,1
107682,0.0007455134,0.0006202863,1
107691,0.0108463673,0.0006202863,1
107713,0.0013976284,0.0006202863,1
107770,0.0013976284,0.0006202863,1
107782,0.0008613238,0.0006202863,1
107789,0.0036805268,0.0006202863,1
107806,0.0008874168,0.0006202863,1
107810,0.0093274016,0.0006202863,1
107825,0.0088856436,0.0006202863,1
107829,0.0088856436,0.0006202863,1
107858,0.0095198373,0.0006202863,1
107861,0.0033125165,0.0006202863,1
107885,0.0011323912,0.0006202863,1
107910,0.0243141681,0.0006202863,1
107931,0.0082739711,0.0006202863,1
107938,0.0082739711,0.0006202863,1
107956,0.0026813092,0.0006202863,1
107958,0.0006361379,0.0006202863,1
107966,0.0016877362,0.0006202863,0
107967,0.0016877362,0.0006202863,0
107968,0.0016877362,0.0006202863,0
107972,0.0016877362,0.0006202863,0
107973,0.0056773634,0.0006202863,0
107975,0.0056774599,0.0006202863,0
107976,0.0006286353,0.0006202863,1
107977,0.0056773634,0.0006202863,0
107979,0.0056774599,0.0006202863,0
107995,0.0095406914,0.0006202863,1
108007,0.0110395695,0.0006202863,1
108012,0.0008579425,0.0006202863,1
108047,0.0089935289,0.0006202863,1
108056,0.0089935289,0.0006202863,1
108085,0.0089935289,0.0006202863,1
108088,0.0006826840,0.0006202863,1
108089,0.0089935289,0.0006202863,1
108100,0.0277601094,0.0006202863,1
108103,0.0060096753,0.0006202863,1
108109,0.0030195862,0.0006202863,1
108110,0.0023585933,0.0006202863,1
108138,0.0265307642,0.0006202863,1
108157,0.0109835296,0.0006202863,1
108161,0.0027959843,0.0006202863,1
108182,0.0006310413,0.0006202863,1
108196,0.0090755461,0.0006202863,1
108249,0.0025800065,0.0006202863,1
108258,0.0046531353,0.0006202863,1
108264,0.0046531353,0.0006202863,1
108269,0.0046531353,0.0006202863,1
108273,0.0046531353,0.0006202863,1
108276,0.0046531353,0.0006202863,1
108309,0.0016878144,0.0006202863,1
108313,0.0016878144,0.0006202863,1
108316,0.0016878114,0.0006202863,1
108320,0.0016878114,0.0006202863,1
108326,0.0016878153,0.0006202863,1
108333,0.0016878153,0.0006202863,1
108339,0.0131965712,0.0006202863,1
108371,0.0016877362,0.0006202863,0
108373,0.0016877362,0.0006202863,0
108378,0.0016877362,0.0006202863,0
108381,0.0016877362,0.0006202863,0
108383,0.0056775451,0.0006202863,0
108384,0.0056775082,0.0006202863,0
108385,0.0013976284,0.0006202863,1
108386,0.0056775082,0.0006202863,0
108387,0.0056775451,0.0006202863,0
108394,0.0006840355,0.0006202863,1
108405,0.0016877362,0.0006202863,0
108406,0.0016877362,0.0006202863,0
108407,0.0016877362,0.0006202863,0
108408,0.0016877362,0.0006202863,0
108410,0.0056777212,0.0006202863,0
108412,0.0056777264,0.0006202863,0
108413,0.0056777212,0.0006202863,0
108414,0.0056777264,0.0006202863,0
108435,0.0007304874,0.0006202863,1
108459,0.0138847351,0.0006202863,1
108506,0.0073992177,0.0006202863,1
108530,0.0042675916,0.0006202863,1
108555,0.0016877362,0.0006202863,0
108556,0.0016877362,0.0006202863,0
108557,0.0016877362,0.0006202863,0
108573,0.0010088722,0.0006202863,1
108584,0.0151648745,0.0006202863,1
108594,0.0016877362,0.0006202863,0
108595,0.0056759890,0.0006202863,0
108597,0.0056759897,0.0006202863,0
108598,0.0056759890,0.0006202863,0
108600,0.0056759897,0.0006202863,0
108679,0.0006247084,0.0006202863,1
108699,0.0010905082,0.0006202863,1
108703,0.0085497379,0.0006202863,1
108706,0.0137668638,0.0006202863,1
108708,0.0085497379,0.0006202863,1
108812,0.0016877362,0.0006202863,0
108813,0.0016877362,0.0006202863,0
108835,0.0016877362,0.0006202863,0
108836,0.0016877362,0.0006202863,0
108843,0.0016877362,0.0006202863,0
108844,0.0016877362,0.0006202863,0
108846,0.0016877362,0.0006202863,0
108847,0.0016877362,0.0006202863,0
108849,0.0056781673,0.0006202863,0
108851,0.0056781260,0.0006202863,0
108853,0.0056781673,0.0006202863,0
108855,0.0056781260,0.0006202863,0
108894,0.0012756965,0.0006202863,1
108921,0.0010520338,0.0006202863,1
108930,0.0010565615,0.0006202863,1
108934,0.0013976284,0.0006202863,1
108937,0.0008672288,0.0006202863,1
108975,0.0006761587,0.0006202863,1
108994,0.0016877362,0.0006202863,0
108995,0.0016877362,0.0006202863,0
108996,0.0016877362,0.0006202863,0
109000,0.0016877362,0.0006202863,0
109001,0.0056755213,0.0006202863,0
109002,0.0056754368,0.0006202863,0
109004,0.0056755213,0.0006202863,0
109006,0.0056754368,0.0006202863,0
109043,0.0009075445,0.0006202863,1
109055,0.0006257027,0.0006202863,1
109072,0.0187786420,0.0006202863,1
109090,0.0016877362,0.0006202863,0
109095,0.0016877362,0.0006202863,0
109096,0.0016877362,0.0006202863,0
109097,0.0016877362,0.0006202863,0
109101,0.0056781428,0.0006202863,0
109174,0.0056781428,0.0006202863,0
109177,0.0056781428,0.0006202863,0
109178,0.0056781428,0.0006202863,0
109179,0.0016877362,0.0006202863,0
109180,0.0016877362,0.0006202863,0
109181,0.0016877362,0.0006202863,0
109182,0.0016877362,0.0006202863,0
109183,0.0056781215,0.0006202863,0
109185,0.0056781291,0.0006202863,0
109186,0.0056781215,0.0006202863,0
109187,0.0056781291,0.0006202863,0
109215,0.0007869099,0.0006202863,1
109235,0.0016877362,0.0006202863,0
109236,0.0016877362,0.0006202863,0
109240,0.0016877362,0.0006202863,0
109241,0.0016877362,0.0006202863,0
109255,0.0028196793,0.0006202863,1
109364,0.0012766305,0.0006202863,1
109473,0.0028562161,0.0006202863,1
109477,0.0091394790,0.0006202863,1
109526,0.0016877362,0.0006202863,0
109529,0.0016877362,0.0006202863,0
109530,0.0016877362,0.0006202863,0
109532,0.0016877362,0.0006202863,0
109533,0.0056771007,0.0006202863,0
109535,0.0056771639,0.0006202863,0
109536,0.0056771639,0.0006202863,0
109540,0.0056771007,0.0006202863,0
109555,0.0152320440,0.0006202863,1
109567,0.0023842375,0.0006202863,1
109569,0.0023842375,0.0006202863,1
109573,0.0023842375,0.0006202863,1
109600,0.0181260961,0.0006202863,1
109616,0.0006410862,0.0006202863,1
109662,0.0190507940,0.0006202863,1
109667,0.0006969045,0.0006202863,1
109688,0.0023842375,0.0006202863,1
109748,0.0008047334,0.0006202863,1
109875,0.0016877362,0.0006202863,0
109877,0.0016877362,0.0006202863,0
109878,0.0016877362,0.0006202863,0
109879,0.0016877362,0.0006202863,0
109881,0.0056731844,0.0006202863,0
109883,0.0056731510,0.0006202863,0
109884,0.0056731844,0.0006202863,0
109885,0.0056731510,0.0006202863,0
109891,0.0016877362,0.0006202863,0
109892,0.0016877362,0.0006202863,0
109893,0.0016877362,0.0006202863,0
109894,0.0016877362,0.0006202863,0
109895,0.0056758864,0.0006202863,0
109896,0.0056759684,0.0006202863,0
109900,0.0056758864,0.0006202863,0
109901,0.0056759684,0.0006202863,0
109904,0.0016877362,0.0006202863,0
109905,0.0016877362,0.0006202863,0
109906,0.0016877362,0.0006202863,0
109907,0.0016877362,0.0006202863,0
110005,0.0015359153,0.0006202863,1
110036,0.0023842375,0.0006202863,1
110037,0.0023842375,0.0006202863,1
110038,0.0023842375,0.0006202863,1
110039,0.0023842375,0.0006202863,1
110040,0.0023842375,0.0006202863,1
110064,0.0040661010,0.0006202863,1
110113,0.0050310954,0.0006202863,1
110130,0.0016877362,0.0006202863,0
110133,0.0016877362,0.0006202863,0
110134,0.0016877362,0.0006202863,0
110136,0.0016877362,0.0006202863,0
110138,0.0056772765,0.0006202863,0
110140,0.0056771578,0.0006202863,0
110142,0.0051486353,0.0006202863,1
110143,0.0056771578,0.0006202863,0
110144,0.0056772765,0.0006202863,0
110159,0.0077144341,0.0006202863,1
110170,0.0011732860,0.0006202863,1
110188,0.0195595711,0.0006202863,1
110214,0.0016729807,0.0006202863,1
110217,0.0010914244,0.0006202863,1
110221,0.0016729807,0.0006202863,1
110300,0.0008861052,0.0006202863,1
110319,0.0011316654,0.0006202863,1
110328,0.0006880047,0.0006202863,1
110356,0.0006786238,0.0006202863,1
110362,0.0013976284,0.0006202863,1
110364,0.0025800065,0.0006202863,1
110366,0.0008613238,0.0006202863,1
110454,0.0018481340,0.0006202863,1
110478,0.0017475274,0.0006202863,1
110498,0.0010219893,0.0006202863,1
110520,0.0007694493,0.0006202863,1
110523,0.0007694493,0.0006202863,1
110558,0.0016877362,0.0006202863,0
110559,0.0016877362,0.0006202863,0
110562,0.0016877362,0.0006202863,0
110564,0.0016877362,0.0006202863,0
110566,0.0056782276,0.0006202863,0
110568,0.0056781359,0.0006202863,0
110569,0.0056782276,0.0006202863,0
110571,0.0056781359,0.0006202863,0
110591,0.0016877362,0.0006202863,0
110592,0.0016877362,0.0006202863,0
110595,0.0016877362,0.0006202863,0
110596,0.0016877362,0.0006202863,0
110603,0.0016877362,0.0006202863,0
110604,0.0016877362,0.0006202863,0
110634,0.0006999290,0.0006202863,1
110676,0.0016877362,0.0006202863,0
110677,0.0016877362,0.0006202863,0
110678,0.0056760475,0.0006202863,0
110679,0.0056760962,0.0006202863,0
110681,0.0056760962,0.0006202863,0
110683,0.0056760475,0.0006202863,0
110762,0.0033034984,0.0006202863,1
110769,0.0007062530,0.0006202863,1
110797,0.0016877362,0.0006202863,0
110798,0.0016877362,0.0006202863,0
110799,0.0016877362,0.0006202863,0
110801,0.0016877362,0.0006202863,0
110844,0.0091926354,0.0006202863,1
110851,0.0091926354,0.0006202863,1
110857,0.0091926354,0.0006202863,1
110860,0.0069240299,0.0006202863,1
110894,0.0022123617,0.0006202863,1
110917,0.0023113233,0.0006202863,1
110922,0.0093204373,0.0006202863,1
110925,0.0066278680,0.0006202863,1
110931,0.0091686809,0.0006202863,1
110937,0.0073000267,0.0006202863,1
110962,0.0123084849,0.0006202863,1
111004,0.0011060196,0.0006202863,1
111068,0.0008880013,0.0006202863,1
111070,0.0006923981,0.0006202863,1
111076,0.0006923981,0.0006202863,1
111088,0.0016877362,0.0006202863,0
111089,0.0016877362,0.0006202863,0
111090,0.0016877362,0.0006202863,0
111093,0.0016877362,0.0006202863,0
111102,0.0043278347,0.0006202863,1
111106,0.0044262005,0.0006202863,1
111155,0.0016877362,0.0006202863,0
111157,0.0016877362,0.0006202863,0
111158,0.0016877362,0.0006202863,0
111159,0.0016877362,0.0006202863,0
111160,0.0056760719,0.0006202863,0
111162,0.0056760719,0.0006202863,0
111163,0.0056760719,0.0006202863,0
111165,0.0056760719,0.0006202863,0
111203,0.0008367957,0.0006202863,1
111228,0.0016877362,0.0006202863,0
111230,0.0016877362,0.0006202863,0
111233,0.0016877362,0.0006202863,0
111234,0.0016877362,0.0006202863,0
111236,0.0017030270,0.0006202863,0
111237,0.0017030270,0.0006202863,0
111239,0.0017030270,0.0006202863,0
111240,0.0017030270,0.0006202863,0
111242,0.0056759838,0.0006202863,0
111244,0.0056760935,0.0006202863,0
111245,0.0056760935,0.0006202863,0
111246,0.0056759838,0.0006202863,0
111261,0.0034185277,0.0006202863,1
111281,0.0048130247,0.0006202863,1
111283,0.0048130247,0.0006202863,1
111287,0.0048130247,0.0006202863,1
111292,0.0013311685,0.0006202863,1
111297,0.0007271495,0.0006202863,1
111402,0.0016877362,0.0006202863,0
111403,0.0016877362,0.0006202863,0
111405,0.0016877362,0.0006202863,0
111409,0.0016877362,0.0006202863,0
111414,0.0278357977,0.0006202863,1
111453,0.0006909243,0.0006202863,1
111454,0.0006909243,0.0006202863,1
111455,0.0006909243,0.0006202863,1
111478,0.0012390075,0.0006202863,1
111519,0.0068363334,0.0006202863,1
111527,0.0089283607,0.0006202863,1
111593,0.0020956028,0.0006202863,1
111596,0.0007378767,0.0006202863,1
111598,0.0016877362,0.0006202863,0
111599,0.0016877362,0.0006202863,0
111602,0.0082825866,0.0006202863,1
111604,0.0016877362,0.0006202863,0
111605,0.0016877362,0.0006202863,0
111606,0.0056760491,0.0006202863,0
111610,0.0056760908,0.0006202863,0
111613,0.0056760491,0.0006202863,0
111615,0.0056760908,0.0006202863,0
111665,0.0016517546,0.0006202863,1
111668,0.0016517546,0.0006202863,1
111672,0.0016517546,0.0006202863,1
111674,0.0016517546,0.0006202863,1
111677,0.0016517546,0.0006202863,1
111681,0.0085900445,0.0006202863,1
111682,0.0085900445,0.0006202863,1
111720,0.0032797683,0.0006202863,1
111730,0.0009376178,0.0006202863,1
111733,0.0045071266,0.0006202863,1
111777,0.0023842375,0.0006202863,1
111795,0.0023842375,0.0006202863,1
111827,0.0050136149,0.0006202863,1
111860,0.0016877362,0.0006202863,0
111861,0.0016877362,0.0006202863,0
111862,0.0016877362,0.0006202863,0
111863,0.0016877362,0.0006202863,0
111864,0.0056772574,0.0006202863,0
111865,0.0056772695,0.0006202863,0
111866,0.0056772574,0.0006202863,0
111867,0.0056772695,0.0006202863,0
111872,0.0016877362,0.0006202863,0
111873,0.0016877362,0.0006202863,0
111874,0.0016877362,0.0006202863,0
111876,0.0016877362,0.0006202863,0
111877,0.0056760045,0.0006202863,0
111878,0.0056760832,0.0006202863,0
111879,0.0056760832,0.0006202863,0
111881,0.0056760045,0.0006202863,0
111906,0.0011340334,0.0006202863,1
111927,0.0124969155,0.0006202863,1
111962,0.0016877362,0.0006202863,0
111966,0.0016877362,0.0006202863,0
111967,0.0016877362,0.0006202863,0
111970,0.0016877362,0.0006202863,0
111988,0.0022420812,0.0006202863,1
111993,0.0007570667,0.0006202863,1
112037,0.0024037354,0.0006202863,1
112040,0.0006495932,0.0006202863,1
112098,0.0016877362,0.0006202863,0
112102,0.0016877362,0.0006202863,0
112103,0.0016877362,0.0006202863,0
112104,0.0016877362,0.0006202863,0
112105,0.0056771129,0.0006202863,0
112106,0.0056771148,0.0006202863,0
112108,0.0056771129,0.0006202863,0
112109,0.0056771148,0.0006202863,0
112203,0.0007694493,0.0006202863,1
112210,0.0007694493,0.0006202863,1
112234,0.0008576453,0.0006202863,1
112238,0.0008576453,0.0006202863,1
112241,0.0011511069,0.0006202863,1
112242,0.0008576453,0.0006202863,1
112243,0.0033709628,0.0006202863,1
112247,0.0059634429,0.0006202863,1
112251,0.0064786565,0.0006202863,1
112279,0.0145983392,0.0006202863,1
112281,0.0016877362,0.0006202863,0
112282,0.0016877362,0.0006202863,0
112285,0.0016877362,0.0006202863,0
112286,0.0139647997,0.0006202863,1
112287,0.0016877362,0.0006202863,0
112288,0.0056757488,0.0006202863,0
112289,0.0056757283,0.0006202863,0
112290,0.0056757488,0.0006202863,0
112291,0.0056757283,0.0006202863,0
112308,0.0016877362,0.0006202863,0
112309,0.0016877362,0.0006202863,0
112310,0.0016877362,0.0006202863,0
112313,0.0016877362,0.0006202863,0
112316,0.0018358802,0.0006202863,1
112436,0.0008661784,0.0006202863,1
112467,0.0048130247,0.0006202863,1
112471,0.0048130247,0.0006202863,1
112473,0.0048130247,0.0006202863,1
112475,0.0048130247,0.0006202863,1
112507,0.0009924110,0.0006202863,1
112509,0.0016877362,0.0006202863,0
112511,0.0016877362,0.0006202863,0
112512,0.0016877362,0.0006202863,0
112514,0.0016877362,0.0006202863,0
112516,0.0056762619,0.0006202863,0
112517,0.0056762668,0.0006202863,0
112518,0.0056762619,0.0006202863,0
112519,0.0056762668,0.0006202863,0
112521,0.0056771966,0.0006202863,0
112522,0.0056771158,0.0006202863,0
112524,0.0056771158,0.0006202863,0
112525,0.0056771966,0.0006202863,0
112526,0.0175775474,0.0006202863,1
112527,0.0007986202,0.0006202863,1
112543,0.0178071620,0.0006202863,1
112589,0.0142954620,0.0006202863,1
112595,0.0007899500,0.0006202863,1
112611,0.0026636679,0.0006202863,1
112620,0.0006909243,0.0006202863,1
112622,0.0006909243,0.0006202863,1
112650,0.0206860293,0.0006202863,1
112679,0.0089283607,0.0006202863,1
112727,0.0293985009,0.0006202863,1
112744,0.0008147138,0.0006202863,1
112747,0.0007694493,0.0006202863,1
112751,0.0007694493,0.0006202863,1
112753,0.0647396122,0.0006202863,1
112755,0.0007694493,0.0006202863,1
112757,0.0008576453,0.0006202863,1
112760,0.0013875553,0.0006202863,1
112761,0.0008576453,0.0006202863,1
112773,0.0028586101,0.0006202863,1
112777,0.0016517546,0.0006202863,1
112780,0.0016517546,0.0006202863,1
112784,0.0085900445,0.0006202863,1
112795,0.0015721294,0.0006202863,1
112796,0.0076404402,0.0006202863,1
112799,0.0152320440,0.0006202863,1
112804,0.0269408242,0.0006202863,1
112805,0.0076767600,0.0006202863,1
112806,0.0075202599,0.0006202863,1
112808,0.0075202599,0.0006202863,1
112809,0.0075202599,0.0006202863,1
112810,0.0008576453,0.0006202863,1
112814,0.0008576453,0.0006202863,1
112818,0.0125460015,0.0006202863,1
112822,0.0285315623,0.0006202863,1
112835,0.0048130247,0.0006202863,1
112836,0.0048130247,0.0006202863,1
112838,0.0048130247,0.0006202863,1
112865,0.0029048756,0.0006202863,1
112884,0.0006207905,0.0006202863,1
112893,0.0010134244,0.0006202863,1
112906,0.0035896266,0.0006202863,1
112908,0.0009298860,0.0006202863,1
112911,0.0121882978,0.0006202863,1
112914,0.0006909243,0.0006202863,1
112916,0.0006909243,0.0006202863,1
112919,0.0006909243,0.0006202863,1
112921,0.0009273727,0.0006202863,1
112931,0.0007223584,0.0006202863,1
112933,0.0089283607,0.0006202863,1
112934,0.0101237141,0.0006202863,1
112937,0.0101237141,0.0006202863,1
112950,0.0056138268,0.0006202863,1
112952,0.0033709628,0.0006202863,1
112954,0.0033709628,0.0006202863,1
112957,0.0033709628,0.0006202863,1
112960,0.0013311061,0.0006202863,1
112961,0.0266451994,0.0006202863,1
112970,0.0121242949,0.0006202863,1
112976,0.0082825866,0.0006202863,1
112978,0.0082825866,0.0006202863,1
112986,0.0136378273,0.0006202863,1
112989,0.0011256650,0.0006202863,1
112998,0.0016517546,0.0006202863,1
113000,0.0085497379,0.0006202863,1
113001,0.0016517546,0.0006202863,1
113002,0.0016517546,0.0006202863,1
113005,0.0085900445,0.0006202863,1
113006,0.0085900445,0.0006202863,1
113007,0.0089776537,0.0006202863,1
113009,0.0028429667,0.0006202863,1
113010,0.0089776537,0.0006202863,1
113013,0.0089776537,0.0006202863,1
113020,0.0018425383,0.0006202863,1
113021,0.0667472741,0.0006202863,1
113022,0.0085497379,0.0006202863,1
113024,0.0107782368,0.0006202863,1
113025,0.0057398954,0.0006202863,1
113034,0.0007650475,0.0006202863,1
113037,0.0076767600,0.0006202863,1
113041,0.0075202599,0.0006202863,1
113043,0.0075202599,0.0006202863,1
113044,0.0075202599,0.0006202863,1
113071,0.0069049211,0.0006202863,1
113074,0.0008189025,0.0006202863,1
113092,0.0093274016,0.0006202863,1
113095,0.0088856436,0.0006202863,1
113099,0.0088856436,0.0006202863,1
113101,0.0088856436,0.0006202863,1
113113,0.0101698043,0.0006202863,1
113125,0.0054739520,0.0006202863,1
113126,0.0082739711,0.0006202863,1
113128,0.0082739711,0.0006202863,1
113129,0.0008613238,0.0006202863,1
113144,0.0009861333,0.0006202863,1
113147,0.0009480449,0.0006202863,1
113149,0.0169670442,0.0006202863,1
113151,0.0089935289,0.0006202863,1
113152,0.0089935289,0.0006202863,1
113154,0.0089935289,0.0006202863,1
113157,0.0089935289,0.0006202863,1
113188,0.0033709628,0.0006202863,1
113189,0.0033709628,0.0006202863,1
113191,0.0033709628,0.0006202863,1
113192,0.0033709628,0.0006202863,1
113206,0.0006907384,0.0006202863,1
113208,0.0006907384,0.0006202863,1
113212,0.0178071620,0.0006202863,1
113216,0.0010352888,0.0006202863,1
113217,0.0010352888,0.0006202863,1
113218,0.0010352888,0.0006202863,1
113219,0.0010352888,0.0006202863,1
113225,0.0188710535,0.0006202863,1
113240,0.0090755461,0.0006202863,1
113244,0.0006982654,0.0006202863,1
113247,0.0025800065,0.0006202863,1
113254,0.0019585345,0.0006202863,1
113264,0.0006643337,0.0006202863,1
113274,0.0046531353,0.0006202863,1
113279,0.0046531353,0.0006202863,1
113287,0.0046531353,0.0006202863,1
113313,0.0065452883,0.0006202863,1
113320,0.0065452883,0.0006202863,1
113334,0.0011962023,0.0006202863,1
113336,0.0024882660,0.0006202863,1
113340,0.0013976284,0.0006202863,1
113344,0.0016878144,0.0006202863,1
113347,0.0016878144,0.0006202863,1
113348,0.0016878114,0.0006202863,1
113349,0.0016878114,0.0006202863,1
113352,0.0016878114,0.0006202863,1
113353,0.0016878114,0.0006202863,1
113355,0.0016878153,0.0006202863,1
113356,0.0016878153,0.0006202863,1
113357,0.0016878153,0.0006202863,1
113359,0.0016878153,0.0006202863,1
113361,0.0016878153,0.0006202863,1
113362,0.0216985896,0.0006202863,1
113371,0.0013074718,0.0006202863,1
113374,0.0006814063,0.0006202863,1
113388,0.0055415305,0.0006202863,1
113404,0.0037642193,0.0006202863,1
113412,0.0055415305,0.0006202863,1
113433,0.0215927816,0.0006202863,1
113435,0.0018969083,0.0006202863,1
113443,0.0183543234,0.0006202863,1
113450,0.0050136149,0.0006202863,1
113469,0.0092445080,0.0006202863,1
113477,0.0038858459,0.0006202863,1
113479,0.0064498615,0.0006202863,1
113482,0.0032783161,0.0006202863,1
113493,0.0088328368,0.0006202863,1
113495,0.0042675916,0.0006202863,1
113504,0.0091394790,0.0006202863,1
113505,0.0052845903,0.0006202863,1
113507,0.0091394790,0.0006202863,1
113533,0.0277545517,0.0006202863,1
113538,0.0009427788,0.0006202863,1
113548,0.0007122431,0.0006202863,1
113555,0.0007102930,0.0006202863,1
113573,0.0151648745,0.0006202863,1
113580,0.0016877362,0.0006202863,0
113582,0.0016877362,0.0006202863,0
113584,0.0016877362,0.0006202863,0
113585,0.0016877362,0.0006202863,0
113611,0.0071730653,0.0006202863,1
113630,0.0009234910,0.0006202863,1
113639,0.0079050233,0.0006202863,1
113654,0.0012658784,0.0006202863,1
113661,0.0273408561,0.0006202863,1
113683,0.0189397695,0.0006202863,1
113690,0.0017702182,0.0006202863,1
113691,0.0018312992,0.0006202863,1
113709,0.0007223584,0.0006202863,1
113719,0.0101237141,0.0006202863,1
113721,0.0101237141,0.0006202863,1
113730,0.0071730653,0.0006202863,1
113731,0.0071730653,0.0006202863,1
113733,0.0071730653,0.0006202863,1
113738,0.0042582516,0.0006202863,1
113743,0.0017101754,0.0006202863,1
113761,0.0015096280,0.0006202863,1
113765,0.0023116023,0.0006202863,1
113782,0.0129863027,0.0006202863,1
113788,0.0006907384,0.0006202863,1
113790,0.0006907384,0.0006202863,1
113796,0.0006907384,0.0006202863,1
113797,0.0016935546,0.0006202863,1
113798,0.0006907384,0.0006202863,1
113799,0.0016935546,0.0006202863,1
113800,0.0016935546,0.0006202863,1
113801,0.0010352888,0.0006202863,1
113803,0.0010352888,0.0006202863,1
113804,0.0016935546,0.0006202863,1
113805,0.0010352888,0.0006202863,1
113807,0.0010352888,0.0006202863,1
113808,0.0010352888,0.0006202863,1
113828,0.0011326981,0.0006202863,1
113830,0.0018589474,0.0006202863,1
113831,0.0068270411,0.0006202863,1
113847,0.0016877362,0.0006202863,0
113849,0.0016877362,0.0006202863,0
113852,0.0016877362,0.0006202863,0
113853,0.0016877362,0.0006202863,0
113906,0.0006915685,0.0006202863,1
113920,0.0275600729,0.0006202863,1
113929,0.0028675143,0.0006202863,1
113936,0.0202323478,0.0006202863,1
113939,0.0008576453,0.0006202863,1
113940,0.0008576453,0.0006202863,1
113945,0.0008576453,0.0006202863,1
113948,0.0008576453,0.0006202863,1
113951,0.0020331655,0.0006202863,1
113975,0.0189878684,0.0006202863,1
113981,0.0112692451,0.0006202863,1
113994,0.0016877362,0.0006202863,0
113996,0.0016877362,0.0006202863,0
113999,0.0191080779,0.0006202863,1
114001,0.0016877362,0.0006202863,0
114003,0.0016877362,0.0006202863,0
114004,0.0006754323,0.0006202863,1
114011,0.0006907384,0.0006202863,1
114015,0.0006978083,0.0006202863,1
114017,0.0006907384,0.0006202863,1
114032,0.0181260961,0.0006202863,1
114036,0.0009064986,0.0006202863,1
114040,0.0016877362,0.0006202863,0
114041,0.0016877362,0.0006202863,0
114043,0.0262188847,0.0006202863,1
114044,0.0006907384,0.0006202863,1
114070,0.0010352888,0.0006202863,1
114072,0.0010352888,0.0006202863,1
114074,0.0183543234,0.0006202863,1
114075,0.0010352888,0.0006202863,1
114083,0.0006455373,0.0006202863,1
114094,0.0031109385,0.0006202863,1
114114,0.0053989414,0.0006202863,1
114116,0.0068377227,0.0006202863,1
114118,0.0010365359,0.0006202863,1
114120,0.0185220427,0.0006202863,1
114123,0.0066232783,0.0006202863,1
114124,0.0040221716,0.0006202863,1
114161,0.0008072253,0.0006202863,1
114164,0.0209251075,0.0006202863,1
114194,0.0009034492,0.0006202863,1
114216,0.0007223584,0.0006202863,1
114217,0.0192484878,0.0006202863,1
114220,0.0008816939,0.0006202863,1
114232,0.0006890083,0.0006202863,1
114234,0.0308763797,0.0006202863,1
114237,0.0013976284,0.0006202863,1
114240,0.0101237141,0.0006202863,1
114241,0.0030540921,0.0006202863,1
114252,0.0101237141,0.0006202863,1
114253,0.0101237141,0.0006202863,1
114256,0.0018835724,0.0006202863,1
114292,0.0006369610,0.0006202863,1
114294,0.0014148354,0.0006202863,1
114296,0.0014148354,0.0006202863,1
114303,0.0255205342,0.0006202863,1
114304,0.0098629471,0.0006202863,1
114317,0.0071730653,0.0006202863,1
114319,0.0071730653,0.0006202863,1
114324,0.0027922872,0.0006202863,1
114339,0.0016877362,0.0006202863,0
114340,0.0016877362,0.0006202863,0
114341,0.0056756975,0.0006202863,0
114342,0.0056756562,0.0006202863,0
114344,0.0056756975,0.0006202863,0
114345,0.0056756562,0.0006202863,0
114350,0.0033709628,0.0006202863,1
114356,0.0033709628,0.0006202863,1
114363,0.0023957710,0.0006202863,1
114388,0.0025384389,0.0006202863,1
114391,0.0044323951,0.0006202863,1
114463,0.0137358644,0.0006202863,1
114470,0.0012901241,0.0006202863,1
114486,0.0079123507,0.0006202863,1
114539,0.0085497379,0.0006202863,1
114548,0.0085497379,0.0006202863,1
114550,0.0007429307,0.0006202863,1
114556,0.0180338081,0.0006202863,1
114560,0.0006907384,0.0006202863,1
114564,0.0006907384,0.0006202863,1
114566,0.0006907384,0.0006202863,1
114584,0.0050136149,0.0006202863,1
114630,0.0009606653,0.0006202863,1
114642,0.0025578056,0.0006202863,1
114649,0.0018944746,0.0006202863,1
114656,0.0049306736,0.0006202863,1
114658,0.0009966574,0.0006202863,1
114680,0.0016877362,0.0006202863,0
114681,0.0016877362,0.0006202863,0
114684,0.0016877362,0.0006202863,0
114685,0.0016877362,0.0006202863,0
114688,0.0056909939,0.0006202863,0
114689,0.0056909939,0.0006202863,0
114691,0.0056909939,0.0006202863,0
114693,0.0056909939,0.0006202863,0
114707,0.0033458708,0.0006202863,1
114747,0.0044537592,0.0006202863,1
114784,0.0010352888,0.0006202863,1
114791,0.0010352888,0.0006202863,1
114798,0.0010352888,0.0006202863,1
114845,0.0015445441,0.0006202863,1
114894,0.0007694493,0.0006202863,1
114897,0.0007694493,0.0006202863,1
114903,0.0007694493,0.0006202863,1
114904,0.0009205292,0.0006202863,1
114919,0.0091394790,0.0006202863,1
114925,0.0452877092,0.0006202863,1
114934,0.0011945256,0.0006202863,1
114940,0.0089824438,0.0006202863,1
114943,0.0055585019,0.0006202863,1
114944,0.0091394790,0.0006202863,1
114949,0.0011084187,0.0006202863,1
114969,0.0008576453,0.0006202863,1
114984,0.0010637225,0.0006202863,1
115162,0.0016877362,0.0006202863,0
115163,0.0016877362,0.0006202863,0
115164,0.0016877362,0.0006202863,0
115168,0.0006923803,0.0006202863,1
115169,0.0016877362,0.0006202863,0
115183,0.0006880826,0.0006202863,1
115202,0.0006327177,0.0006202863,1
115212,0.0010587932,0.0006202863,1
115219,0.0174289253,0.0006202863,1
115226,0.0033709628,0.0006202863,1
115230,0.0033709628,0.0006202863,1
115233,0.0058035252,0.0006202863,1
115234,0.0058035252,0.0006202863,1
115260,0.0008576453,0.0006202863,1
115267,0.0008576453,0.0006202863,1
115307,0.0016877362,0.0006202863,0
115308,0.0016877362,0.0006202863,0
115311,0.0016877362,0.0006202863,0
115312,0.0016877362,0.0006202863,0
115327,0.0016877362,0.0006202863,0
115330,0.0016877362,0.0006202863,0
115331,0.0016877362,0.0006202863,0
115332,0.0016877362,0.0006202863,0
115344,0.0008186637,0.0006202863,1
115366,0.0006245013,0.0006202863,1
115380,0.0052418317,0.0006202863,1
115395,0.0015096280,0.0006202863,1
115407,0.0071730653,0.0006202863,1
115415,0.0142954620,0.0006202863,1
115468,0.0044323951,0.0006202863,1
115485,0.0034181931,0.0006202863,1
115490,0.0041996205,0.0006202863,1
115491,0.0019963740,0.0006202863,1
115492,0.0041996205,0.0006202863,1
115499,0.0206542784,0.0006202863,1
115544,0.0006907384,0.0006202863,1
115546,0.0006907384,0.0006202863,1
115553,0.0006875652,0.0006202863,1
115555,0.0180195837,0.0006202863,1
115556,0.0006875652,0.0006202863,1
115571,0.0100792299,0.0006202863,1
115575,0.0006907384,0.0006202863,1
115579,0.0006907384,0.0006202863,1
115590,0.0016877362,0.0006202863,0
115591,0.0016877362,0.0006202863,0
115594,0.0016877362,0.0006202863,0
115595,0.0016877362,0.0006202863,0
115597,0.0056755676,0.0006202863,0
115600,0.0056754981,0.0006202863,0
115601,0.0056755676,0.0006202863,0
115602,0.0056754981,0.0006202863,0
115633,0.0024352236,0.0006202863,1
115646,0.0016877362,0.0006202863,0
115647,0.0092269458,0.0006202863,1
115648,0.0016877362,0.0006202863,0
115649,0.0016877362,0.0006202863,0
115651,0.0016877362,0.0006202863,0
115654,0.0048808197,0.0006202863,1
115669,0.0037287252,0.0006202863,1
115688,0.0008107173,0.0006202863,1
115707,0.0319540243,0.0006202863,1
115709,0.0015615068,0.0006202863,1
115713,0.0095142028,0.0006202863,1
115715,0.0006438776,0.0006202863,1
115716,0.0010462998,0.0006202863,1
115719,0.0010462998,0.0006202863,1
115720,0.0014379684,0.0006202863,1
115722,0.0092396182,0.0006202863,1
115727,0.0016877362,0.0006202863,0
115728,0.0016877362,0.0006202863,0
115730,0.0016877362,0.0006202863,0
115731,0.0016877362,0.0006202863,0
115733,0.0056753076,0.0006202863,0
115734,0.0056753076,0.0006202863,0
115737,0.0056753076,0.0006202863,0
115738,0.0056753076,0.0006202863,0
115741,0.0056772659,0.0006202863,0
115742,0.0056772659,0.0006202863,0
115744,0.0056772659,0.0006202863,0
115747,0.0056772659,0.0006202863,0
115778,0.0025800065,0.0006202863,1
115790,0.0006941310,0.0006202863,1
115802,0.0087170647,0.0006202863,1
115803,0.0010352888,0.0006202863,1
115805,0.0087170647,0.0006202863,1
115815,0.0035908477,0.0006202863,1
115817,0.0019083004,0.0006202863,1
115820,0.0006893055,0.0006202863,1
115826,0.0007346075,0.0006202863,1
115835,0.0016877362,0.0006202863,0
115836,0.0016877362,0.0006202863,0
115837,0.0016877362,0.0006202863,0
115840,0.0016877362,0.0006202863,0
115857,0.0007223584,0.0006202863,1
115863,0.0007223584,0.0006202863,1
115872,0.0008984033,0.0006202863,1
115877,0.0057323891,0.0006202863,1
115888,0.0041671505,0.0006202863,1
115889,0.0094201359,0.0006202863,1
115918,0.0101237141,0.0006202863,1
115928,0.0102031917,0.0006202863,1
115930,0.0093061602,0.0006202863,1
115932,0.0093061602,0.0006202863,1
115938,0.0093061602,0.0006202863,1
115940,0.0093061602,0.0006202863,1
115942,0.0093061602,0.0006202863,1
115951,0.0025800065,0.0006202863,1
115952,0.0016877362,0.0006202863,0
115953,0.0016877362,0.0006202863,0
115955,0.0016877362,0.0006202863,0
115956,0.0016877362,0.0006202863,0
115957,0.0056779186,0.0006202863,0
115960,0.0056779192,0.0006202863,0
115961,0.0056779186,0.0006202863,0
115963,0.0056779192,0.0006202863,0
115969,0.0092307882,0.0006202863,1
115974,0.0044262005,0.0006202863,1
115978,0.0060096753,0.0006202863,1
116007,0.0105076849,0.0006202863,1
116010,0.0165733190,0.0006202863,1
116025,0.0161206415,0.0006202863,1
116036,0.0640430140,0.0006202863,1
116046,0.0008601770,0.0006202863,1
116055,0.0044003066,0.0006202863,1
116062,0.0053622867,0.0006202863,1
116067,0.0010824555,0.0006202863,1
116074,0.0164815040,0.0006202863,1
116094,0.0016878077,0.0006202863,1
116096,0.0016878156,0.0006202863,1
116097,0.0016878156,0.0006202863,1
116100,0.0016878156,0.0006202863,1
116106,0.0016878156,0.0006202863,1
116112,0.0016878151,0.0006202863,1
116113,0.0016878151,0.0006202863,1
116114,0.0016878151,0.0006202863,1
116124,0.0161533391,0.0006202863,1
116131,0.0092582707,0.0006202863,1
116162,0.0006203439,0.0006202863,1
116178,0.0012383455,0.0006202863,1
116206,0.0009472534,0.0006202863,1
116251,0.0110260513,0.0006202863,1
116266,0.0049418047,0.0006202863,1
116285,0.0015338684,0.0006202863,1
116286,0.0037275767,0.0006202863,1
116305,0.0263018697,0.0006202863,1
116335,0.0007694493,0.0006202863,1
116339,0.0007694493,0.0006202863,1
116342,0.0007694493,0.0006202863,1
116369,0.0006777629,0.0006202863,1
116381,0.0007241024,0.0006202863,1
116435,0.0475806638,0.0006202863,1
116437,0.0180280985,0.0006202863,1
116480,0.0008229937,0.0006202863,1
116497,0.0071730653,0.0006202863,1
116503,0.0008752447,0.0006202863,1
116532,0.0006764673,0.0006202863,1
116542,0.0085497379,0.0006202863,1
116546,0.0006986421,0.0006202863,1
116554,0.0007975012,0.0006202863,1
116558,0.0009980499,0.0006202863,1
116563,0.0014065557,0.0006202863,1
116564,0.0016293072,0.0006202863,1
116565,0.0196690529,0.0006202863,1
116568,0.0037542153,0.0006202863,1
116571,0.0245174602,0.0006202863,1
116573,0.0031633919,0.0006202863,1
116575,0.0241271257,0.0006202863,1
116577,0.0026812610,0.0006202863,1
116600,0.0009348266,0.0006202863,1
116668,0.0029026877,0.0006202863,1
116670,0.0012833055,0.0006202863,1
116690,0.0060096753,0.0006202863,1
116699,0.0041671505,0.0006202863,1
116739,0.0007223584,0.0006202863,1
116777,0.0024756196,0.0006202863,1
116838,0.0117530738,0.0006202863,1
116844,0.0076272346,0.0006202863,1
116876,0.0013104329,0.0006202863,1
116881,0.0023842375,0.0006202863,1
116933,0.0016939198,0.0006202863,1
116943,0.0013976284,0.0006202863,1
116956,0.0018336599,0.0006202863,1
116961,0.0121162341,0.0006202863,1
116985,0.0092656425,0.0006202863,1
116997,0.0010365359,0.0006202863,1
117069,0.0205817433,0.0006202863,1
117108,0.0161537982,0.0006202863,1
117116,0.0009450652,0.0006202863,1
117140,0.0013832922,0.0006202863,1
117146,0.0006891494,0.0006202863,1
117162,0.0006573214,0.0006202863,1
117167,0.0007864008,0.0006202863,1
117174,0.0018589474,0.0006202863,1
117189,0.0006907384,0.0006202863,1
117190,0.0006907384,0.0006202863,1
117191,0.0006907384,0.0006202863,1
117195,0.0010352888,0.0006202863,1
117205,0.0341036085,0.0006202863,1
117210,0.0341036085,0.0006202863,1
117214,0.0341036085,0.0006202863,1
117262,0.0099330400,0.0006202863,1
117286,0.0026018283,0.0006202863,1
117314,0.0198927483,0.0006202863,1
117494,0.0341036085,0.0006202863,1
117501,0.0090885874,0.0006202863,1
117504,0.0008255719,0.0006202863,1
117517,0.0041390944,0.0006202863,1
117524,0.0090885874,0.0006202863,1
117528,0.0090885874,0.0006202863,1
117556,0.0018975002,0.0006202863,1
117558,0.0018975002,0.0006202863,1
117572,0.0009139848,0.0006202863,1
117574,0.0006515436,0.0006202863,1
117594,0.0074173122,0.0006202863,1
117622,0.0008300356,0.0006202863,1
117629,0.0006215212,0.0006202863,1
117642,0.0016069193,0.0006202863,1
117656,0.0085497379,0.0006202863,1
117674,0.0009813723,0.0006202863,1
117688,0.0164815040,0.0006202863,1
117701,0.0046285313,0.0006202863,1
117730,0.0033709628,0.0006202863,1
117732,0.0033709628,0.0006202863,1
117734,0.0033709628,0.0006202863,1
117735,0.0033709628,0.0006202863,1
117737,0.0091040490,0.0006202863,1
117742,0.0022146735,0.0006202863,1
117744,0.0105920067,0.0006202863,1
117746,0.0105920067,0.0006202863,1
117747,0.0105920067,0.0006202863,1
117778,0.0008520917,0.0006202863,1
117788,0.0162618474,0.0006202863,1
117806,0.0091394790,0.0006202863,1
117809,0.0091394790,0.0006202863,1
117866,0.0087812866,0.0006202863,1
117872,0.0087812866,0.0006202863,1
117981,0.0007107567,0.0006202863,1
117988,0.0105188542,0.0006202863,1
117994,0.0018975002,0.0006202863,1
117996,0.0018975002,0.0006202863,1
117999,0.0018975002,0.0006202863,1
118003,0.0007694493,0.0006202863,1
118004,0.0007694493,0.0006202863,1
118008,0.0018975002,0.0006202863,1
118010,0.0033709628,0.0006202863,1
118043,0.0027955631,0.0006202863,1
118044,0.0010219893,0.0006202863,1
118057,0.0026170264,0.0006202863,1
118070,0.0157719240,0.0006202863,1
118079,0.0006870482,0.0006202863,1
118091,0.0009209684,0.0006202863,1
118094,0.0007529962,0.0006202863,1
118096,0.0007529962,0.0006202863,1
118098,0.0007529962,0.0006202863,1
118125,0.0018975002,0.0006202863,1
118127,0.0007694493,0.0006202863,1
118129,0.0018975002,0.0006202863,1
118130,0.0007694493,0.0006202863,1
118146,0.0025505051,0.0006202863,1
118147,0.0010566237,0.0006202863,1
118166,0.0696420546,0.0006202863,1
118174,0.0341036085,0.0006202863,1
118186,0.0026170264,0.0006202863,1
118189,0.0026170264,0.0006202863,1
118190,0.0341036085,0.0006202863,1
118191,0.0341036085,0.0006202863,1
118192,0.0038005501,0.0006202863,1
118205,0.0091143374,0.0006202863,1
118206,0.0091143374,0.0006202863,1
118211,0.0091143374,0.0006202863,1
118228,0.0167732051,0.0006202863,1
118250,0.0008613238,0.0006202863,1
118254,0.0012785356,0.0006202863,1
118262,0.0091394790,0.0006202863,1
118263,0.0087812866,0.0006202863,1
118267,0.0087812866,0.0006202863,1
118285,0.0179174540,0.0006202863,1
118286,0.0007694493,0.0006202863,1
118287,0.0007694493,0.0006202863,1
118289,0.0007694493,0.0006202863,1
118348,0.0007777420,0.0006202863,1
118365,0.0091766929,0.0006202863,1
118371,0.0091766929,0.0006202863,1
118376,0.0091766929,0.0006202863,1
118402,0.0068270411,0.0006202863,1
118412,0.0012356065,0.0006202863,1
118440,0.0013976284,0.0006202863,1
118453,0.0014657610,0.0006202863,1
118525,0.0008613238,0.0006202863,1
118526,0.0182993110,0.0006202863,1
118578,0.0011959219,0.0006202863,1
118616,0.0015591411,0.0006202863,1
118633,0.0105920067,0.0006202863,1
118635,0.0105920067,0.0006202863,1
118638,0.0105920067,0.0006202863,1
118641,0.0105920067,0.0006202863,1
118652,0.0048425142,0.0006202863,1
118670,0.0008613238,0.0006202863,1
118678,0.0026170264,0.0006202863,1
118680,0.0026170264,0.0006202863,1
118681,0.0026170264,0.0006202863,1
118690,0.0007516512,0.0006202863,1
118694,0.0024475964,0.0006202863,1
118697,0.0010393085,0.0006202863,1
118701,0.0019390730,0.0006202863,1
118706,0.0091143374,0.0006202863,1
118708,0.0034754812,0.0006202863,1
118711,0.0090885874,0.0006202863,1
118714,0.0091143374,0.0006202863,1
118715,0.0055553656,0.0006202863,1
118723,0.0008202524,0.0006202863,1
118729,0.0087812866,0.0006202863,1
118732,0.0087812866,0.0006202863,1
118734,0.0090885874,0.0006202863,1
118737,0.0090885874,0.0006202863,1
118741,0.0007772014,0.0006202863,1
118742,0.0008028444,0.0006202863,1
118749,0.0007529962,0.0006202863,1
118752,0.0006745499,0.0006202863,1
118759,0.0008576453,0.0006202863,1
118763,0.0064570198,0.0006202863,1
118768,0.0165058410,0.0006202863,1
118769,0.0008576453,0.0006202863,1
118770,0.0008576453,0.0006202863,1
118771,0.0008576453,0.0006202863,1
118776,0.0008576453,0.0006202863,1
118777,0.0054460088,0.0006202863,1
118778,0.0008576453,0.0006202863,1
118781,0.0008576453,0.0006202863,1
118783,0.0093430367,0.0006202863,1
118809,0.0047071022,0.0006202863,1
118815,0.0026170264,0.0006202863,1
118817,0.0026170264,0.0006202863,1
118818,0.0026170264,0.0006202863,1
118822,0.0026170264,0.0006202863,1
118826,0.0020437320,0.0006202863,1
118854,0.0091143374,0.0006202863,1
118855,0.0091143374,0.0006202863,1
118863,0.0006422226,0.0006202863,1
118873,0.0077854298,0.0006202863,1
118937,0.0012059837,0.0006202863,1
118977,0.0091766929,0.0006202863,1
119049,0.0091766929,0.0006202863,1
119055,0.0091766929,0.0006202863,1
119121,0.0079778744,0.0006202863,1
119191,0.0081034131,0.0006202863,1
119246,0.0014476933,0.0006202863,1
119264,0.0007051826,0.0006202863,1
119324,0.0038664215,0.0006202863,1
119422,0.0017231946,0.0006202863,1
119430,0.0026812610,0.0006202863,1
119432,0.0008647820,0.0006202863,1
119437,0.0285038104,0.0006202863,1
119445,0.0006652307,0.0006202863,1
119447,0.0013976284,0.0006202863,1
119465,0.0562405126,0.0006202863,1
119489,0.0105920067,0.0006202863,1
119539,0.0254701804,0.0006202863,1
119540,0.0012802551,0.0006202863,1
119546,0.0007529962,0.0006202863,1
119548,0.0007529962,0.0006202863,1
119572,0.0017451535,0.0006202863,1
119589,0.0045393027,0.0006202863,1
119608,0.0093437057,0.0006202863,1
119609,0.0093437057,0.0006202863,1
119622,0.0309371623,0.0006202863,1
119624,0.0281773842,0.0006202863,1
119634,0.0093437057,0.0006202863,1
119635,0.0093437057,0.0006202863,1
119636,0.0093437057,0.0006202863,1
119646,0.0341036085,0.0006202863,1
119648,0.0341036085,0.0006202863,1
119697,0.0223017202,0.0006202863,1
119700,0.0341036085,0.0006202863,1
119705,0.0341036085,0.0006202863,1
119721,0.0037726068,0.0006202863,1
119757,0.0091766929,0.0006202863,1
119796,0.0341036085,0.0006202863,1
119801,0.0091766929,0.0006202863,1
119807,0.0091766929,0.0006202863,1
119813,0.0091766929,0.0006202863,1
120096,0.0075903945,0.0006202863,1
120147,0.0008613238,0.0006202863,1
120228,0.0808053826,0.0006202863,1
120243,0.0091766929,0.0006202863,1
120275,0.0009663978,0.0006202863,1
120280,0.0198936739,0.0006202863,1
120295,0.0290922377,0.0006202863,1
120296,0.0091766929,0.0006202863,1
120300,0.0006857624,0.0006202863,1
120303,0.0091766929,0.0006202863,1
120307,0.0091766929,0.0006202863,1
120353,0.0012841366,0.0006202863,1
120354,0.0053717729,0.0006202863,1
120360,0.0157719240,0.0006202863,1
120409,0.0055078876,0.0006202863,1
120410,0.0341036085,0.0006202863,1
120420,0.0157719240,0.0006202863,1
120431,0.0341036085,0.0006202863,1
120433,0.0018975002,0.0006202863,1
120434,0.0341036085,0.0006202863,1
120435,0.0060747777,0.0006202863,1
120436,0.0018975002,0.0006202863,1
120438,0.0341036085,0.0006202863,1
120439,0.0008810076,0.0006202863,1
120441,0.0341036085,0.0006202863,1
120448,0.0195061268,0.0006202863,1
120455,0.0341036085,0.0006202863,1
120462,0.0007119139,0.0006202863,1
120468,0.0011302322,0.0006202863,1
120472,0.0014474733,0.0006202863,1
120480,0.0341036085,0.0006202863,1
120488,0.0008590620,0.0006202863,1
120489,0.0049968004,0.0006202863,1
120503,0.0011424021,0.0006202863,1
120518,0.0031881989,0.0006202863,1
120520,0.0031881989,0.0006202863,1
120545,0.0081708161,0.0006202863,1
120547,0.0006275279,0.0006202863,1
120553,0.0057628076,0.0006202863,1
120556,0.0321469511,0.0006202863,1
120559,0.0007595397,0.0006202863,1
120577,0.0029911119,0.0006202863,1
120579,0.0029911119,0.0006202863,1
120581,0.0029911119,0.0006202863,1
120582,0.0029911119,0.0006202863,1
120594,0.0025528640,0.0006202863,1
120617,0.0313553423,0.0006202863,1
120619,0.0009376354,0.0006202863,1
120627,0.0029588440,0.0006202863,1
120679,0.0077546647,0.0006202863,1
120690,0.0007409541,0.0006202863,1
120691,0.0308290567,0.0006202863,1
120730,0.0027074368,0.0006202863,1
120768,0.0162211106,0.0006202863,1
120878,0.0006984902,0.0006202863,1
120882,0.0006984902,0.0006202863,1
120887,0.0006984902,0.0006202863,1
120893,0.0006984902,0.0006202863,1
120911,0.0096773329,0.0006202863,1
120936,0.0147847718,0.0006202863,1
120941,0.0009472534,0.0006202863,1
120946,0.0006889383,0.0006202863,1
120953,0.0017295530,0.0006202863,1
120962,0.0007185575,0.0006202863,1
120964,0.0006664952,0.0006202863,1
120983,0.0095934417,0.0006202863,1
120998,0.0011467432,0.0006202863,1
121020,0.0012204237,0.0006202863,1
121027,0.0064119600,0.0006202863,1
121031,0.0035752760,0.0006202863,1
121032,0.0012218296,0.0006202863,1
121036,0.0033388958,0.0006202863,1
121042,0.0007804761,0.0006202863,1
121047,0.0008092242,0.0006202863,1
121051,0.0008701079,0.0006202863,1
121052,0.0044159685,0.0006202863,1
121055,0.0007999539,0.0006202863,1
121058,0.0007999539,0.0006202863,1
121062,0.0007999539,0.0006202863,1
121066,0.0092870360,0.0006202863,1
121070,0.0092870360,0.0006202863,1
121074,0.0008254748,0.0006202863,1
121075,0.0092870360,0.0006202863,1
121078,0.0092870360,0.0006202863,1
121082,0.0092870360,0.0006202863,1
121089,0.0006390298,0.0006202863,1
121093,0.0672224381,0.0006202863,1
121100,0.0140799803,0.0006202863,1
121105,0.0090183610,0.0006202863,1
121110,0.0631407984,0.0006202863,1
121113,0.0012335411,0.0006202863,1
121123,0.0014677429,0.0006202863,1
121124,0.0013976284,0.0006202863,1
121129,0.0009234910,0.0006202863,1
121160,0.0303343723,0.0006202863,1
121168,0.0009348266,0.0006202863,1
121182,0.0031909668,0.0006202863,1
121227,0.0035907884,0.0006202863,1
121251,0.0018975002,0.0006202863,1
121255,0.0018975002,0.0006202863,1
121289,0.0018975002,0.0006202863,1
121323,0.0059789642,0.0006202863,1
121346,0.0135134558,0.0006202863,1
121349,0.0135134558,0.0006202863,1
121355,0.0099056673,0.0006202863,1
121365,0.0087812866,0.0006202863,1
121371,0.0006843876,0.0006202863,1
121375,0.0137776558,0.0006202863,1
121382,0.0068220594,0.0006202863,1
121398,0.0044580953,0.0006202863,1
121401,0.0098670633,0.0006202863,1
121411,0.0048109948,0.0006202863,1
121425,0.0013073086,0.0006202863,1
121475,0.0054460088,0.0006202863,1
121490,0.0090704795,0.0006202863,1
121491,0.0058539560,0.0006202863,1
121492,0.0090704795,0.0006202863,1
121494,0.0090704795,0.0006202863,1
121498,0.0031826930,0.0006202863,1
121504,0.0039647108,0.0006202863,1
121554,0.0093314298,0.0006202863,1
121555,0.0057684343,0.0006202863,1
121557,0.0093314298,0.0006202863,1
121561,0.0093314298,0.0006202863,1
121562,0.0011236613,0.0006202863,1
121565,0.0093314298,0.0006202863,1
121570,0.0093314298,0.0006202863,1
121594,0.0009361648,0.0006202863,1
121606,0.0010278728,0.0006202863,1
121610,0.0010153607,0.0006202863,1
121622,0.0026170264,0.0006202863,1
121628,0.0026170264,0.0006202863,1
121650,0.0091143374,0.0006202863,1
121653,0.0091143374,0.0006202863,1
121657,0.0091143374,0.0006202863,1
121662,0.0105920067,0.0006202863,1
121665,0.0105920067,0.0006202863,1
121685,0.0105920067,0.0006202863,1
121702,0.0091143374,0.0006202863,1
121726,0.0006607176,0.0006202863,1
121738,0.0010738218,0.0006202863,1
121740,0.0162211106,0.0006202863,1
121742,0.0013976284,0.0006202863,1
121753,0.0180998348,0.0006202863,1
121820,0.0007444651,0.0006202863,1
121923,0.0060978785,0.0006202863,1
121930,0.0060978785,0.0006202863,1
121980,0.0009416467,0.0006202863,1
122027,0.0029916784,0.0006202863,1
122063,0.0095934417,0.0006202863,1
122074,0.0031957241,0.0006202863,1
122119,0.0010594985,0.0006202863,1
122133,0.0044875584,0.0006202863,1
122161,0.0007999539,0.0006202863,1
122168,0.0025119595,0.0006202863,1
122170,0.0007999539,0.0006202863,1
122173,0.0068944625,0.0006202863,1
122176,0.0007999539,0.0006202863,1
122182,0.0092870360,0.0006202863,1
122184,0.0044110393,0.0006202863,1
122189,0.0092870360,0.0006202863,1
122208,0.0011666774,0.0006202863,1
122226,0.0087812866,0.0006202863,1
122234,0.0087812866,0.0006202863,1
122238,0.0011843091,0.0006202863,1
122246,0.0010706439,0.0006202863,1
122271,0.0090704795,0.0006202863,1
122272,0.0007529962,0.0006202863,1
122274,0.0090704795,0.0006202863,1
122275,0.0007529962,0.0006202863,1
122277,0.0090704795,0.0006202863,1
122278,0.0007529962,0.0006202863,1
122279,0.0090704795,0.0006202863,1
122280,0.0007529962,0.0006202863,1
122322,0.0008316362,0.0006202863,1
122378,0.0167123895,0.0006202863,1
122410,0.0018334595,0.0006202863,1
122417,0.0027257961,0.0006202863,1
122435,0.0093314298,0.0006202863,1
122511,0.0032676791,0.0006202863,1
122532,0.0006974795,0.0006202863,1
122577,0.0007599571,0.0006202863,1
122597,0.0126555849,0.0006202863,1
122645,0.0048109948,0.0006202863,1
122650,0.0083252457,0.0006202863,1
122657,0.0083252457,0.0006202863,1
122667,0.0008613238,0.0006202863,1
122691,0.0033151844,0.0006202863,1
122699,0.0007454693,0.0006202863,1
122724,0.0058469039,0.0006202863,1
122739,0.0016878146,0.0006202863,1
122746,0.0016878146,0.0006202863,1
122757,0.0016878146,0.0006202863,1
122763,0.0016878146,0.0006202863,1
122770,0.0016878154,0.0006202863,1
122776,0.0016878154,0.0006202863,1
122783,0.0016878087,0.0006202863,1
122790,0.0016878087,0.0006202863,1
122797,0.0016878087,0.0006202863,1
122802,0.0016878087,0.0006202863,1
122807,0.0006896720,0.0006202863,1
122809,0.0016878087,0.0006202863,1
122844,0.0105920067,0.0006202863,1
122846,0.0093314298,0.0006202863,1
122852,0.0093314298,0.0006202863,1
122858,0.0052166470,0.0006202863,1
122864,0.0008342589,0.0006202863,1
122895,0.0055626622,0.0006202863,1
122899,0.0018337326,0.0006202863,1
122922,0.0006937952,0.0006202863,1
122974,0.0079778744,0.0006202863,1
123010,0.0011273417,0.0006202863,1
123023,0.0355161742,0.0006202863,1
123035,0.0006994299,0.0006202863,1
123046,0.0020471191,0.0006202863,1
123101,0.0084184385,0.0006202863,1
123115,0.0013976284,0.0006202863,1
123134,0.0013976284,0.0006202863,1
123142,0.0026170264,0.0006202863,1
123149,0.0026170264,0.0006202863,1
123171,0.0029911119,0.0006202863,1
123177,0.0029911119,0.0006202863,1
123183,0.0029911119,0.0006202863,1
123226,0.0091143374,0.0006202863,1
123264,0.0013976284,0.0006202863,1
123338,0.0031567127,0.0006202863,1
123412,0.0184882077,0.0006202863,1
123446,0.0044263021,0.0006202863,1
123467,0.0006928741,0.0006202863,1
123483,0.0013976284,0.0006202863,1
123505,0.0008613238,0.0006202863,1
123517,0.0101454698,0.0006202863,1
123530,0.0016878146,0.0006202863,1
123531,0.0162211106,0.0006202863,1
123537,0.0016878146,0.0006202863,1
123543,0.0016878146,0.0006202863,1
123547,0.0016878146,0.0006202863,1
123552,0.0016878146,0.0006202863,1
123558,0.0016878154,0.0006202863,1
123565,0.0016878154,0.0006202863,1
123568,0.0123191210,0.0006202863,1
123569,0.0016878154,0.0006202863,1
123579,0.0016878087,0.0006202863,1
123585,0.0006984902,0.0006202863,1
123586,0.0016878087,0.0006202863,1
123592,0.0016878087,0.0006202863,1
123598,0.0016878087,0.0006202863,1
123606,0.0104202884,0.0006202863,1
123643,0.0196487563,0.0006202863,1
123666,0.0008183644,0.0006202863,1
123671,0.0018337326,0.0006202863,1
123692,0.0022675179,0.0006202863,1
123727,0.0019440890,0.0006202863,1
123740,0.0006588550,0.0006202863,1
123746,0.0006884535,0.0006202863,1
123765,0.0011609483,0.0006202863,1
123767,0.0007669804,0.0006202863,1
123778,0.0027939829,0.0006202863,1
123800,0.0071910123,0.0006202863,1
123836,0.0009192461,0.0006202863,1
123842,0.0014012175,0.0006202863,1
123857,0.0043325036,0.0006202863,1
123864,0.0087032286,0.0006202863,1
123872,0.0181286039,0.0006202863,1
123912,0.0007999539,0.0006202863,1
123919,0.0092870360,0.0006202863,1
123926,0.0092870360,0.0006202863,1
123940,0.0049732876,0.0006202863,1
123963,0.0269369269,0.0006202863,1
123968,0.0007792360,0.0006202863,1
124038,0.0105920067,0.0006202863,1
124040,0.0090704795,0.0006202863,1
124045,0.0105920067,0.0006202863,1
124047,0.0090704795,0.0006202863,1
124063,0.0088405174,0.0006202863,1
124066,0.0013976284,0.0006202863,1
124089,0.0070873353,0.0006202863,1
124132,0.0093314298,0.0006202863,1
124139,0.0093314298,0.0006202863,1
124159,0.0055626622,0.0006202863,1
124190,0.0011261083,0.0006202863,1
124208,0.0110726844,0.0006202863,1
124304,0.0006627359,0.0006202863,1
124311,0.0021965624,0.0006202863,1
124317,0.0007176662,0.0006202863,1
124337,0.0184703161,0.0006202863,1
124338,0.0084184385,0.0006202863,1
124358,0.0011366869,0.0006202863,1
124372,0.0007529962,0.0006202863,1
124378,0.0007529962,0.0006202863,1
124388,0.0302216918,0.0006202863,1
124443,0.0045881900,0.0006202863,1
124455,0.0013976284,0.0006202863,1
124477,0.0009193093,0.0006202863,1
124536,0.0060096753,0.0006202863,1
124563,0.0013976284,0.0006202863,1
124601,0.0180363124,0.0006202863,1
124635,0.0016878146,0.0006202863,1
124640,0.0016878146,0.0006202863,1
124646,0.0016878146,0.0006202863,1
124650,0.0016878154,0.0006202863,1
124656,0.0016878154,0.0006202863,1
124662,0.0016878087,0.0006202863,1
124668,0.0016878087,0.0006202863,1
124675,0.0016878087,0.0006202863,1
124702,0.0007543470,0.0006202863,1
124750,0.0054343957,0.0006202863,1
124760,0.0061281180,0.0006202863,1
124775,0.0018337326,0.0006202863,1
124815,0.0068193541,0.0006202863,1
124827,0.0091425689,0.0006202863,1
124834,0.0040397096,0.0006202863,1
124840,0.0185289692,0.0006202863,1
124966,0.0010643308,0.0006202863,1
125114,0.0008064023,0.0006202863,1
125147,0.0124215652,0.0006202863,1
125153,0.0023419327,0.0006202863,1
125200,0.0106246517,0.0006202863,1
125264,0.0008028444,0.0006202863,1
125315,0.0186306478,0.0006202863,1
125335,0.0107234854,0.0006202863,1
125336,0.0018395335,0.0006202863,1
125348,0.0048731191,0.0006202863,1
125405,0.0041027771,0.0006202863,1
125444,0.0042066745,0.0006202863,1
125510,0.0093437057,0.0006202863,1
125550,0.0093437057,0.0006202863,1
125554,0.0093437057,0.0006202863,1
125562,0.0093437057,0.0006202863,1
125662,0.0007529962,0.0006202863,1
125667,0.0073849296,0.0006202863,1
125693,0.0009975252,0.0006202863,1
125703,0.0093437057,0.0006202863,1
125712,0.0093437057,0.0006202863,1
125844,0.0007705593,0.0006202863,1
126006,0.0175072239,0.0006202863,1
126088,0.0007364380,0.0006202863,1
126109,0.0035633956,0.0006202863,1
126118,0.0019969313,0.0006202863,1
126134,0.0080310190,0.0006202863,1
126178,0.0091766929,0.0006202863,1
126207,0.0061988402,0.0006202863,1
126298,0.0025894813,0.0006202863,1
126452,0.0013351722,0.0006202863,1
126463,0.0009263609,0.0006202863,1
126469,0.0031210968,0.0006202863,1
126470,0.0071393166,0.0006202863,1
126491,0.0044186453,0.0006202863,1
126565,0.0065913038,0.0006202863,1
126572,0.0065913038,0.0006202863,1
126586,0.0060096753,0.0006202863,1
126601,0.0090885874,0.0006202863,1
126608,0.0090885874,0.0006202863,1
126659,0.0021293172,0.0006202863,1
126688,0.0007529962,0.0006202863,1
126694,0.0007529962,0.0006202863,1
126733,0.0057628076,0.0006202863,1
126737,0.0006231582,0.0006202863,1
126809,0.0006862652,0.0006202863,1
126815,0.0007260726,0.0006202863,1
126892,0.0060096753,0.0006202863,1
126911,0.0008613238,0.0006202863,1
126992,0.0054343957,0.0006202863,1
126994,0.0026213870,0.0006202863,1
127075,0.0022146735,0.0006202863,1
127125,0.0007106472,0.0006202863,1
127194,0.0076932145,0.0006202863,1
127217,0.0060617173,0.0006202863,1
127224,0.0090885874,0.0006202863,1
127230,0.0090885874,0.0006202863,1
127275,0.0090885874,0.0006202863,1
127282,0.0090885874,0.0006202863,1
127288,0.0090885874,0.0006202863,1
127336,0.0011840329,0.0006202863,1
127384,0.0011402654,0.0006202863,1
127428,0.0611714821,0.0006202863,1
127516,0.0105920067,0.0006202863,1
127565,0.0105920067,0.0006202863,1
127573,0.0125296785,0.0006202863,1
127686,0.0013350575,0.0006202863,1
127716,0.0013507485,0.0006202863,1
127770,0.0059074765,0.0006202863,1
127776,0.0059074765,0.0006202863,1
127782,0.0059074765,0.0006202863,1
127799,0.0013976284,0.0006202863,1
127806,0.0052931513,0.0006202863,1
127878,0.0055078876,0.0006202863,1
127987,0.0056511126,0.0006202863,1
128002,0.0009153018,0.0006202863,1
128009,0.0071250450,0.0006202863,1
128079,0.0137714050,0.0006202863,1
128163,0.0127916467,0.0006202863,1
128170,0.0127916467,0.0006202863,1
128423,0.0009495541,0.0006202863,1
128432,0.0007308600,0.0006202863,1
128485,0.0033301639,0.0006202863,1
128543,0.0316586991,0.0006202863,1
128624,0.0007070321,0.0006202863,1
128667,0.0198725318,0.0006202863,1
128672,0.0185150675,0.0006202863,1
128678,0.0086952888,0.0006202863,1
128774,0.0045817365,0.0006202863,1
128804,0.0008843615,0.0006202863,1
128810,0.0006887572,0.0006202863,1
128842,0.0008872219,0.0006202863,1
128843,0.0049698794,0.0006202863,1
128848,0.0011635684,0.0006202863,1
128869,0.0008613238,0.0006202863,1
128885,0.0022020258,0.0006202863,1
128892,0.0144904264,0.0006202863,1
128899,0.0060096753,0.0006202863,1
128910,0.0007980500,0.0006202863,1
128913,0.0013976284,0.0006202863,1
128922,0.0006616167,0.0006202863,1
128934,0.0007659853,0.0006202863,1
129069,0.0006597443,0.0006202863,1
129089,0.0279156252,0.0006202863,1
129164,0.0050249670,0.0006202863,1
129227,0.0007273582,0.0006202863,1
129282,0.0167146341,0.0006202863,1
129318,0.0065913038,0.0006202863,1
129358,0.0008713488,0.0006202863,1
129374,0.0008613238,0.0006202863,1
129380,0.0060096753,0.0006202863,1
129444,0.0077458865,0.0006202863,1
129452,0.0103146993,0.0006202863,1
129461,0.0009386607,0.0006202863,1
129467,0.0120073885,0.0006202863,1
129480,0.0104932578,0.0006202863,1
129512,0.0012671525,0.0006202863,1
129531,0.0020722027,0.0006202863,1
129572,0.0186610282,0.0006202863,1
129629,0.0080880580,0.0006202863,1
129720,0.0029911119,0.0006202863,1
129725,0.0029911119,0.0006202863,1
129743,0.0159667249,0.0006202863,1
129887,0.0064570198,0.0006202863,1
130009,0.0006984902,0.0006202863,1
130025,0.0240560591,0.0006202863,1
130098,0.0313773991,0.0006202863,1
130100,0.0018975002,0.0006202863,1
130105,0.0093882273,0.0006202863,1
130106,0.0018975002,0.0006202863,1
130119,0.0060978785,0.0006202863,1
130145,0.0013151393,0.0006202863,1
130153,0.0095934417,0.0006202863,1
130172,0.0006945069,0.0006202863,1
130188,0.0018503025,0.0006202863,1
130195,0.0060538290,0.0006202863,1
130198,0.0020011395,0.0006202863,1
130252,0.0007999539,0.0006202863,1
130258,0.0007999539,0.0006202863,1
130268,0.0092870360,0.0006202863,1
130274,0.0092870360,0.0006202863,1
130284,0.0164101231,0.0006202863,1
130287,0.0044817767,0.0006202863,1
130304,0.0025800065,0.0006202863,1
130350,0.0057043283,0.0006202863,1
130358,0.0090704795,0.0006202863,1
130365,0.0008307394,0.0006202863,1
130371,0.0013737995,0.0006202863,1
130467,0.0137349234,0.0006202863,1
130526,0.0006701922,0.0006202863,1
130540,0.0093314298,0.0006202863,1
130549,0.0093314298,0.0006202863,1
130551,0.0009147691,0.0006202863,1
130558,0.0007657567,0.0006202863,1
130587,0.0024309925,0.0006202863,1
130597,0.0011938037,0.0006202863,1
130661,0.0010057592,0.0006202863,1
130726,0.0137714050,0.0006202863,1
130892,0.0223520838,0.0006202863,1
130898,0.0050148985,0.0006202863,1
130902,0.0009740845,0.0006202863,1
130917,0.0060096753,0.0006202863,1
130972,0.0025800065,0.0006202863,1
131005,0.0010444849,0.0006202863,1
131060,0.0029237909,0.0006202863,1
131075,0.0020862044,0.0006202863,1
131085,0.0095598959,0.0006202863,1
131196,0.0243141681,0.0006202863,1
131198,0.0043284052,0.0006202863,1
131227,0.0013976284,0.0006202863,1
131270,0.0059074765,0.0006202863,1
131276,0.0059074765,0.0006202863,1
131281,0.0059074765,0.0006202863,1
131349,0.0120783479,0.0006202863,1
131366,0.0022502137,0.0006202863,1
131374,0.0016878146,0.0006202863,1
131379,0.0016878146,0.0006202863,1
131383,0.0016878146,0.0006202863,1
131387,0.0016878146,0.0006202863,1
131392,0.0016878154,0.0006202863,1
131393,0.0007529962,0.0006202863,1
131394,0.0018337326,0.0006202863,1
131397,0.0007529962,0.0006202863,1
131398,0.0016878154,0.0006202863,1
131401,0.0007529962,0.0006202863,1
131402,0.0016878154,0.0006202863,1
131407,0.0016878087,0.0006202863,1
131421,0.0014933320,0.0006202863,1
131431,0.0007450862,0.0006202863,1
131450,0.0007529962,0.0006202863,1
131456,0.0007529962,0.0006202863,1
131508,0.0006674457,0.0006202863,1
131518,0.0010671353,0.0006202863,1
131526,0.0063063899,0.0006202863,1
131527,0.0088909350,0.0006202863,1
131567,0.0058458844,0.0006202863,1
131585,0.0087812866,0.0006202863,1
131589,0.0087812866,0.0006202863,1
131625,0.0037187778,0.0006202863,1
131631,0.0037187778,0.0006202863,1
131682,0.0036395340,0.0006202863,1
131724,0.0057283973,0.0006202863,1
131728,0.0057283973,0.0006202863,1
131732,0.0057283973,0.0006202863,1
131735,0.0057283973,0.0006202863,1
131782,0.0096248787,0.0006202863,1
131887,0.0085185053,0.0006202863,1
131888,0.0009606653,0.0006202863,1
131892,0.0010919197,0.0006202863,1
131896,0.0071250450,0.0006202863,1
131910,0.0017990740,0.0006202863,1
131927,0.0025754792,0.0006202863,1
131942,0.0108405802,0.0006202863,1
131966,0.0082913229,0.0006202863,1
131996,0.0045186974,0.0006202863,1
132085,0.0192112774,0.0006202863,1
132088,0.0051843705,0.0006202863,1
132191,0.0006313983,0.0006202863,1
132223,0.0137714050,0.0006202863,1
132267,0.0182008050,0.0006202863,1
132275,0.0008608891,0.0006202863,1
132327,0.0062483261,0.0006202863,1
132336,0.0285038104,0.0006202863,1
132377,0.0010577539,0.0006202863,1
132424,0.0007184242,0.0006202863,1
132440,0.0031878944,0.0006202863,1
132505,0.0141291981,0.0006202863,1
132689,0.0020912966,0.0006202863,1
132702,0.0014423864,0.0006202863,1
132817,0.0026170264,0.0006202863,1
132821,0.0107234854,0.0006202863,1
132882,0.0006809760,0.0006202863,1
132891,0.0049144839,0.0006202863,1
132906,0.0026170264,0.0006202863,1
132913,0.0006872337,0.0006202863,1
132971,0.0131210868,0.0006202863,1
133062,0.0006930367,0.0006202863,1
133103,0.0195562790,0.0006202863,1
133116,0.0007538981,0.0006202863,1
133123,0.0023312085,0.0006202863,1
133178,0.0020592958,0.0006202863,1
133184,0.0341036085,0.0006202863,1
133189,0.0341036085,0.0006202863,1
133196,0.0341036085,0.0006202863,1
133202,0.0341036085,0.0006202863,1
133205,0.0013976284,0.0006202863,1
133428,0.0011618653,0.0006202863,1
133433,0.0010235393,0.0006202863,1
133445,0.0198936739,0.0006202863,1
133537,0.0171798153,0.0006202863,1
133540,0.0016162348,0.0006202863,1
133572,0.0103530916,0.0006202863,1
133573,0.0009779796,0.0006202863,1
133589,0.0063560580,0.0006202863,1
133630,0.0059074765,0.0006202863,1
133637,0.0059074765,0.0006202863,1
133644,0.0007951278,0.0006202863,1
133648,0.0008863882,0.0006202863,1
133704,0.0138318660,0.0006202863,1
133729,0.0034395883,0.0006202863,1
133734,0.0006999346,0.0006202863,1
133735,0.0091143374,0.0006202863,1
133742,0.0033652970,0.0006202863,1
133773,0.0059074765,0.0006202863,1
133779,0.0059074765,0.0006202863,1
133787,0.0059074765,0.0006202863,1
133821,0.0224437513,0.0006202863,1
133842,0.0091766929,0.0006202863,1
133848,0.0091766929,0.0006202863,1
133854,0.0091766929,0.0006202863,1
133859,0.0091766929,0.0006202863,1
133895,0.0091143374,0.0006202863,1
133902,0.0091143374,0.0006202863,1
133974,0.0052245741,0.0006202863,1
134049,0.0010263902,0.0006202863,1
134074,0.0009420380,0.0006202863,1
134085,0.0080479496,0.0006202863,1
134092,0.0087812866,0.0006202863,1
134097,0.0087812866,0.0006202863,1
134102,0.0087812866,0.0006202863,1
134108,0.0087812866,0.0006202863,1
134114,0.0087812866,0.0006202863,1
134166,0.0032221867,0.0006202863,1
134240,0.0044554437,0.0006202863,1
134262,0.0154301685,0.0006202863,1
134290,0.0009352392,0.0006202863,1
134331,0.0052506902,0.0006202863,1
134380,0.0026170264,0.0006202863,1
134384,0.0026170264,0.0006202863,1
134394,0.0011938037,0.0006202863,1
134421,0.0026170264,0.0006202863,1
134432,0.0091143374,0.0006202863,1
134437,0.0091143374,0.0006202863,1
134443,0.0091143374,0.0006202863,1
134588,0.0013976284,0.0006202863,1
134672,0.0095460714,0.0006202863,1
134714,0.0008613238,0.0006202863,1
134754,0.0018337326,0.0006202863,1
134766,0.0014102745,0.0006202863,1
134865,0.0006844203,0.0006202863,1
134882,0.0020060913,0.0006202863,1
134893,0.0018337326,0.0006202863,1
134899,0.0016708623,0.0006202863,1
134914,0.0023352702,0.0006202863,1
134916,0.0006886944,0.0006202863,1
134946,0.0023978735,0.0006202863,1
134988,0.0009551905,0.0006202863,1
135002,0.0013976284,0.0006202863,1
135076,0.0006839120,0.0006202863,1
135082,0.0006839120,0.0006202863,1
135086,0.0006839120,0.0006202863,1
135091,0.0006839120,0.0006202863,1
135140,0.0006367221,0.0006202863,1
135185,0.0093437057,0.0006202863,1
135323,0.0130774962,0.0006202863,1
135325,0.0009245783,0.0006202863,1
135376,0.0006884535,0.0006202863,1
135378,0.0010086954,0.0006202863,1
135417,0.0267769098,0.0006202863,1
135431,0.0037187778,0.0006202863,1
135464,0.0019260542,0.0006202863,1
135560,0.0008613238,0.0006202863,1
135606,0.0063063899,0.0006202863,1
135626,0.0007888533,0.0006202863,1
135677,0.0090885874,0.0006202863,1
135740,0.0012531643,0.0006202863,1
135771,0.0165058410,0.0006202863,1
135781,0.0008205482,0.0006202863,1
135785,0.0008205482,0.0006202863,1
135849,0.0037187778,0.0006202863,1
135855,0.0037187778,0.0006202863,1
135858,0.0037187778,0.0006202863,1
135865,0.0011643878,0.0006202863,1
135921,0.0146671787,0.0006202863,1
136005,0.0006378220,0.0006202863,1
136030,0.0009628954,0.0006202863,1
136060,0.0006995673,0.0006202863,1
136137,0.0049201196,0.0006202863,1
136189,0.0008503747,0.0006202863,1
136193,0.0037187778,0.0006202863,1
136202,0.0047997818,0.0006202863,1
136239,0.0009423767,0.0006202863,1
136279,0.0150195741,0.0006202863,1
136283,0.0006616167,0.0006202863,1
136289,0.0006617184,0.0006202863,1
136313,0.0082748293,0.0006202863,1
136317,0.0046451084,0.0006202863,1
136504,0.0080420240,0.0006202863,1
136562,0.0007053824,0.0006202863,1
136610,0.0010391452,0.0006202863,1
136632,0.0293611558,0.0006202863,1
136650,0.0066716572,0.0006202863,1
136662,0.0016878146,0.0006202863,1
136668,0.0016878154,0.0006202863,1
136673,0.0016878154,0.0006202863,1
136679,0.0016878154,0.0006202863,1
136683,0.0016878154,0.0006202863,1
136690,0.0016878087,0.0006202863,1
136696,0.0016878087,0.0006202863,1
136715,0.0018437884,0.0006202863,1
136737,0.0016878087,0.0006202863,1
136742,0.0016878087,0.0006202863,1
136836,0.0018337326,0.0006202863,1
136839,0.0060744777,0.0006202863,1
136848,0.0043993648,0.0006202863,1
136863,0.0018975002,0.0006202863,1
136870,0.0018975002,0.0006202863,1
136874,0.0008613238,0.0006202863,1
136955,0.0058469039,0.0006202863,1
136974,0.0009304159,0.0006202863,1
136997,0.0141162515,0.0006202863,1
137043,0.0349327908,0.0006202863,1
137050,0.0349327908,0.0006202863,1
137117,0.0014648016,0.0006202863,1
137181,0.0014927179,0.0006202863,1
137185,0.0007353427,0.0006202863,1
137196,0.0349327908,0.0006202863,1
137203,0.0349327908,0.0006202863,1
137237,0.0038820692,0.0006202863,1
137266,0.0025532199,0.0006202863,1
137284,0.0057283973,0.0006202863,1
137289,0.0141345522,0.0006202863,1
137290,0.0057283973,0.0006202863,1
137304,0.0189616334,0.0006202863,1
137319,0.0292232789,0.0006202863,1
137348,0.0012761803,0.0006202863,1
137353,0.0018975002,0.0006202863,1
137355,0.0006537132,0.0006202863,1
137372,0.0093437057,0.0006202863,1
137378,0.0093437057,0.0006202863,1
137392,0.0009217646,0.0006202863,1
137413,0.0008171648,0.0006202863,1
137454,0.0013080762,0.0006202863,1
137463,0.0056802254,0.0006202863,1
137480,0.0323409255,0.0006202863,1
137505,0.0057724863,0.0006202863,1
137541,0.0008042479,0.0006202863,1
137547,0.0006349996,0.0006202863,1
137616,0.0052490075,0.0006202863,1
137623,0.0052490075,0.0006202863,1
137673,0.0093437057,0.0006202863,1
137713,0.0286835743,0.0006202863,1
137717,0.0049282705,0.0006202863,1
137722,0.0051070517,0.0006202863,1
137747,0.0006917970,0.0006202863,1
137782,0.0011806513,0.0006202863,1
137806,0.0006909442,0.0006202863,1
137839,0.0053717729,0.0006202863,1
137859,0.0035716068,0.0006202863,1
137882,0.0018124350,0.0006202863,1
137920,0.0008613238,0.0006202863,1
137998,0.0051885618,0.0006202863,1
138004,0.0051885618,0.0006202863,1
138110,0.0022705387,0.0006202863,1
138118,0.0013976284,0.0006202863,1
138157,0.0007350971,0.0006202863,1
138189,0.0006839120,0.0006202863,1
138196,0.0006839120,0.0006202863,1
138325,0.0092957523,0.0006202863,1
138474,0.0314591306,0.0006202863,1
138498,0.0021421104,0.0006202863,1
138507,0.0006839120,0.0006202863,1
138514,0.0006839120,0.0006202863,1
138553,0.0019980642,0.0006202863,1
138693,0.0022280977,0.0006202863,1
138726,0.0042237242,0.0006202863,1
138759,0.0026357716,0.0006202863,1
138763,0.0007200177,0.0006202863,1
138827,0.0027111875,0.0006202863,1
138907,0.0021796614,0.0006202863,1
138922,0.0010896361,0.0006202863,1
138934,0.0008613238,0.0006202863,1
138941,0.0112686998,0.0006202863,1
139273,0.0006970586,0.0006202863,1
139298,0.0299463925,0.0006202863,1
139306,0.0010536926,0.0006202863,1
139343,0.0220138364,0.0006202863,1
139364,0.0008205482,0.0006202863,1
139400,0.0015147555,0.0006202863,1
139413,0.0030379605,0.0006202863,1
139427,0.0022638936,0.0006202863,1
139437,0.0056569085,0.0006202863,1
139441,0.0049473417,0.0006202863,1
139448,0.0028992597,0.0006202863,1
139609,0.0020722027,0.0006202863,1
139615,0.0020722027,0.0006202863,1
139678,0.0104932578,0.0006202863,1
139743,0.0017064340,0.0006202863,1
139877,0.0010947388,0.0006202863,1
139883,0.0033335554,0.0006202863,1
139897,0.0029911119,0.0006202863,1
139904,0.0029911119,0.0006202863,1
139911,0.0029911119,0.0006202863,1
139938,0.0030703845,0.0006202863,1
139977,0.0067917633,0.0006202863,1
140015,0.0029911119,0.0006202863,1
140021,0.0029911119,0.0006202863,1
140033,0.0014204741,0.0006202863,1
140212,0.0047122568,0.0006202863,1
140228,0.0008236740,0.0006202863,1
140229,0.0028154053,0.0006202863,1
140238,0.0008236740,0.0006202863,1
140255,0.0039440556,0.0006202863,1
140317,0.0023985764,0.0006202863,1
140321,0.0380299023,0.0006202863,1
140353,0.0061007722,0.0006202863,1
140372,0.0008962141,0.0006202863,1
140467,0.0009348266,0.0006202863,1
140485,0.0025800065,0.0006202863,1
140522,0.0333595699,0.0006202863,1
140559,0.0020664149,0.0006202863,1
140735,0.0012555799,0.0006202863,1
140767,0.0116352086,0.0006202863,1
140773,0.0006992965,0.0006202863,1
140774,0.0059202661,0.0006202863,1
140775,0.0006831385,0.0006202863,1
140784,0.0006969559,0.0006202863,1
140798,0.0013157789,0.0006202863,1
140806,0.0006984902,0.0006202863,1
140814,0.0006984902,0.0006202863,1
140821,0.0006984902,0.0006202863,1
140828,0.0006984902,0.0006202863,1
140834,0.0006984902,0.0006202863,1
140845,0.0006510636,0.0006202863,1
140940,0.0093882273,0.0006202863,1
141013,0.0308478557,0.0006202863,1
141026,0.0012038331,0.0006202863,1
141047,0.0008071525,0.0006202863,1
141104,0.0007575596,0.0006202863,1
141119,0.0087032286,0.0006202863,1
141135,0.0010057881,0.0006202863,1
141138,0.0064178025,0.0006202863,1
141185,0.0007999539,0.0006202863,1
141194,0.0007999539,0.0006202863,1
141195,0.0017338023,0.0006202863,1
141200,0.0007999539,0.0006202863,1
141214,0.0116407339,0.0006202863,1
141223,0.0092870360,0.0006202863,1
141231,0.0092870360,0.0006202863,1
141236,0.0092870360,0.0006202863,1
141269,0.0013976284,0.0006202863,1
141281,0.0025849240,0.0006202863,1
141285,0.0007861573,0.0006202863,1
141291,0.0090183610,0.0006202863,1
141292,0.0007861573,0.0006202863,1
141297,0.0007861573,0.0006202863,1
141323,0.0138949310,0.0006202863,1
141386,0.0086936643,0.0006202863,1
141394,0.0090704795,0.0006202863,1
141399,0.0090704795,0.0006202863,1
141406,0.0090704795,0.0006202863,1
141407,0.0033301639,0.0006202863,1
141452,0.0090704795,0.0006202863,1
141462,0.0090704795,0.0006202863,1
141483,0.0685254870,0.0006202863,1
141542,0.0011718704,0.0006202863,1
141570,0.0137349234,0.0006202863,1
141577,0.0137349234,0.0006202863,1
141605,0.0093314298,0.0006202863,1
141613,0.0093314298,0.0006202863,1
141620,0.0093314298,0.0006202863,1
141626,0.0269593548,0.0006202863,1
141634,0.0008823160,0.0006202863,1
141639,0.0012709777,0.0006202863,1
141688,0.0049725989,0.0006202863,1
141708,0.0010536031,0.0006202863,1
141724,0.0042580621,0.0006202863,1
141772,0.0009727176,0.0006202863,1
141778,0.0077744957,0.0006202863,1
141929,0.0046361346,0.0006202863,1
141933,0.0046361346,0.0006202863,1
141938,0.0046361346,0.0006202863,1
141943,0.0046361346,0.0006202863,1
141997,0.0090885874,0.0006202863,1
142003,0.0090885874,0.0006202863,1
142011,0.0090885874,0.0006202863,1
142018,0.0090885874,0.0006202863,1
142033,0.0006627359,0.0006202863,1
142047,0.0060744777,0.0006202863,1
142062,0.0006440779,0.0006202863,1
142102,0.0048791581,0.0006202863,1
142111,0.0030032871,0.0006202863,1
142114,0.0173127353,0.0006202863,1
142121,0.0173127353,0.0006202863,1
142135,0.0008070071,0.0006202863,1
142142,0.0043732552,0.0006202863,1
142147,0.0077458865,0.0006202863,1
142240,0.0141162515,0.0006202863,1
142247,0.0051751296,0.0006202863,1
142280,0.0041680681,0.0006202863,1
142331,0.0186293045,0.0006202863,1
142332,0.0036158209,0.0006202863,1
142335,0.0180179726,0.0006202863,1
142387,0.0010191126,0.0006202863,1
142407,0.0068860412,0.0006202863,1
142438,0.0013976284,0.0006202863,1
142477,0.0029911119,0.0006202863,1
142483,0.0029911119,0.0006202863,1
142489,0.0029911119,0.0006202863,1
142538,0.0279972099,0.0006202863,1
142550,0.0009724481,0.0006202863,1
142577,0.0136378273,0.0006202863,1
142605,0.0039343166,0.0006202863,1
142664,0.0008555079,0.0006202863,1
142718,0.0095231511,0.0006202863,1
142722,0.0009645745,0.0006202863,1
142754,0.0134206810,0.0006202863,1
142791,0.0007443757,0.0006202863,1
142795,0.0046156958,0.0006202863,1
142816,0.0060096753,0.0006202863,1
142823,0.0013976284,0.0006202863,1
142850,0.0076932145,0.0006202863,1
142857,0.0010303162,0.0006202863,1
142906,0.0016878146,0.0006202863,1
142913,0.0016878146,0.0006202863,1
142914,0.0162211106,0.0006202863,1
142919,0.0016878154,0.0006202863,1
142926,0.0016878154,0.0006202863,1
142932,0.0033483683,0.0006202863,1
142933,0.0016878154,0.0006202863,1
142935,0.0012567536,0.0006202863,1
142940,0.0016878154,0.0006202863,1
142942,0.0096248787,0.0006202863,1
142947,0.0016878087,0.0006202863,1
142954,0.0016878087,0.0006202863,1
142961,0.0016878087,0.0006202863,1
142969,0.0016878087,0.0006202863,1
143000,0.0028992070,0.0006202863,1
143019,0.0022162973,0.0006202863,1
143087,0.0008356650,0.0006202863,1
143174,0.0186480592,0.0006202863,1
143241,0.0006460788,0.0006202863,1
143268,0.0069176111,0.0006202863,1
143275,0.0069176111,0.0006202863,1
143356,0.0100313807,0.0006202863,1
143398,0.0006965413,0.0006202863,1
143444,0.0096248787,0.0006202863,1
143449,0.0096248787,0.0006202863,1
143516,0.0069176111,0.0006202863,1
143612,0.0057283973,0.0006202863,1
143618,0.0057283973,0.0006202863,1
143621,0.0080880580,0.0006202863,1
143625,0.0057283973,0.0006202863,1
143630,0.0015147555,0.0006202863,1
143683,0.0007248403,0.0006202863,1
143778,0.0185325262,0.0006202863,1
143785,0.0027878505,0.0006202863,1
143798,0.0189100684,0.0006202863,1
143804,0.0007098699,0.0006202863,1
143811,0.0007098699,0.0006202863,1
143844,0.0007999539,0.0006202863,1
143851,0.0007999539,0.0006202863,1
143857,0.0007999539,0.0006202863,1
143862,0.0092870360,0.0006202863,1
143873,0.0092870360,0.0006202863,1
143916,0.0025800065,0.0006202863,1
143920,0.0007361410,0.0006202863,1
143922,0.0255047824,0.0006202863,1
143936,0.0178437746,0.0006202863,1
143996,0.0009149652,0.0006202863,1
143997,0.0030919091,0.0006202863,1
144029,0.0105919978,0.0006202863,1
144033,0.0105919978,0.0006202863,1
144107,0.0055195540,0.0006202863,1
144171,0.0052086264,0.0006202863,1
144192,0.0073513930,0.0006202863,1
144195,0.0007062480,0.0006202863,1
144266,0.0093437057,0.0006202863,1
144329,0.0051885618,0.0006202863,1
144379,0.0015466473,0.0006202863,1
144449,0.0014439484,0.0006202863,1
144459,0.0006839120,0.0006202863,1
144479,0.0023416231,0.0006202863,1
144603,0.0006934565,0.0006202863,1
144608,0.0006844203,0.0006202863,1
144749,0.0008525295,0.0006202863,1
144901,0.0126555849,0.0006202863,1
144907,0.0126555849,0.0006202863,1
144935,0.0093437057,0.0006202863,1
145021,0.0135134558,0.0006202863,1
145026,0.0006839120,0.0006202863,1
145056,0.0090704795,0.0006202863,1
145058,0.0090704795,0.0006202863,1
145061,0.0090704795,0.0006202863,1
145065,0.0090704795,0.0006202863,1
145115,0.0070873353,0.0006202863,1
145119,0.0103146993,0.0006202863,1
145120,0.0070873353,0.0006202863,1
145127,0.0120073885,0.0006202863,1
145152,0.0343981445,0.0006202863,1
145162,0.0013924229,0.0006202863,1
145169,0.0007177966,0.0006202863,1
145194,0.0008619849,0.0006202863,1
145217,0.0009213824,0.0006202863,1
145223,0.0055626622,0.0006202863,1
145294,0.0199847679,0.0006202863,1
145308,0.0029911119,0.0006202863,1
145313,0.0029911119,0.0006202863,1
145317,0.0021057768,0.0006202863,1
145325,0.0015770611,0.0006202863,1
145420,0.0009184075,0.0006202863,1
145475,0.0007087523,0.0006202863,1
145545,0.0169202279,0.0006202863,1
145575,0.0162211106,0.0006202863,1
145793,0.0104367417,0.0006202863,1
145798,0.0010287535,0.0006202863,1
145804,0.0006984902,0.0006202863,1
145813,0.0006984902,0.0006202863,1
145818,0.0064187466,0.0006202863,1
145819,0.0006984902,0.0006202863,1
145824,0.0006984902,0.0006202863,1
145841,0.0055195540,0.0006202863,1
145870,0.0173530498,0.0006202863,1
145895,0.0044491780,0.0006202863,1
145909,0.0060978785,0.0006202863,1
145917,0.0333615076,0.0006202863,1
145934,0.0007925370,0.0006202863,1
145946,0.0076272346,0.0006202863,1
145947,0.0052742613,0.0006202863,1
145960,0.0190806126,0.0006202863,1
146012,0.0010240875,0.0006202863,1
146019,0.0071466767,0.0006202863,1
146021,0.0008613238,0.0006202863,1
146028,0.0175146917,0.0006202863,1
146033,0.0013976284,0.0006202863,1
146034,0.0010080006,0.0006202863,1
146039,0.0008205482,0.0006202863,1
146044,0.0013976284,0.0006202863,1
146057,0.0006762637,0.0006202863,1
146065,0.0016840222,0.0006202863,1
146071,0.0012872912,0.0006202863,1
146078,0.0007999539,0.0006202863,1
146088,0.0007999539,0.0006202863,1
146094,0.0007999539,0.0006202863,1
146103,0.0007999539,0.0006202863,1
146105,0.0060096753,0.0006202863,1
146118,0.0036427892,0.0006202863,1
146119,0.0013976284,0.0006202863,1
146124,0.0092870360,0.0006202863,1
146150,0.0025800065,0.0006202863,1
146155,0.0267528755,0.0006202863,1
146157,0.0013433300,0.0006202863,1
146168,0.0092870360,0.0006202863,1
146169,0.0031406072,0.0006202863,1
146175,0.0092870360,0.0006202863,1
146183,0.0092870360,0.0006202863,1
146210,0.0025800065,0.0006202863,1
146216,0.0017745209,0.0006202863,1
146236,0.0130774962,0.0006202863,1
146240,0.0008613238,0.0006202863,1
146257,0.0013976284,0.0006202863,1
146278,0.0090704795,0.0006202863,1
146336,0.0011718704,0.0006202863,1
146373,0.0006767832,0.0006202863,1
146392,0.0093314298,0.0006202863,1
146403,0.0093314298,0.0006202863,1
146408,0.0008899915,0.0006202863,1
146412,0.0033312220,0.0006202863,1
146413,0.0327766927,0.0006202863,1
146419,0.0008732110,0.0006202863,1
146470,0.0103447452,0.0006202863,1
146475,0.0014798161,0.0006202863,1
146487,0.0016162348,0.0006202863,1
146488,0.0097956525,0.0006202863,1
146555,0.0077142892,0.0006202863,1
146573,0.0007013253,0.0006202863,1
146851,0.0057283973,0.0006202863,1
146857,0.0057283973,0.0006202863,1
146863,0.0057283973,0.0006202863,1
146871,0.0179265581,0.0006202863,1
146937,0.0025210229,0.0006202863,1
146967,0.0057283973,0.0006202863,1
147006,0.0006807655,0.0006202863,1
147052,0.0045979009,0.0006202863,1
147446,0.0009298758,0.0006202863,1
147547,0.0023438325,0.0006202863,1
147550,0.0349327908,0.0006202863,1
147575,0.0060096753,0.0006202863,1
147582,0.0122111663,0.0006202863,1
147589,0.0007596778,0.0006202863,1
147624,0.0327196504,0.0006202863,1
147631,0.0130301479,0.0006202863,1
147632,0.0090885874,0.0006202863,1
147644,0.0016878146,0.0006202863,1
147651,0.0016878146,0.0006202863,1
147662,0.0016878154,0.0006202863,1
147663,0.0016162348,0.0006202863,1
147665,0.0012412227,0.0006202863,1
147669,0.0016878154,0.0006202863,1
147676,0.0016878154,0.0006202863,1
147683,0.0016878154,0.0006202863,1
147690,0.0016878087,0.0006202863,1
147697,0.0016878087,0.0006202863,1
147702,0.0016878087,0.0006202863,1
147738,0.0018337326,0.0006202863,1
147745,0.0022283525,0.0006202863,1
147766,0.0056221746,0.0006202863,1
147871,0.0125296785,0.0006202863,1
147997,0.0006577720,0.0006202863,1
148013,0.0010303162,0.0006202863,1
148079,0.0141291981,0.0006202863,1
148113,0.0006907384,0.0006202863,1
148311,0.0026469413,0.0006202863,1
148316,0.0012557619,0.0006202863,1
148417,0.0106349897,0.0006202863,1
148423,0.0106349897,0.0006202863,1
148429,0.0106349897,0.0006202863,1
148449,0.0006929508,0.0006202863,1
148478,0.0188061998,0.0006202863,1
148492,0.0308869066,0.0006202863,1
148536,0.0106349897,0.0006202863,1
148543,0.0106349897,0.0006202863,1
148601,0.0010059749,0.0006202863,1
148618,0.0007836003,0.0006202863,1
148619,0.0050249670,0.0006202863,1
148643,0.0037187778,0.0006202863,1
148648,0.0037187778,0.0006202863,1
148713,0.0012916683,0.0006202863,1
148730,0.0006559960,0.0006202863,1
148737,0.0189127536,0.0006202863,1
148787,0.0006757919,0.0006202863,1
148805,0.0263326881,0.0006202863,1
148844,0.0010712763,0.0006202863,1
149116,0.0071466767,0.0006202863,1
149137,0.0049656993,0.0006202863,1
149153,0.0031799865,0.0006202863,1
149214,0.0014476933,0.0006202863,1
149217,0.0077136938,0.0006202863,1
149226,0.0059074765,0.0006202863,1
149231,0.0059074765,0.0006202863,1
149237,0.0059074765,0.0006202863,1
149245,0.0054728222,0.0006202863,1
149357,0.0006723111,0.0006202863,1
149412,0.0154301685,0.0006202863,1
149448,0.0095460714,0.0006202863,1
149456,0.0040640076,0.0006202863,1
149469,0.0007776235,0.0006202863,1
149489,0.0187865735,0.0006202863,1
149516,0.0009397595,0.0006202863,1
149680,0.0012068991,0.0006202863,1
149699,0.0078973993,0.0006202863,1
149728,0.0100751784,0.0006202863,1
149736,0.0008714637,0.0006202863,1
149780,0.0063999575,0.0006202863,1
149929,0.0009016674,0.0006202863,1
149936,0.0075409257,0.0006202863,1
149972,0.0241618404,0.0006202863,1
149989,0.0013976284,0.0006202863,1
150060,0.0019146858,0.0006202863,1
150309,0.0007290113,0.0006202863,1
150365,0.0056943314,0.0006202863,1
150535,0.0007248022,0.0006202863,1
150608,0.0104624474,0.0006202863,1
150622,0.0030448806,0.0006202863,1
150631,0.0077142892,0.0006202863,1
150743,0.0061007722,0.0006202863,1
150765,0.0283323480,0.0006202863,1
150771,0.0498480126,0.0006202863,1
150800,0.0006388968,0.0006202863,1
150812,0.0107217308,0.0006202863,1
150867,0.0015147555,0.0006202863,1
150912,0.0124215652,0.0006202863,1
150939,0.0106349897,0.0006202863,1
150946,0.0106349897,0.0006202863,1
150953,0.0106349897,0.0006202863,1
151094,0.0008915414,0.0006202863,1
151100,0.0091040490,0.0006202863,1
151126,0.0114701997,0.0006202863,1
151189,0.0159233297,0.0006202863,1
151241,0.0154942226,0.0006202863,1
151308,0.0010894805,0.0006202863,1
151527,0.0179969843,0.0006202863,1
151547,0.0010947388,0.0006202863,1
151582,0.0057283973,0.0006202863,1
151644,0.0007861573,0.0006202863,1
151651,0.0007861573,0.0006202863,1
151658,0.0007861573,0.0006202863,1
151682,0.0180702371,0.0006202863,1
151699,0.0007861573,0.0006202863,1
151705,0.0007861573,0.0006202863,1
151726,0.0008484863,0.0006202863,1
151727,0.0021385743,0.0006202863,1
151800,0.0185411970,0.0006202863,1
152005,0.0106349897,0.0006202863,1
152010,0.0106349897,0.0006202863,1
152016,0.0106349897,0.0006202863,1
152023,0.0106349897,0.0006202863,1
152030,0.0106349897,0.0006202863,1
152035,0.0106349897,0.0006202863,1
152040,0.0106349897,0.0006202863,1
152106,0.0020383318,0.0006202863,1
152141,0.0106349897,0.0006202863,1
152163,0.0528660757,0.0006202863,1
152239,0.0099202987,0.0006202863,1
152298,0.0029329141,0.0006202863,1
152305,0.0006328454,0.0006202863,1
152317,0.0039646786,0.0006202863,1
152400,0.0007353427,0.0006202863,1
152422,0.0007861573,0.0006202863,1
152429,0.0007861573,0.0006202863,1
152491,0.0018434127,0.0006202863,1
152526,0.0015572222,0.0006202863,1
152571,0.0018893812,0.0006202863,1
152585,0.0009083954,0.0006202863,1
152614,0.0059074765,0.0006202863,1
152623,0.0059074765,0.0006202863,1
152679,0.0077142892,0.0006202863,1
152686,0.0077142892,0.0006202863,1
152720,0.0080744480,0.0006202863,1
152726,0.0080744480,0.0006202863,1
152741,0.0069176111,0.0006202863,1
152748,0.0069176111,0.0006202863,1
152750,0.0010696976,0.0006202863,1
152753,0.0069176111,0.0006202863,1
152814,0.0042658555,0.0006202863,1
152833,0.0069176111,0.0006202863,1
152873,0.0023550316,0.0006202863,1
153015,0.0011799972,0.0006202863,1
153021,0.0023090557,0.0006202863,1
153096,0.0011406654,0.0006202863,1
153102,0.0018979858,0.0006202863,1
153210,0.0077136938,0.0006202863,1
153243,0.0100313807,0.0006202863,1
153368,0.0060096753,0.0006202863,1
153393,0.0059139872,0.0006202863,1
153460,0.0022705387,0.0006202863,1
153503,0.0108405802,0.0006202863,1
153510,0.0007134636,0.0006202863,1
153524,0.0146671787,0.0006202863,1
153749,0.0100138821,0.0006202863,1
153778,0.0069617490,0.0006202863,1
153815,0.0009836082,0.0006202863,1
153839,0.0100751784,0.0006202863,1
153861,0.0037187778,0.0006202863,1
153923,0.0094190983,0.0006202863,1
153929,0.0094190983,0.0006202863,1
153969,0.0094190983,0.0006202863,1
153975,0.0094190983,0.0006202863,1
153983,0.0094190983,0.0006202863,1
154025,0.0349327908,0.0006202863,1
154031,0.0150163079,0.0006202863,1
154033,0.0349327908,0.0006202863,1
154056,0.0218806752,0.0006202863,1
154070,0.0059202661,0.0006202863,1
154077,0.0059202661,0.0006202863,1
154114,0.0093708638,0.0006202863,1
154121,0.0093708638,0.0006202863,1
154128,0.0093708638,0.0006202863,1
154139,0.0018787357,0.0006202863,1
154175,0.0047347807,0.0006202863,1
154203,0.0093708638,0.0006202863,1
154208,0.0093708638,0.0006202863,1
154214,0.0093708638,0.0006202863,1
154217,0.0006779524,0.0006202863,1
154219,0.0093708638,0.0006202863,1
154289,0.0006820112,0.0006202863,1
154303,0.0006658474,0.0006202863,1
154359,0.0092957523,0.0006202863,1
154398,0.0349327908,0.0006202863,1
154405,0.0349327908,0.0006202863,1
154496,0.0008668248,0.0006202863,1
154626,0.0046361346,0.0006202863,1
154631,0.0046361346,0.0006202863,1
154638,0.0046361346,0.0006202863,1
154744,0.0007085919,0.0006202863,1
154745,0.0050802204,0.0006202863,1
154817,0.0008712745,0.0006202863,1
154829,0.0007089415,0.0006202863,1
154878,0.0024937631,0.0006202863,1
154924,0.0016712128,0.0006202863,1
154949,0.0028537096,0.0006202863,1
155009,0.0010240875,0.0006202863,1
155021,0.0095822548,0.0006202863,1
155170,0.0007228505,0.0006202863,1
155206,0.0011870392,0.0006202863,1
155220,0.0014685003,0.0006202863,1
155285,0.0035206021,0.0006202863,1
155370,0.0174362375,0.0006202863,1
155379,0.0007543027,0.0006202863,1
155386,0.0007386145,0.0006202863,1
155395,0.0006898634,0.0006202863,1
155529,0.0007668878,0.0006202863,1
155530,0.0013057700,0.0006202863,1
155685,0.0037187778,0.0006202863,1
155724,0.0037187778,0.0006202863,1
155730,0.0037187778,0.0006202863,1
155737,0.0037187778,0.0006202863,1
155783,0.0089324579,0.0006202863,1
155790,0.0008263929,0.0006202863,1
155862,0.0009059900,0.0006202863,1
155866,0.0058602279,0.0006202863,1
155870,0.0009059900,0.0006202863,1
155872,0.0058602279,0.0006202863,1
155876,0.0250507662,0.0006202863,1
155877,0.0009059900,0.0006202863,1
155880,0.0010915709,0.0006202863,1
155882,0.0069176111,0.0006202863,1
155889,0.0069176111,0.0006202863,1
155923,0.0069176111,0.0006202863,1
155929,0.0069176111,0.0006202863,1
155935,0.0069176111,0.0006202863,1
155943,0.0069176111,0.0006202863,1
156023,0.0009059900,0.0006202863,1
156030,0.0009059900,0.0006202863,1
156044,0.0011348966,0.0006202863,1
156084,0.0098514870,0.0006202863,1
156104,0.0006839120,0.0006202863,1
156112,0.0006839120,0.0006202863,1
156119,0.0006839120,0.0006202863,1
156142,0.0009293960,0.0006202863,1
156149,0.0009293960,0.0006202863,1
156154,0.0007048108,0.0006202863,1
156155,0.0009293960,0.0006202863,1
156199,0.0009293960,0.0006202863,1
156203,0.0009293960,0.0006202863,1
156211,0.0009293960,0.0006202863,1
156219,0.0009293960,0.0006202863,1
156225,0.0009293960,0.0006202863,1
156245,0.0006839120,0.0006202863,1
156264,0.0007601258,0.0006202863,1
156320,0.0290903591,0.0006202863,1
156425,0.0093448375,0.0006202863,1
156432,0.0009293960,0.0006202863,1
156440,0.0100313807,0.0006202863,1
156473,0.0093437057,0.0006202863,1
156481,0.0093437057,0.0006202863,1
156598,0.0032824133,0.0006202863,1
156622,0.0022562309,0.0006202863,1
156623,0.0093448375,0.0006202863,1
156630,0.0093448375,0.0006202863,1
156636,0.0093448375,0.0006202863,1
156643,0.0093448375,0.0006202863,1
156648,0.0085862201,0.0006202863,1
156651,0.0093448375,0.0006202863,1
156661,0.0093448375,0.0006202863,1
156669,0.0093448375,0.0006202863,1
156676,0.0093448375,0.0006202863,1
156682,0.0093448375,0.0006202863,1
156738,0.0025158200,0.0006202863,1
156749,0.0022858542,0.0006202863,1
156886,0.0008205482,0.0006202863,1
156892,0.0008205482,0.0006202863,1
156895,0.0017089323,0.0006202863,1
156898,0.0008205482,0.0006202863,1
156902,0.0008205482,0.0006202863,1
156904,0.0021176277,0.0006202863,1
156911,0.0008205482,0.0006202863,1
156975,0.0006771322,0.0006202863,1
156993,0.0008205482,0.0006202863,1
157051,0.0096248787,0.0006202863,1
157138,0.0012644806,0.0006202863,1
157171,0.0048567659,0.0006202863,1
157192,0.0046361346,0.0006202863,1
157235,0.0046361346,0.0006202863,1
157242,0.0046361346,0.0006202863,1
157247,0.0046361346,0.0006202863,1
157253,0.0046361346,0.0006202863,1
157267,0.0093708638,0.0006202863,1
157274,0.0093708638,0.0006202863,1
157280,0.0093708638,0.0006202863,1
157287,0.0093708638,0.0006202863,1
157316,0.0094415396,0.0006202863,1
157337,0.0108095756,0.0006202863,1
157361,0.0761475685,0.0006202863,1
157385,0.0014777081,0.0006202863,1
157395,0.0093708638,0.0006202863,1
157425,0.0015925850,0.0006202863,1
157489,0.0097956525,0.0006202863,1
157491,0.0031858618,0.0006202863,1
157496,0.0097956525,0.0006202863,1
157501,0.0186293045,0.0006202863,1
157507,0.0097956525,0.0006202863,1
157516,0.0198936739,0.0006202863,1
157648,0.0006478675,0.0006202863,1
157653,0.0074738022,0.0006202863,1
157663,0.0103447452,0.0006202863,1
157665,0.0020631843,0.0006202863,1
157669,0.0008503691,0.0006202863,1
157756,0.0008205482,0.0006202863,1
157761,0.0030783974,0.0006202863,1
157763,0.0008205482,0.0006202863,1
157774,0.0009098501,0.0006202863,1
157807,0.0050295850,0.0006202863,1
157857,0.0047593916,0.0006202863,1
157907,0.0014535948,0.0006202863,1
158060,0.0138949310,0.0006202863,1
158098,0.0175526846,0.0006202863,1
158105,0.0006455348,0.0006202863,1
158106,0.0010166139,0.0006202863,1
158120,0.0033740942,0.0006202863,1
158148,0.0034025951,0.0006202863,1
158187,0.0665650819,0.0006202863,1
158216,0.0040513289,0.0006202863,1
158235,0.0063095043,0.0006202863,1
158238,0.0009383140,0.0006202863,1
158253,0.0012535575,0.0006202863,1
158361,0.0287565764,0.0006202863,1
158428,0.0009059900,0.0006202863,1
158438,0.0009059900,0.0006202863,1
158445,0.0009059900,0.0006202863,1
158450,0.0009059900,0.0006202863,1
158453,0.0090885874,0.0006202863,1
158458,0.0009059900,0.0006202863,1
158479,0.0046361346,0.0006202863,1
158483,0.0006397264,0.0006202863,1
158486,0.0046361346,0.0006202863,1
158491,0.0080744480,0.0006202863,1
158493,0.0046361346,0.0006202863,1
158503,0.0007805979,0.0006202863,1
158516,0.0105920067,0.0006202863,1
158526,0.0105920067,0.0006202863,1
158533,0.0105920067,0.0006202863,1
158537,0.0046361346,0.0006202863,1
158538,0.0008574836,0.0006202863,1
158540,0.0105920067,0.0006202863,1
158542,0.0046361346,0.0006202863,1
158547,0.0046361346,0.0006202863,1
158585,0.0007157424,0.0006202863,1
158601,0.0007250343,0.0006202863,1
158671,0.0009059900,0.0006202863,1
158691,0.0014393729,0.0006202863,1
158708,0.0093448375,0.0006202863,1
158715,0.0093448375,0.0006202863,1
158722,0.0093448375,0.0006202863,1
158732,0.0093448375,0.0006202863,1
158739,0.0093448375,0.0006202863,1
158940,0.0086952888,0.0006202863,1
158958,0.0077142892,0.0006202863,1
158964,0.0077142892,0.0006202863,1
158974,0.0011632224,0.0006202863,1
158976,0.0216361768,0.0006202863,1
159006,0.0013976284,0.0006202863,1
159008,0.0094190983,0.0006202863,1
159020,0.0094190983,0.0006202863,1
159028,0.0094190983,0.0006202863,1
159034,0.0094190983,0.0006202863,1
159042,0.0094190983,0.0006202863,1
159050,0.0094190983,0.0006202863,1
159057,0.0094190983,0.0006202863,1
159068,0.0229559629,0.0006202863,1
159083,0.0087795109,0.0006202863,1
159090,0.0077142892,0.0006202863,1
159119,0.0301242574,0.0006202863,1
159135,0.0066731898,0.0006202863,1
159138,0.0089324579,0.0006202863,1
159142,0.0093708638,0.0006202863,1
159147,0.0093708638,0.0006202863,1
159151,0.0056511126,0.0006202863,1
159154,0.0093708638,0.0006202863,1
159160,0.0093708638,0.0006202863,1
159181,0.0031624324,0.0006202863,1
159211,0.0105919978,0.0006202863,1
159216,0.0128486567,0.0006202863,1
159298,0.0008192210,0.0006202863,1
159367,0.0026869580,0.0006202863,1
159370,0.0020061470,0.0006202863,1
159417,0.0034671958,0.0006202863,1
159467,0.0011504035,0.0006202863,1
159503,0.0008296107,0.0006202863,1
159563,0.0095822548,0.0006202863,1
159651,0.0007529962,0.0006202863,1
159658,0.0007529962,0.0006202863,1
159664,0.0018975002,0.0006202863,1
159671,0.0018975002,0.0006202863,1
159677,0.0018975002,0.0006202863,1
159819,0.0007253873,0.0006202863,1
159830,0.0037187778,0.0006202863,1
159838,0.0037187778,0.0006202863,1
159845,0.0006422051,0.0006202863,1
159915,0.0351967105,0.0006202863,1
159978,0.0006666347,0.0006202863,1
160008,0.0017037089,0.0006202863,1
160019,0.0009059900,0.0006202863,1
160023,0.0009059900,0.0006202863,1
160025,0.0009059900,0.0006202863,1
160096,0.0009059900,0.0006202863,1
160099,0.0009059900,0.0006202863,1
160103,0.0009059900,0.0006202863,1
160109,0.0009059900,0.0006202863,1
160161,0.0075716987,0.0006202863,1
160216,0.0069176111,0.0006202863,1
160222,0.0069176111,0.0006202863,1
160228,0.0069176111,0.0006202863,1
160234,0.0069176111,0.0006202863,1
160241,0.0069176111,0.0006202863,1
160283,0.0006578599,0.0006202863,1
160299,0.0069176111,0.0006202863,1
160316,0.0093448375,0.0006202863,1
160324,0.0012357947,0.0006202863,1
160341,0.0069176111,0.0006202863,1
160364,0.0089324579,0.0006202863,1
160380,0.0007585358,0.0006202863,1
160391,0.0009293960,0.0006202863,1
160398,0.0009293960,0.0006202863,1
160465,0.0011938037,0.0006202863,1
160498,0.0120413365,0.0006202863,1
160555,0.0012357947,0.0006202863,1
160560,0.0009293960,0.0006202863,1
160616,0.0013976284,0.0006202863,1
160648,0.0006839120,0.0006202863,1
160653,0.0012630437,0.0006202863,1
160658,0.0006839120,0.0006202863,1
160662,0.0025800065,0.0006202863,1
160702,0.0007671240,0.0006202863,1
160714,0.0010518912,0.0006202863,1
160739,0.0018337326,0.0006202863,1
160747,0.0100662355,0.0006202863,1
160749,0.0013383398,0.0006202863,1
160756,0.0019082206,0.0006202863,1
160769,0.0013976284,0.0006202863,1
160804,0.0006839120,0.0006202863,1
160811,0.0006839120,0.0006202863,1
160834,0.0123369746,0.0006202863,1
160852,0.0042066745,0.0006202863,1
160881,0.0052086264,0.0006202863,1
160953,0.0008852550,0.0006202863,1
160984,0.0014775048,0.0006202863,1
161032,0.0006938196,0.0006202863,1
161045,0.0098894255,0.0006202863,1
161087,0.0029525426,0.0006202863,1
161105,0.0048784804,0.0006202863,1
161132,0.0100751784,0.0006202863,1
161139,0.0557932215,0.0006202863,1
161295,0.0080744480,0.0006202863,1
161320,0.0012583849,0.0006202863,1
161344,0.0094190983,0.0006202863,1
161350,0.0094190983,0.0006202863,1
161387,0.0094190983,0.0006202863,1
161532,0.0097857898,0.0006202863,1
161539,0.0097857898,0.0006202863,1
161545,0.0097857898,0.0006202863,1
161558,0.0024728522,0.0006202863,1
161575,0.0080744480,0.0006202863,1
161606,0.0010706439,0.0006202863,1
161645,0.0014346585,0.0006202863,1
161758,0.0349327908,0.0006202863,1
161765,0.0349327908,0.0006202863,1
161772,0.0349327908,0.0006202863,1
161779,0.0349327908,0.0006202863,1
161780,0.0717632529,0.0006202863,1
161787,0.0349327908,0.0006202863,1
161793,0.0302964346,0.0006202863,1
161826,0.0013976284,0.0006202863,1
161836,0.0292250291,0.0006202863,1
161894,0.0050295850,0.0006202863,1
161896,0.0008205482,0.0006202863,1
161900,0.0231016360,0.0006202863,1
161906,0.0008205482,0.0006202863,1
161933,0.0059074765,0.0006202863,1
161954,0.0175645208,0.0006202863,1
162124,0.0007671047,0.0006202863,1
162198,0.0268241850,0.0006202863,1
162281,0.0080744480,0.0006202863,1
162293,0.0106349897,0.0006202863,1
162330,0.0007065958,0.0006202863,1
162336,0.0106349897,0.0006202863,1
162343,0.0106349897,0.0006202863,1
162348,0.0106349897,0.0006202863,1
162369,0.0010518912,0.0006202863,1
162513,0.0006455558,0.0006202863,1
162635,0.0008471065,0.0006202863,1
162689,0.0087812866,0.0006202863,1
162698,0.0087812866,0.0006202863,1
162704,0.0007861573,0.0006202863,1
162709,0.0087812866,0.0006202863,1
162711,0.0007861573,0.0006202863,1
162717,0.0007861573,0.0006202863,1
162723,0.0007861573,0.0006202863,1
162730,0.0007861573,0.0006202863,1
162737,0.0007861573,0.0006202863,1
162744,0.0007861573,0.0006202863,1
162838,0.0023386217,0.0006202863,1
162861,0.0097956525,0.0006202863,1
162871,0.0097956525,0.0006202863,1
162878,0.0097956525,0.0006202863,1
162925,0.0349327908,0.0006202863,1
162932,0.0349327908,0.0006202863,1
162939,0.0349327908,0.0006202863,1
162951,0.0006205281,0.0006202863,1
162988,0.0009293960,0.0006202863,1
162994,0.0009293960,0.0006202863,1
163000,0.0009293960,0.0006202863,1
163007,0.0009293960,0.0006202863,1
163014,0.0009293960,0.0006202863,1
163031,0.0585732721,0.0006202863,1
163035,0.0016162348,0.0006202863,1
163049,0.0017226495,0.0006202863,1
163148,0.0035726891,0.0006202863,1
163169,0.0667586088,0.0006202863,1
163215,0.0044580953,0.0006202863,1
163222,0.0187875295,0.0006202863,1
163238,0.0020457766,0.0006202863,1
163247,0.0038820692,0.0006202863,1
163262,0.0038284698,0.0006202863,1
163300,0.0260145119,0.0006202863,1
163316,0.0180179726,0.0006202863,1
163343,0.0014777081,0.0006202863,1
163357,0.0017702182,0.0006202863,1
163419,0.0010252979,0.0006202863,1
163470,0.0114701997,0.0006202863,1
163526,0.0029911119,0.0006202863,1
163532,0.0010518912,0.0006202863,1
163535,0.0006839120,0.0006202863,1
163688,0.0017770517,0.0006202863,1
163741,0.0010533488,0.0006202863,1
163757,0.0022921584,0.0006202863,1
163759,0.0009293960,0.0006202863,1
163766,0.0009293960,0.0006202863,1
163774,0.0009293960,0.0006202863,1
163778,0.0026469413,0.0006202863,1
163781,0.0009293960,0.0006202863,1
163816,0.0042172687,0.0006202863,1
163848,0.0012432107,0.0006202863,1
163887,0.0007376176,0.0006202863,1
163930,0.0026170264,0.0006202863,1
163936,0.0026170264,0.0006202863,1
163948,0.0226878204,0.0006202863,1
163954,0.0009293960,0.0006202863,1
164078,0.0727032522,0.0006202863,1
164089,0.0069176111,0.0006202863,1
164095,0.0069176111,0.0006202863,1
164101,0.0069176111,0.0006202863,1
164115,0.0009997581,0.0006202863,1
164172,0.0008205482,0.0006202863,1
164179,0.0008205482,0.0006202863,1
164186,0.0008205482,0.0006202863,1
164193,0.0008205482,0.0006202863,1
164199,0.0008205482,0.0006202863,1
164206,0.0089324579,0.0006202863,1
164260,0.0091143374,0.0006202863,1
164264,0.0091143374,0.0006202863,1
164268,0.0007072910,0.0006202863,1
164360,0.0023779702,0.0006202863,1
164440,0.0006521845,0.0006202863,1
164491,0.0006984902,0.0006202863,1
164502,0.0006984902,0.0006202863,1
164509,0.0006984902,0.0006202863,1
164516,0.0006984902,0.0006202863,1
164522,0.0006984902,0.0006202863,1
164543,0.0046361346,0.0006202863,1
164551,0.0046361346,0.0006202863,1
164558,0.0046361346,0.0006202863,1
164633,0.0046361346,0.0006202863,1
164640,0.0046361346,0.0006202863,1
164643,0.0006883515,0.0006202863,1
164647,0.0046361346,0.0006202863,1
164650,0.0008632005,0.0006202863,1
164665,0.0014394415,0.0006202863,1
164684,0.0093882273,0.0006202863,1
164690,0.0060978785,0.0006202863,1
164697,0.0078618417,0.0006202863,1
164755,0.0136082656,0.0006202863,1
164762,0.0175146917,0.0006202863,1
164773,0.0664480745,0.0006202863,1
164776,0.0020745304,0.0006202863,1
164803,0.0069419695,0.0006202863,1
164815,0.0087032286,0.0006202863,1
164826,0.0144287880,0.0006202863,1
164836,0.0025838520,0.0006202863,1
164842,0.0007999539,0.0006202863,1
164848,0.0092870360,0.0006202863,1
164898,0.0090183610,0.0006202863,1
164942,0.0090704795,0.0006202863,1
164945,0.0117007719,0.0006202863,1
164966,0.0006351285,0.0006202863,1
164970,0.0030389049,0.0006202863,1
164979,0.0057283973,0.0006202863,1
164986,0.0057283973,0.0006202863,1
164994,0.0057283973,0.0006202863,1
165027,0.0025757463,0.0006202863,1
165029,0.0267477909,0.0006202863,1
165071,0.0093314298,0.0006202863,1
165078,0.0093314298,0.0006202863,1
165084,0.0093314298,0.0006202863,1
165091,0.0008806465,0.0006202863,1
165121,0.0044708493,0.0006202863,1
165123,0.0084076635,0.0006202863,1
165128,0.0044708493,0.0006202863,1
165131,0.0007613315,0.0006202863,1
165208,0.0018336599,0.0006202863,1
165219,0.0049698794,0.0006202863,1
165248,0.0013976284,0.0006202863,1
165278,0.0149402845,0.0006202863,1
165305,0.0100313807,0.0006202863,1
165368,0.0046361346,0.0006202863,1
165373,0.0025555816,0.0006202863,1
165375,0.0046361346,0.0006202863,1
165386,0.0046361346,0.0006202863,1
165471,0.0011043762,0.0006202863,1
165530,0.0100313807,0.0006202863,1
165612,0.0008613238,0.0006202863,1
165629,0.0006746565,0.0006202863,1
165687,0.0009573735,0.0006202863,1
165699,0.0180942567,0.0006202863,1
165719,0.0013976284,0.0006202863,1
165739,0.0060096753,0.0006202863,1
165769,0.0317651003,0.0006202863,1
165776,0.0149077137,0.0006202863,1
165787,0.0093708638,0.0006202863,1
165798,0.0093708638,0.0006202863,1
165806,0.0093708638,0.0006202863,1
165813,0.0093708638,0.0006202863,1
165819,0.0093708638,0.0006202863,1
165823,0.0060620212,0.0006202863,1
165829,0.0011583464,0.0006202863,1
165837,0.0060096753,0.0006202863,1
165843,0.0706258784,0.0006202863,1
165845,0.0077861482,0.0006202863,1
165846,0.0006687359,0.0006202863,1
165861,0.0093708638,0.0006202863,1
165865,0.0013976284,0.0006202863,1
165869,0.0093708638,0.0006202863,1
165890,0.0034396185,0.0006202863,1
165928,0.0016878146,0.0006202863,1
165933,0.0016878146,0.0006202863,1
165940,0.0016878146,0.0006202863,1
165947,0.0016878146,0.0006202863,1
165954,0.0016878154,0.0006202863,1
165961,0.0016878154,0.0006202863,1
165965,0.0013997085,0.0006202863,1
165968,0.0016878154,0.0006202863,1
165974,0.0016878087,0.0006202863,1
165977,0.0006844591,0.0006202863,1
166054,0.0231221593,0.0006202863,1
166113,0.0040666634,0.0006202863,1
166124,0.0088351195,0.0006202863,1
166143,0.0011783973,0.0006202863,1
166156,0.0047624707,0.0006202863,1
166169,0.0006210703,0.0006202863,1
166196,0.0240237994,0.0006202863,1
166200,0.0059202661,0.0006202863,1
166208,0.0010735946,0.0006202863,1
166246,0.0060353400,0.0006202863,1
166300,0.0020895252,0.0006202863,1
166307,0.0193231080,0.0006202863,1
166322,0.0239946796,0.0006202863,1
166333,0.0006938468,0.0006202863,1
166349,0.0106349897,0.0006202863,1
166359,0.0006323380,0.0006202863,1
166385,0.0106349897,0.0006202863,1
166391,0.0106349897,0.0006202863,1
166392,0.0018224765,0.0006202863,1
166461,0.0141345522,0.0006202863,1
166468,0.0027227326,0.0006202863,1
166507,0.0007385250,0.0006202863,1
166535,0.0194263255,0.0006202863,1
166554,0.0060377723,0.0006202863,1
166584,0.0009059900,0.0006202863,1
166585,0.0010800687,0.0006202863,1
166590,0.0009059900,0.0006202863,1
166591,0.0009045569,0.0006202863,1
166596,0.0009059900,0.0006202863,1
166597,0.0027429066,0.0006202863,1
166602,0.0063995877,0.0006202863,1
166610,0.0016939198,0.0006202863,1
166614,0.0015565737,0.0006202863,1
166619,0.0093708638,0.0006202863,1
166625,0.0093708638,0.0006202863,1
166630,0.0093708638,0.0006202863,1
166634,0.0007861573,0.0006202863,1
166635,0.0106349897,0.0006202863,1
166636,0.0093708638,0.0006202863,1
166640,0.0106349897,0.0006202863,1
166641,0.0007861573,0.0006202863,1
166646,0.0106349897,0.0006202863,1
166649,0.0007861573,0.0006202863,1
166654,0.0007861573,0.0006202863,1
166655,0.0106349897,0.0006202863,1
166665,0.0009059900,0.0006202863,1
166673,0.0009059900,0.0006202863,1
166694,0.0106349897,0.0006202863,1
166695,0.0007861573,0.0006202863,1
166705,0.0007861573,0.0006202863,1
166708,0.0008863882,0.0006202863,1
166719,0.0066505253,0.0006202863,1
166736,0.0027104232,0.0006202863,1
166760,0.0007919389,0.0006202863,1
166881,0.0017233697,0.0006202863,1
166886,0.0020595392,0.0006202863,1
166939,0.0066123245,0.0006202863,1
166942,0.0006622234,0.0006202863,1
166946,0.0015715084,0.0006202863,1
166969,0.0056802254,0.0006202863,1
167013,0.0051635602,0.0006202863,1
167020,0.0093448375,0.0006202863,1
167021,0.0021798527,0.0006202863,1
167031,0.0093448375,0.0006202863,1
167037,0.0093448375,0.0006202863,1
167043,0.0093448375,0.0006202863,1
167049,0.0093448375,0.0006202863,1
167055,0.0093448375,0.0006202863,1
167061,0.0093448375,0.0006202863,1
167068,0.0093448375,0.0006202863,1
167092,0.0012598601,0.0006202863,1
167109,0.0093448375,0.0006202863,1
167115,0.0093448375,0.0006202863,1
167125,0.0069176111,0.0006202863,1
167126,0.0051767628,0.0006202863,1
167131,0.0069176111,0.0006202863,1
167152,0.0047350168,0.0006202863,1
167183,0.0069176111,0.0006202863,1
167190,0.0069176111,0.0006202863,1
167197,0.0069176111,0.0006202863,1
167203,0.0069176111,0.0006202863,1
167223,0.0069176111,0.0006202863,1
167229,0.0069176111,0.0006202863,1
167232,0.0007861573,0.0006202863,1
167235,0.0069176111,0.0006202863,1
167238,0.0007861573,0.0006202863,1
167240,0.0069176111,0.0006202863,1
167244,0.0007861573,0.0006202863,1
167249,0.0085862201,0.0006202863,1
167339,0.0009808902,0.0006202863,1
167342,0.0023356862,0.0006202863,1
167350,0.0011020672,0.0006202863,1
167369,0.0106349897,0.0006202863,1
167375,0.0106349897,0.0006202863,1
167379,0.0106349897,0.0006202863,1
167383,0.0106349897,0.0006202863,1
167514,0.0059074765,0.0006202863,1
167519,0.0059074765,0.0006202863,1
167537,0.0009059900,0.0006202863,1
167543,0.0009059900,0.0006202863,1
167546,0.0006526176,0.0006202863,1
167550,0.0009059900,0.0006202863,1
167557,0.0059074765,0.0006202863,1
167576,0.0010049306,0.0006202863,1
167605,0.0007861573,0.0006202863,1
167608,0.0100751784,0.0006202863,1
167609,0.0007861573,0.0006202863,1
167613,0.0007861573,0.0006202863,1
167621,0.0007861573,0.0006202863,1
167624,0.0007861573,0.0006202863,1
167761,0.0236611404,0.0006202863,1
167815,0.0093448375,0.0006202863,1
167821,0.0093448375,0.0006202863,1
167827,0.0093448375,0.0006202863,1
167939,0.0094190983,0.0006202863,1
167943,0.0094190983,0.0006202863,1
167946,0.0094190983,0.0006202863,1
167949,0.0094190983,0.0006202863,1
167954,0.0094190983,0.0006202863,1
168005,0.0094190983,0.0006202863,1
168011,0.0094190983,0.0006202863,1
168227,0.0011665826,0.0006202863,1
168261,0.0057283973,0.0006202863,1
168367,0.0293934890,0.0006202863,1
168371,0.0013179892,0.0006202863,1
168375,0.0020967250,0.0006202863,1
168414,0.0294048310,0.0006202863,1
168431,0.0008613238,0.0006202863,1
168447,0.0014179995,0.0006202863,1
168509,0.0010293175,0.0006202863,1
168539,0.0105919978,0.0006202863,1
168567,0.0030073190,0.0006202863,1
168695,0.0007171436,0.0006202863,1
168703,0.0006773825,0.0006202863,1
168768,0.0054478622,0.0006202863,1
168780,0.0061007722,0.0006202863,1
168785,0.0094190983,0.0006202863,1
168786,0.0006742402,0.0006202863,1
168791,0.0094190983,0.0006202863,1
168796,0.0094190983,0.0006202863,1
168802,0.0094190983,0.0006202863,1
168823,0.0024360466,0.0006202863,1
168843,0.0009978149,0.0006202863,1
168863,0.0006865542,0.0006202863,1
168865,0.0094190983,0.0006202863,1
168872,0.0007626297,0.0006202863,1
168873,0.0074738022,0.0006202863,1
168874,0.0094190983,0.0006202863,1
168895,0.0028306213,0.0006202863,1
168918,0.0014002266,0.0006202863,1
168939,0.0093708638,0.0006202863,1
168945,0.0093708638,0.0006202863,1
168950,0.0093708638,0.0006202863,1
168956,0.0093708638,0.0006202863,1
168963,0.0093708638,0.0006202863,1
169079,0.0046361346,0.0006202863,1
169085,0.0046361346,0.0006202863,1
169091,0.0046361346,0.0006202863,1
169097,0.0046361346,0.0006202863,1
169105,0.0046361346,0.0006202863,1
169111,0.0046361346,0.0006202863,1
169117,0.0046361346,0.0006202863,1
169198,0.0105919978,0.0006202863,1
169204,0.0105919978,0.0006202863,1
169212,0.0080648963,0.0006202863,1
169342,0.0156096944,0.0006202863,1
169469,0.0183000448,0.0006202863,1
169484,0.0009293960,0.0006202863,1
169490,0.0009293960,0.0006202863,1
169502,0.0007040696,0.0006202863,1
169615,0.0006626200,0.0006202863,1
169668,0.0006945221,0.0006202863,1
169686,0.0194428124,0.0006202863,1
169697,0.0077531240,0.0006202863,1
169754,0.0080420240,0.0006202863,1
169760,0.0093708638,0.0006202863,1
169765,0.0093708638,0.0006202863,1
169771,0.0093708638,0.0006202863,1
169772,0.0059139872,0.0006202863,1
169783,0.0078973993,0.0006202863,1
169813,0.0093708638,0.0006202863,1
169853,0.0106349897,0.0006202863,1
169858,0.0106349897,0.0006202863,1
169860,0.0059028661,0.0006202863,1
169863,0.0106349897,0.0006202863,1
169866,0.0059028661,0.0006202863,1
169867,0.0106349897,0.0006202863,1
169873,0.0106349897,0.0006202863,1
169879,0.0106349897,0.0006202863,1
169882,0.0106349897,0.0006202863,1
169890,0.0106349897,0.0006202863,1
169893,0.0056569085,0.0006202863,1
169957,0.0058469039,0.0006202863,1
169966,0.0030783974,0.0006202863,1
169984,0.0007861573,0.0006202863,1
169989,0.0007861573,0.0006202863,1
169993,0.0007861573,0.0006202863,1
169999,0.0007861573,0.0006202863,1
170004,0.0007861573,0.0006202863,1
170008,0.0007861573,0.0006202863,1
170012,0.0007861573,0.0006202863,1
170016,0.0007861573,0.0006202863,1
170020,0.0007861573,0.0006202863,1
170047,0.0317519135,0.0006202863,1
170058,0.0006622234,0.0006202863,1
170061,0.0009059900,0.0006202863,1
170065,0.0009059900,0.0006202863,1
170070,0.0009059900,0.0006202863,1
170075,0.0009059900,0.0006202863,1
170088,0.0098514870,0.0006202863,1
170103,0.0009059900,0.0006202863,1
170115,0.0012992481,0.0006202863,1
170128,0.0009059900,0.0006202863,1
170133,0.0009059900,0.0006202863,1
170138,0.0009059900,0.0006202863,1
170142,0.0009059900,0.0006202863,1
170146,0.0009059900,0.0006202863,1
170151,0.0009059900,0.0006202863,1
170156,0.0009059900,0.0006202863,1
170161,0.0009059900,0.0006202863,1
170166,0.0009059900,0.0006202863,1
170199,0.0009059900,0.0006202863,1
170215,0.0093448375,0.0006202863,1
170222,0.0093448375,0.0006202863,1
170227,0.0093448375,0.0006202863,1
170239,0.0093448375,0.0006202863,1
170244,0.0093448375,0.0006202863,1
170270,0.0069176111,0.0006202863,1
170271,0.0093448375,0.0006202863,1
170275,0.0069176111,0.0006202863,1
170280,0.0069176111,0.0006202863,1
170282,0.0069176111,0.0006202863,1
170286,0.0069176111,0.0006202863,1
170291,0.0069176111,0.0006202863,1
170296,0.0069176111,0.0006202863,1
170311,0.0093448375,0.0006202863,1
170315,0.0093448375,0.0006202863,1
170342,0.0013976284,0.0006202863,1
170347,0.0013976284,0.0006202863,1
170390,0.0224190738,0.0006202863,1
170447,0.0008613238,0.0006202863,1
170448,0.0007127109,0.0006202863,1
170573,0.0013164760,0.0006202863,1
170627,0.0013976284,0.0006202863,1
170644,0.0185005040,0.0006202863,1
170664,0.0349327908,0.0006202863,1
170669,0.0349327908,0.0006202863,1
170709,0.0042291048,0.0006202863,1
170781,0.0094190983,0.0006202863,1
170788,0.0094190983,0.0006202863,1
170793,0.0094190983,0.0006202863,1
170801,0.0094190983,0.0006202863,1
170857,0.0019082206,0.0006202863,1
170863,0.0349327908,0.0006202863,1
170899,0.0095822548,0.0006202863,1
170902,0.0095822548,0.0006202863,1
170907,0.0095822548,0.0006202863,1
170951,0.0292642424,0.0006202863,1
171207,0.0271861291,0.0006202863,1
171218,0.0046361346,0.0006202863,1
171223,0.0046361346,0.0006202863,1
171226,0.0046361346,0.0006202863,1
171230,0.0046361346,0.0006202863,1
171234,0.0046361346,0.0006202863,1
171241,0.0046361346,0.0006202863,1
171302,0.0009293960,0.0006202863,1
171307,0.0009293960,0.0006202863,1
171312,0.0009293960,0.0006202863,1
171317,0.0009293960,0.0006202863,1
171322,0.0009293960,0.0006202863,1
171352,0.0009293960,0.0006202863,1
171356,0.0009293960,0.0006202863,1
171451,0.0006412607,0.0006202863,1
171458,0.0008183779,0.0006202863,1
171500,0.0038392249,0.0006202863,1
171541,0.0097857898,0.0006202863,1
171546,0.0097857898,0.0006202863,1
171551,0.0097857898,0.0006202863,1
171582,0.0093708638,0.0006202863,1
171586,0.0093708638,0.0006202863,1
171590,0.0093708638,0.0006202863,1
171594,0.0093708638,0.0006202863,1
171598,0.0093708638,0.0006202863,1
171603,0.0093708638,0.0006202863,1
171621,0.0007419646,0.0006202863,1
171679,0.0028434573,0.0006202863,1
171704,0.0033843855,0.0006202863,1
171713,0.0060353400,0.0006202863,1
171719,0.0094190983,0.0006202863,1
171724,0.0094190983,0.0006202863,1
171729,0.0094190983,0.0006202863,1
171734,0.0094190983,0.0006202863,1
171739,0.0094190983,0.0006202863,1
171744,0.0094190983,0.0006202863,1
171755,0.0009059900,0.0006202863,1
171760,0.0009059900,0.0006202863,1
171764,0.0009059900,0.0006202863,1
171769,0.0009059900,0.0006202863,1
171774,0.0009059900,0.0006202863,1
171777,0.0009059900,0.0006202863,1
171783,0.0009059900,0.0006202863,1
171822,0.0093448375,0.0006202863,1
171825,0.0093448375,0.0006202863,1
171829,0.0093448375,0.0006202863,1
171834,0.0093448375,0.0006202863,1
171838,0.0093448375,0.0006202863,1
171871,0.0173212274,0.0006202863,1
171919,0.0023415053,0.0006202863,1
171948,0.0006933249,0.0006202863,1
171980,0.0018067422,0.0006202863,1
171987,0.0246381315,0.0006202863,1
172001,0.0025800065,0.0006202863,1
172062,0.0094190983,0.0006202863,1
172066,0.0094190983,0.0006202863,1
172070,0.0094190983,0.0006202863,1
172075,0.0094190983,0.0006202863,1
172128,0.0105919978,0.0006202863,1
172154,0.0095822548,0.0006202863,1
172157,0.0095822548,0.0006202863,1
172169,0.0095822548,0.0006202863,1
172203,0.0104202884,0.0006202863,1
172330,0.0036091377,0.0006202863,1
172351,0.0009293960,0.0006202863,1
172357,0.0009293960,0.0006202863,1
172373,0.0009293960,0.0006202863,1
172378,0.0009293960,0.0006202863,1
172383,0.0009293960,0.0006202863,1
172388,0.0009293960,0.0006202863,1
172466,0.0097857898,0.0006202863,1
172471,0.0097857898,0.0006202863,1
172593,0.0097956525,0.0006202863,1
172627,0.0009293960,0.0006202863,1
172631,0.0009293960,0.0006202863,1
172637,0.0009293960,0.0006202863,1
172643,0.0009293960,0.0006202863,1
172664,0.0105919978,0.0006202863,1
172698,0.0009293960,0.0006202863,1
172715,0.0084489581,0.0006202863,1
172965,0.0146157512,0.0006202863,1
172967,0.0016634505,0.0006202863,1
172982,0.0006740489,0.0006202863,1
173009,0.0015477832,0.0006202863,1
173016,0.0006796834,0.0006202863,1
173029,0.0206665505,0.0006202863,1
173044,0.0183180528,0.0006202863,1
173089,0.0007289487,0.0006202863,1
173123,0.0007216431,0.0006202863,1
173138,0.0089324579,0.0006202863,1
173141,0.0089324579,0.0006202863,1
173219,0.0089324579,0.0006202863,1
173223,0.0089324579,0.0006202863,1
173351,0.0069419695,0.0006202863,1
173393,0.0010171949,0.0006202863,1
173454,0.0060620212,0.0006202863,1
173458,0.0080744480,0.0006202863,1
173462,0.0080744480,0.0006202863,1
173530,0.0033442813,0.0006202863,1
173533,0.0033442813,0.0006202863,1
173566,0.0268241850,0.0006202863,1
173674,0.0008362501,0.0006202863,1
173785,0.0036324742,0.0006202863,1
173799,0.0184550470,0.0006202863,1
173846,0.0259447077,0.0006202863,1
173904,0.0030159726,0.0006202863,1
174020,0.0037187778,0.0006202863,1
174021,0.0037187778,0.0006202863,1
174022,0.0020040989,0.0006202863,1
174048,0.0104624474,0.0006202863,1
174128,0.0100313807,0.0006202863,1
174129,0.0100313807,0.0006202863,1
174130,0.0100313807,0.0006202863,1
174140,0.0053996544,0.0006202863,1
174168,0.0054132937,0.0006202863,1
174174,0.0053811658,0.0006202863,1
174191,0.0096248787,0.0006202863,1
174192,0.0096248787,0.0006202863,1
174193,0.0096248787,0.0006202863,1
174194,0.0022879335,0.0006202863,1
174240,0.0077142892,0.0006202863,1
174317,0.0020794690,0.0006202863,1
174357,0.0006839120,0.0006202863,1
174358,0.0006839120,0.0006202863,1
174378,0.0008205482,0.0006202863,1
174379,0.0008205482,0.0006202863,1
174507,0.0185411970,0.0006202863,1
174523,0.0006696798,0.0006202863,1
174548,0.0232250246,0.0006202863,1
174674,0.0054728222,0.0006202863,1
174769,0.0349327908,0.0006202863,1
175112,0.0027773457,0.0006202863,1
175248,0.0099756390,0.0006202863,1
175277,0.0045358748,0.0006202863,1
